"SourceCollectionPath","RepositoryPath","Length","SourceSHA256","RepositorySHA256","Status"
"day04\03_GD32_Leds_Battery_Optimized3\Firmware\CMSIS\core_cm4_simd.h","projects\01_GPIO\gpio-led-sequence\course\Firmware\CMSIS\core_cm4_simd.h","22959","0C2A0C2D66C7791B82CA19D10336C96518830EF359F6BFD9DA7477BC2CBCCBBB","0C2A0C2D66C7791B82CA19D10336C96518830EF359F6BFD9DA7477BC2CBCCBBB","MATCH"
"day04\03_GD32_Leds_Battery_Optimized3\Firmware\CMSIS\core_cm4.h","projects\01_GPIO\gpio-led-sequence\course\Firmware\CMSIS\core_cm4.h","109878","4756546E1449D17B1A7DEE2F3307F2C92C9F1D669C3F5DFC3EE1DEC8AEE9A8F7","4756546E1449D17B1A7DEE2F3307F2C92C9F1D669C3F5DFC3EE1DEC8AEE9A8F7","MATCH"
"day04\03_GD32_Leds_Battery_Optimized3\Firmware\CMSIS\core_cmFunc.h","projects\01_GPIO\gpio-led-sequence\course\Firmware\CMSIS\core_cmFunc.h","15828","5075FF67C8E264B83D9B391C07C6512E26ABBC189E321DE0D8B4375476980E5E","5075FF67C8E264B83D9B391C07C6512E26ABBC189E321DE0D8B4375476980E5E","MATCH"
"day04\03_GD32_Leds_Battery_Optimized3\Firmware\CMSIS\core_cmInstr.h","projects\01_GPIO\gpio-led-sequence\course\Firmware\CMSIS\core_cmInstr.h","17205","C35DDCA16CA04646DC70ACF2D592AD9EAEAAECD8125A32ABB710069648266EB5","C35DDCA16CA04646DC70ACF2D592AD9EAEAAECD8125A32ABB710069648266EB5","MATCH"
"day04\03_GD32_Leds_Battery_Optimized3\Firmware\CMSIS\GD\GD32F4xx\Include\gd32f4xx.h","projects\01_GPIO\gpio-led-sequence\course\Firmware\CMSIS\GD\GD32F4xx\Include\gd32f4xx.h","28854","96F1F6884C9885D32DF760A385CA0B5E8E9B20C066F71B946771A00503623A62","96F1F6884C9885D32DF760A385CA0B5E8E9B20C066F71B946771A00503623A62","MATCH"
"day04\03_GD32_Leds_Battery_Optimized3\Firmware\CMSIS\GD\GD32F4xx\Include\system_gd32f4xx.h","projects\01_GPIO\gpio-led-sequence\course\Firmware\CMSIS\GD\GD32F4xx\Include\system_gd32f4xx.h","2484","98EF2DD6DD7F6D2542C4D5CA83E9869BE3630B43300CB9AB453703E4277913BD","98EF2DD6DD7F6D2542C4D5CA83E9869BE3630B43300CB9AB453703E4277913BD","MATCH"
"day04\03_GD32_Leds_Battery_Optimized3\Firmware\CMSIS\GD\GD32F4xx\Source\ARM\startup_gd32f405_425.s","projects\01_GPIO\gpio-led-sequence\course\Firmware\CMSIS\GD\GD32F4xx\Source\ARM\startup_gd32f405_425.s","21757","AEF6290F6950C0B7FB922FD12B91B3FC34ADA707A6846AA5D7A1277FDD50FBD9","AEF6290F6950C0B7FB922FD12B91B3FC34ADA707A6846AA5D7A1277FDD50FBD9","MATCH"
"day04\03_GD32_Leds_Battery_Optimized3\Firmware\CMSIS\GD\GD32F4xx\Source\ARM\startup_gd32f407_427.s","projects\01_GPIO\gpio-led-sequence\course\Firmware\CMSIS\GD\GD32F4xx\Source\ARM\startup_gd32f407_427.s","22101","65127CC1FFC7BB0C6E3AB3E1EF32C8F935D09EF4A83AC4914E089D40C39B8B5B","65127CC1FFC7BB0C6E3AB3E1EF32C8F935D09EF4A83AC4914E089D40C39B8B5B","MATCH"
"day04\03_GD32_Leds_Battery_Optimized3\Firmware\CMSIS\GD\GD32F4xx\Source\ARM\startup_gd32f450_470.s","projects\01_GPIO\gpio-led-sequence\course\Firmware\CMSIS\GD\GD32F4xx\Source\ARM\startup_gd32f450_470.s","23659","A4E9852BA47AAD025DE9645D067FAB33DDA87B8E82DEA6D77B3364F902345299","A4E9852BA47AAD025DE9645D067FAB33DDA87B8E82DEA6D77B3364F902345299","MATCH"
"day04\03_GD32_Leds_Battery_Optimized3\Firmware\CMSIS\GD\GD32F4xx\Source\IAR\startup_gd32f405_425.s","projects\01_GPIO\gpio-led-sequence\course\Firmware\CMSIS\GD\GD32F4xx\Source\IAR\startup_gd32f405_425.s","25159","70E76C6AD0182A5682773261E308008BC1102C09839605A0E058851173026836","70E76C6AD0182A5682773261E308008BC1102C09839605A0E058851173026836","MATCH"
"day04\03_GD32_Leds_Battery_Optimized3\Firmware\CMSIS\GD\GD32F4xx\Source\IAR\startup_gd32f407_427.s","projects\01_GPIO\gpio-led-sequence\course\Firmware\CMSIS\GD\GD32F4xx\Source\IAR\startup_gd32f407_427.s","25736","550D6CA54DE7F8FCB2791AAF9141666BA15978C55017FA6798BF0CA80A2864C6","550D6CA54DE7F8FCB2791AAF9141666BA15978C55017FA6798BF0CA80A2864C6","MATCH"
"day04\03_GD32_Leds_Battery_Optimized3\Firmware\CMSIS\GD\GD32F4xx\Source\IAR\startup_gd32f450_470.s","projects\01_GPIO\gpio-led-sequence\course\Firmware\CMSIS\GD\GD32F4xx\Source\IAR\startup_gd32f450_470.s","27837","EE6654F1D551C6937D014FE943342B0395A32076E5AC8DD688C600EACB9BD343","EE6654F1D551C6937D014FE943342B0395A32076E5AC8DD688C600EACB9BD343","MATCH"
"day04\03_GD32_Leds_Battery_Optimized3\Firmware\CMSIS\GD\GD32F4xx\Source\system_gd32f4xx.c","projects\01_GPIO\gpio-led-sequence\course\Firmware\CMSIS\GD\GD32F4xx\Source\system_gd32f4xx.c","36416","8F66A123756716CF74297A7B54EEC616F230CBBC37DFB60F21BF05D1BC070836","8F66A123756716CF74297A7B54EEC616F230CBBC37DFB60F21BF05D1BC070836","MATCH"
"day04\03_GD32_Leds_Battery_Optimized3\Firmware\GD32F4xx_standard_peripheral\Include\gd32f4xx_adc.h","projects\01_GPIO\gpio-led-sequence\course\Firmware\GD32F4xx_standard_peripheral\Include\gd32f4xx_adc.h","41521","D6B41E007F1EE95E5FA1B495F94924F7E6166439FBF3E9234A26B5FA6C32F1DE","D6B41E007F1EE95E5FA1B495F94924F7E6166439FBF3E9234A26B5FA6C32F1DE","MATCH"
"day04\03_GD32_Leds_Battery_Optimized3\Firmware\GD32F4xx_standard_peripheral\Include\gd32f4xx_can.h","projects\01_GPIO\gpio-led-sequence\course\Firmware\GD32F4xx_standard_peripheral\Include\gd32f4xx_can.h","54440","62A96066D7B8A1CEF45AB4092FCE5058B962050EB1C9E4B3585F0E19B9F30578","62A96066D7B8A1CEF45AB4092FCE5058B962050EB1C9E4B3585F0E19B9F30578","MATCH"
"day04\03_GD32_Leds_Battery_Optimized3\Firmware\GD32F4xx_standard_peripheral\Include\gd32f4xx_crc.h","projects\01_GPIO\gpio-led-sequence\course\Firmware\GD32F4xx_standard_peripheral\Include\gd32f4xx_crc.h","3380","4870F145AEEC968F3A7A0A5068105591E1ADEB9A37A5E47FDCC9D27D7D3AFBD6","4870F145AEEC968F3A7A0A5068105591E1ADEB9A37A5E47FDCC9D27D7D3AFBD6","MATCH"
"day04\03_GD32_Leds_Battery_Optimized3\Firmware\GD32F4xx_standard_peripheral\Include\gd32f4xx_ctc.h","projects\01_GPIO\gpio-led-sequence\course\Firmware\GD32F4xx_standard_peripheral\Include\gd32f4xx_ctc.h","11513","900AB7D5F9C585834166A58966C8D523FF91D410066D00BBED3E6522C25782D7","900AB7D5F9C585834166A58966C8D523FF91D410066D00BBED3E6522C25782D7","MATCH"
"day04\03_GD32_Leds_Battery_Optimized3\Firmware\GD32F4xx_standard_peripheral\Include\gd32f4xx_dac.h","projects\01_GPIO\gpio-led-sequence\course\Firmware\GD32F4xx_standard_peripheral\Include\gd32f4xx_dac.h","18761","86057CC0C52A32F955A12F47ABA1E4997AC2DABA13B10A686D8777579F638AFB","86057CC0C52A32F955A12F47ABA1E4997AC2DABA13B10A686D8777579F638AFB","MATCH"
"day04\03_GD32_Leds_Battery_Optimized3\Firmware\GD32F4xx_standard_peripheral\Include\gd32f4xx_dbg.h","projects\01_GPIO\gpio-led-sequence\course\Firmware\GD32F4xx_standard_peripheral\Include\gd32f4xx_dbg.h","9890","21A089B5880F1D101116BD37EAAC7A085A103901A40900E75941130D901B150E","21A089B5880F1D101116BD37EAAC7A085A103901A40900E75941130D901B150E","MATCH"
"day04\03_GD32_Leds_Battery_Optimized3\Firmware\GD32F4xx_standard_peripheral\Include\gd32f4xx_dci.h","projects\01_GPIO\gpio-led-sequence\course\Firmware\GD32F4xx_standard_peripheral\Include\gd32f4xx_dci.h","13665","787F449F0B2EBA5BBCC92B0D50899FA668CEA6ED9CCAB3960EBA0B2253CC7748","787F449F0B2EBA5BBCC92B0D50899FA668CEA6ED9CCAB3960EBA0B2253CC7748","MATCH"
"day04\03_GD32_Leds_Battery_Optimized3\Firmware\GD32F4xx_standard_peripheral\Include\gd32f4xx_dma.h","projects\01_GPIO\gpio-led-sequence\course\Firmware\GD32F4xx_standard_peripheral\Include\gd32f4xx_dma.h","32675","F358957EBF98C4C449480A088E349CDAC2716394C24FA4111DE08B06FCDC5094","F358957EBF98C4C449480A088E349CDAC2716394C24FA4111DE08B06FCDC5094","MATCH"
"day04\03_GD32_Leds_Battery_Optimized3\Firmware\GD32F4xx_standard_peripheral\Include\gd32f4xx_enet.h","projects\01_GPIO\gpio-led-sequence\course\Firmware\GD32F4xx_standard_peripheral\Include\gd32f4xx_enet.h","144084","2BDBC2BE9B0E3BA398DEEAB38021442A2CFEEDFF21FC353CF3B16C717A2CDF9B","2BDBC2BE9B0E3BA398DEEAB38021442A2CFEEDFF21FC353CF3B16C717A2CDF9B","MATCH"
"day04\03_GD32_Leds_Battery_Optimized3\Firmware\GD32F4xx_standard_peripheral\Include\gd32f4xx_exmc.h","projects\01_GPIO\gpio-led-sequence\course\Firmware\GD32F4xx_standard_peripheral\Include\gd32f4xx_exmc.h","64299","68482B678DD868085A6BE6317EEC18873D43F895936E503487E843E561A0D55E","68482B678DD868085A6BE6317EEC18873D43F895936E503487E843E561A0D55E","MATCH"
"day04\03_GD32_Leds_Battery_Optimized3\Firmware\GD32F4xx_standard_peripheral\Include\gd32f4xx_exti.h","projects\01_GPIO\gpio-led-sequence\course\Firmware\GD32F4xx_standard_peripheral\Include\gd32f4xx_exti.h","20470","705948F029F63A5995D9849A60E417D6210ECE34C8E942C76A2D4E7A2B927426","705948F029F63A5995D9849A60E417D6210ECE34C8E942C76A2D4E7A2B927426","MATCH"
"day04\03_GD32_Leds_Battery_Optimized3\Firmware\GD32F4xx_standard_peripheral\Include\gd32f4xx_fmc.h","projects\01_GPIO\gpio-led-sequence\course\Firmware\GD32F4xx_standard_peripheral\Include\gd32f4xx_fmc.h","28322","5A5D9F0B1CE1E7486206130F80048F81A6D3E9E6337BF0A4C69D4A1D5EDC9F7E","5A5D9F0B1CE1E7486206130F80048F81A6D3E9E6337BF0A4C69D4A1D5EDC9F7E","MATCH"
"day04\03_GD32_Leds_Battery_Optimized3\Firmware\GD32F4xx_standard_peripheral\Include\gd32f4xx_fwdgt.h","projects\01_GPIO\gpio-led-sequence\course\Firmware\GD32F4xx_standard_peripheral\Include\gd32f4xx_fwdgt.h","5876","04CB4EE0D6526910CF9CA8BEFC437FC6DF3FDFE09FB0BC418AB7EA5C19611A50","04CB4EE0D6526910CF9CA8BEFC437FC6DF3FDFE09FB0BC418AB7EA5C19611A50","MATCH"
"day04\03_GD32_Leds_Battery_Optimized3\Firmware\GD32F4xx_standard_peripheral\Include\gd32f4xx_gpio.h","projects\01_GPIO\gpio-led-sequence\course\Firmware\GD32F4xx_standard_peripheral\Include\gd32f4xx_gpio.h","29164","A20501A28644BF45B8E3C4AB2A7237466805C1480B06E7D6C8585296D7F08787","A20501A28644BF45B8E3C4AB2A7237466805C1480B06E7D6C8585296D7F08787","MATCH"
"day04\03_GD32_Leds_Battery_Optimized3\Firmware\GD32F4xx_standard_peripheral\Include\gd32f4xx_i2c.h","projects\01_GPIO\gpio-led-sequence\course\Firmware\GD32F4xx_standard_peripheral\Include\gd32f4xx_i2c.h","29826","6CF4053E2452263CDFCB98DA0832CE1F2F1B0380C1BEA5D4284C1DF0D5CBBB05","6CF4053E2452263CDFCB98DA0832CE1F2F1B0380C1BEA5D4284C1DF0D5CBBB05","MATCH"
"day04\03_GD32_Leds_Battery_Optimized3\Firmware\GD32F4xx_standard_peripheral\Include\gd32f4xx_ipa.h","projects\01_GPIO\gpio-led-sequence\course\Firmware\GD32F4xx_standard_peripheral\Include\gd32f4xx_ipa.h","25918","1AD22068402E09BAE4117E637ED972FCD7452751CCBE01C7829AEA7DF45AE8AE","1AD22068402E09BAE4117E637ED972FCD7452751CCBE01C7829AEA7DF45AE8AE","MATCH"
"day04\03_GD32_Leds_Battery_Optimized3\Firmware\GD32F4xx_standard_peripheral\Include\gd32f4xx_iref.h","projects\01_GPIO\gpio-led-sequence\course\Firmware\GD32F4xx_standard_peripheral\Include\gd32f4xx_iref.h","13448","D9D1E67FD4473F44B2F7E22BB78C3DFA9B5109D083AF1B0FDC63EC657B241C4A","D9D1E67FD4473F44B2F7E22BB78C3DFA9B5109D083AF1B0FDC63EC657B241C4A","MATCH"
"day04\03_GD32_Leds_Battery_Optimized3\Firmware\GD32F4xx_standard_peripheral\Include\gd32f4xx_misc.h","projects\01_GPIO\gpio-led-sequence\course\Firmware\GD32F4xx_standard_peripheral\Include\gd32f4xx_misc.h","4691","0A918F830F0200C0E806DFB50594259783E69D8ADBC27708705567F7193D35FB","0A918F830F0200C0E806DFB50594259783E69D8ADBC27708705567F7193D35FB","MATCH"
"day04\03_GD32_Leds_Battery_Optimized3\Firmware\GD32F4xx_standard_peripheral\Include\gd32f4xx_pmu.h","projects\01_GPIO\gpio-led-sequence\course\Firmware\GD32F4xx_standard_peripheral\Include\gd32f4xx_pmu.h","11878","B9A72B6E42083EFD170C0C5FBE579C5D6417F9BBF674DB36041BE96FCBD84636","B9A72B6E42083EFD170C0C5FBE579C5D6417F9BBF674DB36041BE96FCBD84636","MATCH"
"day04\03_GD32_Leds_Battery_Optimized3\Firmware\GD32F4xx_standard_peripheral\Include\gd32f4xx_rcu.h","projects\01_GPIO\gpio-led-sequence\course\Firmware\GD32F4xx_standard_peripheral\Include\gd32f4xx_rcu.h","95768","AC2B2AE653EDC89E674EDA24E1CFE8B511B73984AE0CABED3DF60BA61F8EEF08","AC2B2AE653EDC89E674EDA24E1CFE8B511B73984AE0CABED3DF60BA61F8EEF08","MATCH"
"day04\03_GD32_Leds_Battery_Optimized3\Firmware\GD32F4xx_standard_peripheral\Include\gd32f4xx_rtc.h","projects\01_GPIO\gpio-led-sequence\course\Firmware\GD32F4xx_standard_peripheral\Include\gd32f4xx_rtc.h","52407","1798B1B495683096D4491CF0F854957D2AD60612F65A801ED0E7A4BEE49FA549","1798B1B495683096D4491CF0F854957D2AD60612F65A801ED0E7A4BEE49FA549","MATCH"
"day04\03_GD32_Leds_Battery_Optimized3\Firmware\GD32F4xx_standard_peripheral\Include\gd32f4xx_sdio.h","projects\01_GPIO\gpio-led-sequence\course\Firmware\GD32F4xx_standard_peripheral\Include\gd32f4xx_sdio.h","30655","8D6813EFC565E3085611D767EA4E670E0C76A256C6F17FC93F313BCB11D0385A","8D6813EFC565E3085611D767EA4E670E0C76A256C6F17FC93F313BCB11D0385A","MATCH"
"day04\03_GD32_Leds_Battery_Optimized3\Firmware\GD32F4xx_standard_peripheral\Include\gd32f4xx_spi.h","projects\01_GPIO\gpio-led-sequence\course\Firmware\GD32F4xx_standard_peripheral\Include\gd32f4xx_spi.h","25831","4C6360C8FE58D4A38E4870BCBA17630857551D3EC7B4BD3DDEB5085C31240B1C","4C6360C8FE58D4A38E4870BCBA17630857551D3EC7B4BD3DDEB5085C31240B1C","MATCH"
"day04\03_GD32_Leds_Battery_Optimized3\Firmware\GD32F4xx_standard_peripheral\Include\gd32f4xx_syscfg.h","projects\01_GPIO\gpio-led-sequence\course\Firmware\GD32F4xx_standard_peripheral\Include\gd32f4xx_syscfg.h","11558","5060FEF0A07A3FC1396A31F09F95FE1D134F8A1FB1581E3DD98BB6078108C447","5060FEF0A07A3FC1396A31F09F95FE1D134F8A1FB1581E3DD98BB6078108C447","MATCH"
"day04\03_GD32_Leds_Battery_Optimized3\Firmware\GD32F4xx_standard_peripheral\Include\gd32f4xx_timer.h","projects\01_GPIO\gpio-led-sequence\course\Firmware\GD32F4xx_standard_peripheral\Include\gd32f4xx_timer.h","59717","7A79F81F1D862A1B49F23BFE05B1AC751A71E761B6E63C2DFFABE6C7BC69AC49","7A79F81F1D862A1B49F23BFE05B1AC751A71E761B6E63C2DFFABE6C7BC69AC49","MATCH"
"day04\03_GD32_Leds_Battery_Optimized3\Firmware\GD32F4xx_standard_peripheral\Include\gd32f4xx_tli.h","projects\01_GPIO\gpio-led-sequence\course\Firmware\GD32F4xx_standard_peripheral\Include\gd32f4xx_tli.h","23557","1B94EA157AC8CE2FED962B0C4FF95B6702C6194300AA51B04C3AAFE493768D2A","1B94EA157AC8CE2FED962B0C4FF95B6702C6194300AA51B04C3AAFE493768D2A","MATCH"
"day04\03_GD32_Leds_Battery_Optimized3\Firmware\GD32F4xx_standard_peripheral\Include\gd32f4xx_trng.h","projects\01_GPIO\gpio-led-sequence\course\Firmware\GD32F4xx_standard_peripheral\Include\gd32f4xx_trng.h","4431","91E2BB5AFFEFA65F90927FAD795FAA0F4204516284ECA38E461506F0CD9CA924","91E2BB5AFFEFA65F90927FAD795FAA0F4204516284ECA38E461506F0CD9CA924","MATCH"
"day04\03_GD32_Leds_Battery_Optimized3\Firmware\GD32F4xx_standard_peripheral\Include\gd32f4xx_usart.h","projects\01_GPIO\gpio-led-sequence\course\Firmware\GD32F4xx_standard_peripheral\Include\gd32f4xx_usart.h","31652","6CF40E957A1216C99E3663D667DE1944C42272897011834BF20ADCD97E791074","6CF40E957A1216C99E3663D667DE1944C42272897011834BF20ADCD97E791074","MATCH"
"day04\03_GD32_Leds_Battery_Optimized3\Firmware\GD32F4xx_standard_peripheral\Include\gd32f4xx_wwdgt.h","projects\01_GPIO\gpio-led-sequence\course\Firmware\GD32F4xx_standard_peripheral\Include\gd32f4xx_wwdgt.h","4561","01EECFC98B4507AEB8F0AFBE7D994EA0A617A79E5D4EB2D1D4A85979BA014EFE","01EECFC98B4507AEB8F0AFBE7D994EA0A617A79E5D4EB2D1D4A85979BA014EFE","MATCH"
"day04\03_GD32_Leds_Battery_Optimized3\Firmware\GD32F4xx_standard_peripheral\Source\gd32f4xx_adc.c","projects\01_GPIO\gpio-led-sequence\course\Firmware\GD32F4xx_standard_peripheral\Source\gd32f4xx_adc.c","49331","8A5C91EC7A397B53EFD086646674D273ECE00F36C9610AB50715FE1521BA4112","8A5C91EC7A397B53EFD086646674D273ECE00F36C9610AB50715FE1521BA4112","MATCH"
"day04\03_GD32_Leds_Battery_Optimized3\Firmware\GD32F4xx_standard_peripheral\Source\gd32f4xx_can.c","projects\01_GPIO\gpio-led-sequence\course\Firmware\GD32F4xx_standard_peripheral\Source\gd32f4xx_can.c","40297","CE0E343B00856972EABACCC1F4D88C051796A8D1E30C4596312FC29A533DB8BA","CE0E343B00856972EABACCC1F4D88C051796A8D1E30C4596312FC29A533DB8BA","MATCH"
"day04\03_GD32_Leds_Battery_Optimized3\Firmware\GD32F4xx_standard_peripheral\Source\gd32f4xx_crc.c","projects\01_GPIO\gpio-led-sequence\course\Firmware\GD32F4xx_standard_peripheral\Source\gd32f4xx_crc.c","3904","C14034159E72E082AA70E2A8CBA60FFCF950B63D75AE467706632F32EC00F315","C14034159E72E082AA70E2A8CBA60FFCF950B63D75AE467706632F32EC00F315","MATCH"
"day04\03_GD32_Leds_Battery_Optimized3\Firmware\GD32F4xx_standard_peripheral\Source\gd32f4xx_ctc.c","projects\01_GPIO\gpio-led-sequence\course\Firmware\GD32F4xx_standard_peripheral\Source\gd32f4xx_ctc.c","12892","07F4A6385C6FFB2E18ECF95DAAE6A431FB91262FA988835A249A64F4002280A1","07F4A6385C6FFB2E18ECF95DAAE6A431FB91262FA988835A249A64F4002280A1","MATCH"
"day04\03_GD32_Leds_Battery_Optimized3\Firmware\GD32F4xx_standard_peripheral\Source\gd32f4xx_dac.c","projects\01_GPIO\gpio-led-sequence\course\Firmware\GD32F4xx_standard_peripheral\Source\gd32f4xx_dac.c","22641","ACE5C99F1E2774D955CA4E4D5D6E81B2D831F718098487EA3E8C2C34C960E160","ACE5C99F1E2774D955CA4E4D5D6E81B2D831F718098487EA3E8C2C34C960E160","MATCH"
"day04\03_GD32_Leds_Battery_Optimized3\Firmware\GD32F4xx_standard_peripheral\Source\gd32f4xx_dbg.c","projects\01_GPIO\gpio-led-sequence\course\Firmware\GD32F4xx_standard_peripheral\Source\gd32f4xx_dbg.c","7772","6EEC659FD6B5C549226BAE8E9C9C78785B064D557434189BB221287D550FE291","6EEC659FD6B5C549226BAE8E9C9C78785B064D557434189BB221287D550FE291","MATCH"
"day04\03_GD32_Leds_Battery_Optimized3\Firmware\GD32F4xx_standard_peripheral\Source\gd32f4xx_dci.c","projects\01_GPIO\gpio-led-sequence\course\Firmware\GD32F4xx_standard_peripheral\Source\gd32f4xx_dci.c","10290","B99613D9A21A02DD39117F30B9A488B859209AB3489DCFDE7361D147CDF76516","B99613D9A21A02DD39117F30B9A488B859209AB3489DCFDE7361D147CDF76516","MATCH"
"day04\03_GD32_Leds_Battery_Optimized3\Firmware\GD32F4xx_standard_peripheral\Source\gd32f4xx_dma.c","projects\01_GPIO\gpio-led-sequence\course\Firmware\GD32F4xx_standard_peripheral\Source\gd32f4xx_dma.c","36449","2D943A169ABABCC22CBC6C41665F5CE375C30B63005954E1D34BB3218CB63FAF","2D943A169ABABCC22CBC6C41665F5CE375C30B63005954E1D34BB3218CB63FAF","MATCH"
"day04\03_GD32_Leds_Battery_Optimized3\Firmware\GD32F4xx_standard_peripheral\Source\gd32f4xx_enet.c","projects\01_GPIO\gpio-led-sequence\course\Firmware\GD32F4xx_standard_peripheral\Source\gd32f4xx_enet.c","151999","3051E8737C463D23D07B9C9AD937BC7C488BB573738B2313982870DAA670E87E","3051E8737C463D23D07B9C9AD937BC7C488BB573738B2313982870DAA670E87E","MATCH"
"day04\03_GD32_Leds_Battery_Optimized3\Firmware\GD32F4xx_standard_peripheral\Source\gd32f4xx_exmc.c","projects\01_GPIO\gpio-led-sequence\course\Firmware\GD32F4xx_standard_peripheral\Source\gd32f4xx_exmc.c","57117","E4A79B377C89D9EB8BD5BE101E273AD5EFBA0C2A24FB4621AB7BC124BEEEAEBF","E4A79B377C89D9EB8BD5BE101E273AD5EFBA0C2A24FB4621AB7BC124BEEEAEBF","MATCH"
"day04\03_GD32_Leds_Battery_Optimized3\Firmware\GD32F4xx_standard_peripheral\Source\gd32f4xx_exti.c","projects\01_GPIO\gpio-led-sequence\course\Firmware\GD32F4xx_standard_peripheral\Source\gd32f4xx_exti.c","8423","FCE4A7ECA93486D71A9E5758642F2282AE7F8805DBB559312837A0B17577FE58","FCE4A7ECA93486D71A9E5758642F2282AE7F8805DBB559312837A0B17577FE58","MATCH"
"day04\03_GD32_Leds_Battery_Optimized3\Firmware\GD32F4xx_standard_peripheral\Source\gd32f4xx_fmc.c","projects\01_GPIO\gpio-led-sequence\course\Firmware\GD32F4xx_standard_peripheral\Source\gd32f4xx_fmc.c","34852","15408829D2405432FC8ED73D5D8C6BBB1E6C74540F1B817983BABD62E22CAB16","15408829D2405432FC8ED73D5D8C6BBB1E6C74540F1B817983BABD62E22CAB16","MATCH"
"day04\03_GD32_Leds_Battery_Optimized3\Firmware\GD32F4xx_standard_peripheral\Source\gd32f4xx_fwdgt.c","projects\01_GPIO\gpio-led-sequence\course\Firmware\GD32F4xx_standard_peripheral\Source\gd32f4xx_fwdgt.c","7007","05B67D15069CED6F0472E4115ECD16064402E0D6220561499000025A8CD189B7","05B67D15069CED6F0472E4115ECD16064402E0D6220561499000025A8CD189B7","MATCH"
"day04\03_GD32_Leds_Battery_Optimized3\Firmware\GD32F4xx_standard_peripheral\Source\gd32f4xx_gpio.c","projects\01_GPIO\gpio-led-sequence\course\Firmware\GD32F4xx_standard_peripheral\Source\gd32f4xx_gpio.c","15061","262BEFE864D5DA3BADA64D0B3DAB29E5C2747E46B154EDE8BCAB0B788DB614E0","262BEFE864D5DA3BADA64D0B3DAB29E5C2747E46B154EDE8BCAB0B788DB614E0","MATCH"
"day04\03_GD32_Leds_Battery_Optimized3\Firmware\GD32F4xx_standard_peripheral\Source\gd32f4xx_i2c.c","projects\01_GPIO\gpio-led-sequence\course\Firmware\GD32F4xx_standard_peripheral\Source\gd32f4xx_i2c.c","30805","8EDFAF1A8F0BF2833923D0072FE1B9D0467382B3EC1D243E918D0DE9711CCCD2","8EDFAF1A8F0BF2833923D0072FE1B9D0467382B3EC1D243E918D0DE9711CCCD2","MATCH"
"day04\03_GD32_Leds_Battery_Optimized3\Firmware\GD32F4xx_standard_peripheral\Source\gd32f4xx_ipa.c","projects\01_GPIO\gpio-led-sequence\course\Firmware\GD32F4xx_standard_peripheral\Source\gd32f4xx_ipa.c","26662","38A8350304763C1C83B4D2341F6782B090CA09ABE541AC360089B5CB454BCF57","38A8350304763C1C83B4D2341F6782B090CA09ABE541AC360089B5CB454BCF57","MATCH"
"day04\03_GD32_Leds_Battery_Optimized3\Firmware\GD32F4xx_standard_peripheral\Source\gd32f4xx_iref.c","projects\01_GPIO\gpio-led-sequence\course\Firmware\GD32F4xx_standard_peripheral\Source\gd32f4xx_iref.c","3544","24F2FCFCD20882FD3E65773A281A827BF5391A0A8054324EEF7C98BB3F2B9B80","24F2FCFCD20882FD3E65773A281A827BF5391A0A8054324EEF7C98BB3F2B9B80","MATCH"
"day04\03_GD32_Leds_Battery_Optimized3\Firmware\GD32F4xx_standard_peripheral\Source\gd32f4xx_misc.c","projects\01_GPIO\gpio-led-sequence\course\Firmware\GD32F4xx_standard_peripheral\Source\gd32f4xx_misc.c","7136","1CD262F295155428C25DEDC69BFBAB99F7A99DE09E0B602ECA1F2C6017CFE2DA","1CD262F295155428C25DEDC69BFBAB99F7A99DE09E0B602ECA1F2C6017CFE2DA","MATCH"
"day04\03_GD32_Leds_Battery_Optimized3\Firmware\GD32F4xx_standard_peripheral\Source\gd32f4xx_pmu.c","projects\01_GPIO\gpio-led-sequence\course\Firmware\GD32F4xx_standard_peripheral\Source\gd32f4xx_pmu.c","11909","DAFA94838A55132E3313234C5AC2BE6172116DC26574347363D554EFFB186D79","DAFA94838A55132E3313234C5AC2BE6172116DC26574347363D554EFFB186D79","MATCH"
"day04\03_GD32_Leds_Battery_Optimized3\Firmware\GD32F4xx_standard_peripheral\Source\gd32f4xx_rcu.c","projects\01_GPIO\gpio-led-sequence\course\Firmware\GD32F4xx_standard_peripheral\Source\gd32f4xx_rcu.c","50047","6C1030EB58EC7CB9C41E2A1FF31DDEF87F70DD083222327978234004C4E95B98","6C1030EB58EC7CB9C41E2A1FF31DDEF87F70DD083222327978234004C4E95B98","MATCH"
"day04\03_GD32_Leds_Battery_Optimized3\Firmware\GD32F4xx_standard_peripheral\Source\gd32f4xx_rtc.c","projects\01_GPIO\gpio-led-sequence\course\Firmware\GD32F4xx_standard_peripheral\Source\gd32f4xx_rtc.c","46946","EEA5BCB92C88A7BAB9F3740F8E9408236412A546B03A5467F21B0F94A01183E7","EEA5BCB92C88A7BAB9F3740F8E9408236412A546B03A5467F21B0F94A01183E7","MATCH"
"day04\03_GD32_Leds_Battery_Optimized3\Firmware\GD32F4xx_standard_peripheral\Source\gd32f4xx_sdio.c","projects\01_GPIO\gpio-led-sequence\course\Firmware\GD32F4xx_standard_peripheral\Source\gd32f4xx_sdio.c","28412","9D8F3E488C74C44A30C4D0BBB9CD8D86555D898CA9C36F259CE57609959B9854","9D8F3E488C74C44A30C4D0BBB9CD8D86555D898CA9C36F259CE57609959B9854","MATCH"
"day04\03_GD32_Leds_Battery_Optimized3\Firmware\GD32F4xx_standard_peripheral\Source\gd32f4xx_spi.c","projects\01_GPIO\gpio-led-sequence\course\Firmware\GD32F4xx_standard_peripheral\Source\gd32f4xx_spi.c","30670","CE06438E9AD5882A0FCA88DFE658DD925ED3320BA574C2797E2F93ACF6142459","CE06438E9AD5882A0FCA88DFE658DD925ED3320BA574C2797E2F93ACF6142459","MATCH"
"day04\03_GD32_Leds_Battery_Optimized3\Firmware\GD32F4xx_standard_peripheral\Source\gd32f4xx_syscfg.c","projects\01_GPIO\gpio-led-sequence\course\Firmware\GD32F4xx_standard_peripheral\Source\gd32f4xx_syscfg.c","7949","51A7A5E70F3064424CC6E2F6A06942B47ADAAC8C36A6612EE08B1643557B3CA3","51A7A5E70F3064424CC6E2F6A06942B47ADAAC8C36A6612EE08B1643557B3CA3","MATCH"
"day04\03_GD32_Leds_Battery_Optimized3\Firmware\GD32F4xx_standard_peripheral\Source\gd32f4xx_timer.c","projects\01_GPIO\gpio-led-sequence\course\Firmware\GD32F4xx_standard_peripheral\Source\gd32f4xx_timer.c","89361","3961465CF6BA39554E34C02183C50676A4AB9B3991A6AAD32D271754B2506B14","3961465CF6BA39554E34C02183C50676A4AB9B3991A6AAD32D271754B2506B14","MATCH"
"day04\03_GD32_Leds_Battery_Optimized3\Firmware\GD32F4xx_standard_peripheral\Source\gd32f4xx_tli.c","projects\01_GPIO\gpio-led-sequence\course\Firmware\GD32F4xx_standard_peripheral\Source\gd32f4xx_tli.c","24645","881A02E692AFD4A0B6848A929B0B8C79148911AD7543CF611287C45E82372541","881A02E692AFD4A0B6848A929B0B8C79148911AD7543CF611287C45E82372541","MATCH"
"day04\03_GD32_Leds_Battery_Optimized3\Firmware\GD32F4xx_standard_peripheral\Source\gd32f4xx_trng.c","projects\01_GPIO\gpio-led-sequence\course\Firmware\GD32F4xx_standard_peripheral\Source\gd32f4xx_trng.c","4471","BA9093D046A01C997AA54D2DE9F663E8AF32FB9E53C950CFC640F1033FCD6C53","BA9093D046A01C997AA54D2DE9F663E8AF32FB9E53C950CFC640F1033FCD6C53","MATCH"
"day04\03_GD32_Leds_Battery_Optimized3\Firmware\GD32F4xx_standard_peripheral\Source\gd32f4xx_usart.c","projects\01_GPIO\gpio-led-sequence\course\Firmware\GD32F4xx_standard_peripheral\Source\gd32f4xx_usart.c","34715","F67FA54D9C9537317BE92D95FD880A394D9ABE98DF708E5AA821FBFA392AE9B0","F67FA54D9C9537317BE92D95FD880A394D9ABE98DF708E5AA821FBFA392AE9B0","MATCH"
"day04\03_GD32_Leds_Battery_Optimized3\Firmware\GD32F4xx_standard_peripheral\Source\gd32f4xx_wwdgt.c","projects\01_GPIO\gpio-led-sequence\course\Firmware\GD32F4xx_standard_peripheral\Source\gd32f4xx_wwdgt.c","4154","0ED39DE6F0101E10DDCB476E6EF21C44D2282D4F689D0D0D70F9E04940E6F0FE","0ED39DE6F0101E10DDCB476E6EF21C44D2282D4F689D0D0D70F9E04940E6F0FE","MATCH"
"day04\03_GD32_Leds_Battery_Optimized3\Hardware\bsp_battery_led.c","projects\01_GPIO\gpio-led-sequence\course\Hardware\bsp_battery_led.c","3635","02AEAED73C68DC18628E0595F96B929E4EE95C21CE3BB2ACA1F515766BF37ADA","02AEAED73C68DC18628E0595F96B929E4EE95C21CE3BB2ACA1F515766BF37ADA","MATCH"
"day04\03_GD32_Leds_Battery_Optimized3\Hardware\bsp_battery_led.h","projects\01_GPIO\gpio-led-sequence\course\Hardware\bsp_battery_led.h","488","EA26035BB606D2DE6A80E6EB1406E0590204E16B4C7DA1291FCFA4616743FA46","EA26035BB606D2DE6A80E6EB1406E0590204E16B4C7DA1291FCFA4616743FA46","MATCH"
"day04\03_GD32_Leds_Battery_Optimized3\Hardware\bsp_keys.c","projects\01_GPIO\gpio-led-sequence\course\Hardware\bsp_keys.c","1860","0D89265BBDDDD423B7AD77825D281CC9E0FF5250D9F105F41568D058BE0A3567","0D89265BBDDDD423B7AD77825D281CC9E0FF5250D9F105F41568D058BE0A3567","MATCH"
"day04\03_GD32_Leds_Battery_Optimized3\Hardware\bsp_keys.h","projects\01_GPIO\gpio-led-sequence\course\Hardware\bsp_keys.h","215","B94B90C15253C527CF00977348FCCCF4118222434CD656AB9450F70694A69874","B94B90C15253C527CF00977348FCCCF4118222434CD656AB9450F70694A69874","MATCH"
"day04\03_GD32_Leds_Battery_Optimized3\Project\GD32F407.uvprojx","projects\01_GPIO\gpio-led-sequence\course\Project\GD32F407.uvprojx","16720","594D43DE4B6C8AE1BE2E9036CBCD96F5E9E5B58A25B7633128BE388AB7D326F3","594D43DE4B6C8AE1BE2E9036CBCD96F5E9E5B58A25B7633128BE388AB7D326F3","MATCH"
"day04\03_GD32_Leds_Battery_Optimized3\User\gd32f4xx_it.c","projects\01_GPIO\gpio-led-sequence\course\User\gd32f4xx_it.c","4342","C10B6A3D804DB69F2E1471609F97EB1DFE044FD8B0FCAEE7C84A9C9CD86E4027","C10B6A3D804DB69F2E1471609F97EB1DFE044FD8B0FCAEE7C84A9C9CD86E4027","MATCH"
"day04\03_GD32_Leds_Battery_Optimized3\User\gd32f4xx_it.h","projects\01_GPIO\gpio-led-sequence\course\User\gd32f4xx_it.h","2524","B4995762AE5CEB7125CC9720CEA7E2BAD8640C23B87ED1856D9B8A380A5FC8C3","B4995762AE5CEB7125CC9720CEA7E2BAD8640C23B87ED1856D9B8A380A5FC8C3","MATCH"
"day04\03_GD32_Leds_Battery_Optimized3\User\gd32f4xx_libopt.h","projects\01_GPIO\gpio-led-sequence\course\User\gd32f4xx_libopt.h","2917","702C6D85987BCDDDD363A8412C5806255F6C746065DA984EB21896C5DDD6BF09","702C6D85987BCDDDD363A8412C5806255F6C746065DA984EB21896C5DDD6BF09","MATCH"
"day04\03_GD32_Leds_Battery_Optimized3\User\main.c","projects\01_GPIO\gpio-led-sequence\course\User\main.c","1752","66397AD712E36FB2A6C74E8F1038F5B2FF396C9B777369FEFE8239A6447D3B72","66397AD712E36FB2A6C74E8F1038F5B2FF396C9B777369FEFE8239A6447D3B72","MATCH"
"day04\03_GD32_Leds_Battery_Optimized3\User\main.h","projects\01_GPIO\gpio-led-sequence\course\User\main.h","1814","32C273B119ABF22DA51E2782C09853A1545B1DF1364A13EFFA2B465379E1A53C","32C273B119ABF22DA51E2782C09853A1545B1DF1364A13EFFA2B465379E1A53C","MATCH"
"day04\03_GD32_Leds_Battery_Optimized3\User\readme.txt","projects\01_GPIO\gpio-led-sequence\course\User\readme.txt","1862","A45BD1E14D470B46BE2D57C9D35147E41204556CC4BB4E25EA3C7B6B424A0B7C","A45BD1E14D470B46BE2D57C9D35147E41204556CC4BB4E25EA3C7B6B424A0B7C","MATCH"
"day04\03_GD32_Leds_Battery_Optimized3\User\systick.c","projects\01_GPIO\gpio-led-sequence\course\User\systick.c","2628","B05C7C51330BA194B5F37DEC3E718F6E7E33BBE293BD48D4AF17AB407F2D1793","B05C7C51330BA194B5F37DEC3E718F6E7E33BBE293BD48D4AF17AB407F2D1793","MATCH"
"day04\03_GD32_Leds_Battery_Optimized3\User\systick.h","projects\01_GPIO\gpio-led-sequence\course\User\systick.h","2003","0B164DD708DE01A6D16EC7BF45FB0A8E99B7CD387F5EAEDAC03E679515C04B39","0B164DD708DE01A6D16EC7BF45FB0A8E99B7CD387F5EAEDAC03E679515C04B39","MATCH"
"day05\07_EXTI_Library\Firmware\CMSIS\core_cm4_simd.h","projects\02_INTERRUPT\exti-callback\course\Firmware\CMSIS\core_cm4_simd.h","22959","0C2A0C2D66C7791B82CA19D10336C96518830EF359F6BFD9DA7477BC2CBCCBBB","0C2A0C2D66C7791B82CA19D10336C96518830EF359F6BFD9DA7477BC2CBCCBBB","MATCH"
"day05\07_EXTI_Library\Firmware\CMSIS\core_cm4.h","projects\02_INTERRUPT\exti-callback\course\Firmware\CMSIS\core_cm4.h","109878","4756546E1449D17B1A7DEE2F3307F2C92C9F1D669C3F5DFC3EE1DEC8AEE9A8F7","4756546E1449D17B1A7DEE2F3307F2C92C9F1D669C3F5DFC3EE1DEC8AEE9A8F7","MATCH"
"day05\07_EXTI_Library\Firmware\CMSIS\core_cmFunc.h","projects\02_INTERRUPT\exti-callback\course\Firmware\CMSIS\core_cmFunc.h","15828","5075FF67C8E264B83D9B391C07C6512E26ABBC189E321DE0D8B4375476980E5E","5075FF67C8E264B83D9B391C07C6512E26ABBC189E321DE0D8B4375476980E5E","MATCH"
"day05\07_EXTI_Library\Firmware\CMSIS\core_cmInstr.h","projects\02_INTERRUPT\exti-callback\course\Firmware\CMSIS\core_cmInstr.h","17205","C35DDCA16CA04646DC70ACF2D592AD9EAEAAECD8125A32ABB710069648266EB5","C35DDCA16CA04646DC70ACF2D592AD9EAEAAECD8125A32ABB710069648266EB5","MATCH"
"day05\07_EXTI_Library\Firmware\CMSIS\GD\GD32F4xx\Include\gd32f4xx.h","projects\02_INTERRUPT\exti-callback\course\Firmware\CMSIS\GD\GD32F4xx\Include\gd32f4xx.h","28854","96F1F6884C9885D32DF760A385CA0B5E8E9B20C066F71B946771A00503623A62","96F1F6884C9885D32DF760A385CA0B5E8E9B20C066F71B946771A00503623A62","MATCH"
"day05\07_EXTI_Library\Firmware\CMSIS\GD\GD32F4xx\Include\system_gd32f4xx.h","projects\02_INTERRUPT\exti-callback\course\Firmware\CMSIS\GD\GD32F4xx\Include\system_gd32f4xx.h","2484","98EF2DD6DD7F6D2542C4D5CA83E9869BE3630B43300CB9AB453703E4277913BD","98EF2DD6DD7F6D2542C4D5CA83E9869BE3630B43300CB9AB453703E4277913BD","MATCH"
"day05\07_EXTI_Library\Firmware\CMSIS\GD\GD32F4xx\Source\ARM\startup_gd32f405_425.s","projects\02_INTERRUPT\exti-callback\course\Firmware\CMSIS\GD\GD32F4xx\Source\ARM\startup_gd32f405_425.s","21757","AEF6290F6950C0B7FB922FD12B91B3FC34ADA707A6846AA5D7A1277FDD50FBD9","AEF6290F6950C0B7FB922FD12B91B3FC34ADA707A6846AA5D7A1277FDD50FBD9","MATCH"
"day05\07_EXTI_Library\Firmware\CMSIS\GD\GD32F4xx\Source\ARM\startup_gd32f407_427.s","projects\02_INTERRUPT\exti-callback\course\Firmware\CMSIS\GD\GD32F4xx\Source\ARM\startup_gd32f407_427.s","22101","65127CC1FFC7BB0C6E3AB3E1EF32C8F935D09EF4A83AC4914E089D40C39B8B5B","65127CC1FFC7BB0C6E3AB3E1EF32C8F935D09EF4A83AC4914E089D40C39B8B5B","MATCH"
"day05\07_EXTI_Library\Firmware\CMSIS\GD\GD32F4xx\Source\ARM\startup_gd32f450_470.s","projects\02_INTERRUPT\exti-callback\course\Firmware\CMSIS\GD\GD32F4xx\Source\ARM\startup_gd32f450_470.s","23659","A4E9852BA47AAD025DE9645D067FAB33DDA87B8E82DEA6D77B3364F902345299","A4E9852BA47AAD025DE9645D067FAB33DDA87B8E82DEA6D77B3364F902345299","MATCH"
"day05\07_EXTI_Library\Firmware\CMSIS\GD\GD32F4xx\Source\IAR\startup_gd32f405_425.s","projects\02_INTERRUPT\exti-callback\course\Firmware\CMSIS\GD\GD32F4xx\Source\IAR\startup_gd32f405_425.s","25159","70E76C6AD0182A5682773261E308008BC1102C09839605A0E058851173026836","70E76C6AD0182A5682773261E308008BC1102C09839605A0E058851173026836","MATCH"
"day05\07_EXTI_Library\Firmware\CMSIS\GD\GD32F4xx\Source\IAR\startup_gd32f407_427.s","projects\02_INTERRUPT\exti-callback\course\Firmware\CMSIS\GD\GD32F4xx\Source\IAR\startup_gd32f407_427.s","25736","550D6CA54DE7F8FCB2791AAF9141666BA15978C55017FA6798BF0CA80A2864C6","550D6CA54DE7F8FCB2791AAF9141666BA15978C55017FA6798BF0CA80A2864C6","MATCH"
"day05\07_EXTI_Library\Firmware\CMSIS\GD\GD32F4xx\Source\IAR\startup_gd32f450_470.s","projects\02_INTERRUPT\exti-callback\course\Firmware\CMSIS\GD\GD32F4xx\Source\IAR\startup_gd32f450_470.s","27837","EE6654F1D551C6937D014FE943342B0395A32076E5AC8DD688C600EACB9BD343","EE6654F1D551C6937D014FE943342B0395A32076E5AC8DD688C600EACB9BD343","MATCH"
"day05\07_EXTI_Library\Firmware\CMSIS\GD\GD32F4xx\Source\system_gd32f4xx.c","projects\02_INTERRUPT\exti-callback\course\Firmware\CMSIS\GD\GD32F4xx\Source\system_gd32f4xx.c","36416","8F66A123756716CF74297A7B54EEC616F230CBBC37DFB60F21BF05D1BC070836","8F66A123756716CF74297A7B54EEC616F230CBBC37DFB60F21BF05D1BC070836","MATCH"
"day05\07_EXTI_Library\Firmware\GD32F4xx_standard_peripheral\Include\gd32f4xx_adc.h","projects\02_INTERRUPT\exti-callback\course\Firmware\GD32F4xx_standard_peripheral\Include\gd32f4xx_adc.h","41521","D6B41E007F1EE95E5FA1B495F94924F7E6166439FBF3E9234A26B5FA6C32F1DE","D6B41E007F1EE95E5FA1B495F94924F7E6166439FBF3E9234A26B5FA6C32F1DE","MATCH"
"day05\07_EXTI_Library\Firmware\GD32F4xx_standard_peripheral\Include\gd32f4xx_can.h","projects\02_INTERRUPT\exti-callback\course\Firmware\GD32F4xx_standard_peripheral\Include\gd32f4xx_can.h","54440","62A96066D7B8A1CEF45AB4092FCE5058B962050EB1C9E4B3585F0E19B9F30578","62A96066D7B8A1CEF45AB4092FCE5058B962050EB1C9E4B3585F0E19B9F30578","MATCH"
"day05\07_EXTI_Library\Firmware\GD32F4xx_standard_peripheral\Include\gd32f4xx_crc.h","projects\02_INTERRUPT\exti-callback\course\Firmware\GD32F4xx_standard_peripheral\Include\gd32f4xx_crc.h","3380","4870F145AEEC968F3A7A0A5068105591E1ADEB9A37A5E47FDCC9D27D7D3AFBD6","4870F145AEEC968F3A7A0A5068105591E1ADEB9A37A5E47FDCC9D27D7D3AFBD6","MATCH"
"day05\07_EXTI_Library\Firmware\GD32F4xx_standard_peripheral\Include\gd32f4xx_ctc.h","projects\02_INTERRUPT\exti-callback\course\Firmware\GD32F4xx_standard_peripheral\Include\gd32f4xx_ctc.h","11513","900AB7D5F9C585834166A58966C8D523FF91D410066D00BBED3E6522C25782D7","900AB7D5F9C585834166A58966C8D523FF91D410066D00BBED3E6522C25782D7","MATCH"
"day05\07_EXTI_Library\Firmware\GD32F4xx_standard_peripheral\Include\gd32f4xx_dac.h","projects\02_INTERRUPT\exti-callback\course\Firmware\GD32F4xx_standard_peripheral\Include\gd32f4xx_dac.h","18761","86057CC0C52A32F955A12F47ABA1E4997AC2DABA13B10A686D8777579F638AFB","86057CC0C52A32F955A12F47ABA1E4997AC2DABA13B10A686D8777579F638AFB","MATCH"
"day05\07_EXTI_Library\Firmware\GD32F4xx_standard_peripheral\Include\gd32f4xx_dbg.h","projects\02_INTERRUPT\exti-callback\course\Firmware\GD32F4xx_standard_peripheral\Include\gd32f4xx_dbg.h","9890","21A089B5880F1D101116BD37EAAC7A085A103901A40900E75941130D901B150E","21A089B5880F1D101116BD37EAAC7A085A103901A40900E75941130D901B150E","MATCH"
"day05\07_EXTI_Library\Firmware\GD32F4xx_standard_peripheral\Include\gd32f4xx_dci.h","projects\02_INTERRUPT\exti-callback\course\Firmware\GD32F4xx_standard_peripheral\Include\gd32f4xx_dci.h","13665","787F449F0B2EBA5BBCC92B0D50899FA668CEA6ED9CCAB3960EBA0B2253CC7748","787F449F0B2EBA5BBCC92B0D50899FA668CEA6ED9CCAB3960EBA0B2253CC7748","MATCH"
"day05\07_EXTI_Library\Firmware\GD32F4xx_standard_peripheral\Include\gd32f4xx_dma.h","projects\02_INTERRUPT\exti-callback\course\Firmware\GD32F4xx_standard_peripheral\Include\gd32f4xx_dma.h","32675","F358957EBF98C4C449480A088E349CDAC2716394C24FA4111DE08B06FCDC5094","F358957EBF98C4C449480A088E349CDAC2716394C24FA4111DE08B06FCDC5094","MATCH"
"day05\07_EXTI_Library\Firmware\GD32F4xx_standard_peripheral\Include\gd32f4xx_enet.h","projects\02_INTERRUPT\exti-callback\course\Firmware\GD32F4xx_standard_peripheral\Include\gd32f4xx_enet.h","144084","2BDBC2BE9B0E3BA398DEEAB38021442A2CFEEDFF21FC353CF3B16C717A2CDF9B","2BDBC2BE9B0E3BA398DEEAB38021442A2CFEEDFF21FC353CF3B16C717A2CDF9B","MATCH"
"day05\07_EXTI_Library\Firmware\GD32F4xx_standard_peripheral\Include\gd32f4xx_exmc.h","projects\02_INTERRUPT\exti-callback\course\Firmware\GD32F4xx_standard_peripheral\Include\gd32f4xx_exmc.h","64299","68482B678DD868085A6BE6317EEC18873D43F895936E503487E843E561A0D55E","68482B678DD868085A6BE6317EEC18873D43F895936E503487E843E561A0D55E","MATCH"
"day05\07_EXTI_Library\Firmware\GD32F4xx_standard_peripheral\Include\gd32f4xx_exti.h","projects\02_INTERRUPT\exti-callback\course\Firmware\GD32F4xx_standard_peripheral\Include\gd32f4xx_exti.h","20470","705948F029F63A5995D9849A60E417D6210ECE34C8E942C76A2D4E7A2B927426","705948F029F63A5995D9849A60E417D6210ECE34C8E942C76A2D4E7A2B927426","MATCH"
"day05\07_EXTI_Library\Firmware\GD32F4xx_standard_peripheral\Include\gd32f4xx_fmc.h","projects\02_INTERRUPT\exti-callback\course\Firmware\GD32F4xx_standard_peripheral\Include\gd32f4xx_fmc.h","28322","5A5D9F0B1CE1E7486206130F80048F81A6D3E9E6337BF0A4C69D4A1D5EDC9F7E","5A5D9F0B1CE1E7486206130F80048F81A6D3E9E6337BF0A4C69D4A1D5EDC9F7E","MATCH"
"day05\07_EXTI_Library\Firmware\GD32F4xx_standard_peripheral\Include\gd32f4xx_fwdgt.h","projects\02_INTERRUPT\exti-callback\course\Firmware\GD32F4xx_standard_peripheral\Include\gd32f4xx_fwdgt.h","5876","04CB4EE0D6526910CF9CA8BEFC437FC6DF3FDFE09FB0BC418AB7EA5C19611A50","04CB4EE0D6526910CF9CA8BEFC437FC6DF3FDFE09FB0BC418AB7EA5C19611A50","MATCH"
"day05\07_EXTI_Library\Firmware\GD32F4xx_standard_peripheral\Include\gd32f4xx_gpio.h","projects\02_INTERRUPT\exti-callback\course\Firmware\GD32F4xx_standard_peripheral\Include\gd32f4xx_gpio.h","29164","A20501A28644BF45B8E3C4AB2A7237466805C1480B06E7D6C8585296D7F08787","A20501A28644BF45B8E3C4AB2A7237466805C1480B06E7D6C8585296D7F08787","MATCH"
"day05\07_EXTI_Library\Firmware\GD32F4xx_standard_peripheral\Include\gd32f4xx_i2c.h","projects\02_INTERRUPT\exti-callback\course\Firmware\GD32F4xx_standard_peripheral\Include\gd32f4xx_i2c.h","29826","6CF4053E2452263CDFCB98DA0832CE1F2F1B0380C1BEA5D4284C1DF0D5CBBB05","6CF4053E2452263CDFCB98DA0832CE1F2F1B0380C1BEA5D4284C1DF0D5CBBB05","MATCH"
"day05\07_EXTI_Library\Firmware\GD32F4xx_standard_peripheral\Include\gd32f4xx_ipa.h","projects\02_INTERRUPT\exti-callback\course\Firmware\GD32F4xx_standard_peripheral\Include\gd32f4xx_ipa.h","25918","1AD22068402E09BAE4117E637ED972FCD7452751CCBE01C7829AEA7DF45AE8AE","1AD22068402E09BAE4117E637ED972FCD7452751CCBE01C7829AEA7DF45AE8AE","MATCH"
"day05\07_EXTI_Library\Firmware\GD32F4xx_standard_peripheral\Include\gd32f4xx_iref.h","projects\02_INTERRUPT\exti-callback\course\Firmware\GD32F4xx_standard_peripheral\Include\gd32f4xx_iref.h","13448","D9D1E67FD4473F44B2F7E22BB78C3DFA9B5109D083AF1B0FDC63EC657B241C4A","D9D1E67FD4473F44B2F7E22BB78C3DFA9B5109D083AF1B0FDC63EC657B241C4A","MATCH"
"day05\07_EXTI_Library\Firmware\GD32F4xx_standard_peripheral\Include\gd32f4xx_misc.h","projects\02_INTERRUPT\exti-callback\course\Firmware\GD32F4xx_standard_peripheral\Include\gd32f4xx_misc.h","4691","0A918F830F0200C0E806DFB50594259783E69D8ADBC27708705567F7193D35FB","0A918F830F0200C0E806DFB50594259783E69D8ADBC27708705567F7193D35FB","MATCH"
"day05\07_EXTI_Library\Firmware\GD32F4xx_standard_peripheral\Include\gd32f4xx_pmu.h","projects\02_INTERRUPT\exti-callback\course\Firmware\GD32F4xx_standard_peripheral\Include\gd32f4xx_pmu.h","11878","B9A72B6E42083EFD170C0C5FBE579C5D6417F9BBF674DB36041BE96FCBD84636","B9A72B6E42083EFD170C0C5FBE579C5D6417F9BBF674DB36041BE96FCBD84636","MATCH"
"day05\07_EXTI_Library\Firmware\GD32F4xx_standard_peripheral\Include\gd32f4xx_rcu.h","projects\02_INTERRUPT\exti-callback\course\Firmware\GD32F4xx_standard_peripheral\Include\gd32f4xx_rcu.h","95768","AC2B2AE653EDC89E674EDA24E1CFE8B511B73984AE0CABED3DF60BA61F8EEF08","AC2B2AE653EDC89E674EDA24E1CFE8B511B73984AE0CABED3DF60BA61F8EEF08","MATCH"
"day05\07_EXTI_Library\Firmware\GD32F4xx_standard_peripheral\Include\gd32f4xx_rtc.h","projects\02_INTERRUPT\exti-callback\course\Firmware\GD32F4xx_standard_peripheral\Include\gd32f4xx_rtc.h","52407","1798B1B495683096D4491CF0F854957D2AD60612F65A801ED0E7A4BEE49FA549","1798B1B495683096D4491CF0F854957D2AD60612F65A801ED0E7A4BEE49FA549","MATCH"
"day05\07_EXTI_Library\Firmware\GD32F4xx_standard_peripheral\Include\gd32f4xx_sdio.h","projects\02_INTERRUPT\exti-callback\course\Firmware\GD32F4xx_standard_peripheral\Include\gd32f4xx_sdio.h","30655","8D6813EFC565E3085611D767EA4E670E0C76A256C6F17FC93F313BCB11D0385A","8D6813EFC565E3085611D767EA4E670E0C76A256C6F17FC93F313BCB11D0385A","MATCH"
"day05\07_EXTI_Library\Firmware\GD32F4xx_standard_peripheral\Include\gd32f4xx_spi.h","projects\02_INTERRUPT\exti-callback\course\Firmware\GD32F4xx_standard_peripheral\Include\gd32f4xx_spi.h","25831","4C6360C8FE58D4A38E4870BCBA17630857551D3EC7B4BD3DDEB5085C31240B1C","4C6360C8FE58D4A38E4870BCBA17630857551D3EC7B4BD3DDEB5085C31240B1C","MATCH"
"day05\07_EXTI_Library\Firmware\GD32F4xx_standard_peripheral\Include\gd32f4xx_syscfg.h","projects\02_INTERRUPT\exti-callback\course\Firmware\GD32F4xx_standard_peripheral\Include\gd32f4xx_syscfg.h","11558","5060FEF0A07A3FC1396A31F09F95FE1D134F8A1FB1581E3DD98BB6078108C447","5060FEF0A07A3FC1396A31F09F95FE1D134F8A1FB1581E3DD98BB6078108C447","MATCH"
"day05\07_EXTI_Library\Firmware\GD32F4xx_standard_peripheral\Include\gd32f4xx_timer.h","projects\02_INTERRUPT\exti-callback\course\Firmware\GD32F4xx_standard_peripheral\Include\gd32f4xx_timer.h","59717","7A79F81F1D862A1B49F23BFE05B1AC751A71E761B6E63C2DFFABE6C7BC69AC49","7A79F81F1D862A1B49F23BFE05B1AC751A71E761B6E63C2DFFABE6C7BC69AC49","MATCH"
"day05\07_EXTI_Library\Firmware\GD32F4xx_standard_peripheral\Include\gd32f4xx_tli.h","projects\02_INTERRUPT\exti-callback\course\Firmware\GD32F4xx_standard_peripheral\Include\gd32f4xx_tli.h","23557","1B94EA157AC8CE2FED962B0C4FF95B6702C6194300AA51B04C3AAFE493768D2A","1B94EA157AC8CE2FED962B0C4FF95B6702C6194300AA51B04C3AAFE493768D2A","MATCH"
"day05\07_EXTI_Library\Firmware\GD32F4xx_standard_peripheral\Include\gd32f4xx_trng.h","projects\02_INTERRUPT\exti-callback\course\Firmware\GD32F4xx_standard_peripheral\Include\gd32f4xx_trng.h","4431","91E2BB5AFFEFA65F90927FAD795FAA0F4204516284ECA38E461506F0CD9CA924","91E2BB5AFFEFA65F90927FAD795FAA0F4204516284ECA38E461506F0CD9CA924","MATCH"
"day05\07_EXTI_Library\Firmware\GD32F4xx_standard_peripheral\Include\gd32f4xx_usart.h","projects\02_INTERRUPT\exti-callback\course\Firmware\GD32F4xx_standard_peripheral\Include\gd32f4xx_usart.h","31652","6CF40E957A1216C99E3663D667DE1944C42272897011834BF20ADCD97E791074","6CF40E957A1216C99E3663D667DE1944C42272897011834BF20ADCD97E791074","MATCH"
"day05\07_EXTI_Library\Firmware\GD32F4xx_standard_peripheral\Include\gd32f4xx_wwdgt.h","projects\02_INTERRUPT\exti-callback\course\Firmware\GD32F4xx_standard_peripheral\Include\gd32f4xx_wwdgt.h","4561","01EECFC98B4507AEB8F0AFBE7D994EA0A617A79E5D4EB2D1D4A85979BA014EFE","01EECFC98B4507AEB8F0AFBE7D994EA0A617A79E5D4EB2D1D4A85979BA014EFE","MATCH"
"day05\07_EXTI_Library\Firmware\GD32F4xx_standard_peripheral\Source\gd32f4xx_adc.c","projects\02_INTERRUPT\exti-callback\course\Firmware\GD32F4xx_standard_peripheral\Source\gd32f4xx_adc.c","49331","8A5C91EC7A397B53EFD086646674D273ECE00F36C9610AB50715FE1521BA4112","8A5C91EC7A397B53EFD086646674D273ECE00F36C9610AB50715FE1521BA4112","MATCH"
"day05\07_EXTI_Library\Firmware\GD32F4xx_standard_peripheral\Source\gd32f4xx_can.c","projects\02_INTERRUPT\exti-callback\course\Firmware\GD32F4xx_standard_peripheral\Source\gd32f4xx_can.c","40297","CE0E343B00856972EABACCC1F4D88C051796A8D1E30C4596312FC29A533DB8BA","CE0E343B00856972EABACCC1F4D88C051796A8D1E30C4596312FC29A533DB8BA","MATCH"
"day05\07_EXTI_Library\Firmware\GD32F4xx_standard_peripheral\Source\gd32f4xx_crc.c","projects\02_INTERRUPT\exti-callback\course\Firmware\GD32F4xx_standard_peripheral\Source\gd32f4xx_crc.c","3904","C14034159E72E082AA70E2A8CBA60FFCF950B63D75AE467706632F32EC00F315","C14034159E72E082AA70E2A8CBA60FFCF950B63D75AE467706632F32EC00F315","MATCH"
"day05\07_EXTI_Library\Firmware\GD32F4xx_standard_peripheral\Source\gd32f4xx_ctc.c","projects\02_INTERRUPT\exti-callback\course\Firmware\GD32F4xx_standard_peripheral\Source\gd32f4xx_ctc.c","12892","07F4A6385C6FFB2E18ECF95DAAE6A431FB91262FA988835A249A64F4002280A1","07F4A6385C6FFB2E18ECF95DAAE6A431FB91262FA988835A249A64F4002280A1","MATCH"
"day05\07_EXTI_Library\Firmware\GD32F4xx_standard_peripheral\Source\gd32f4xx_dac.c","projects\02_INTERRUPT\exti-callback\course\Firmware\GD32F4xx_standard_peripheral\Source\gd32f4xx_dac.c","22641","ACE5C99F1E2774D955CA4E4D5D6E81B2D831F718098487EA3E8C2C34C960E160","ACE5C99F1E2774D955CA4E4D5D6E81B2D831F718098487EA3E8C2C34C960E160","MATCH"
"day05\07_EXTI_Library\Firmware\GD32F4xx_standard_peripheral\Source\gd32f4xx_dbg.c","projects\02_INTERRUPT\exti-callback\course\Firmware\GD32F4xx_standard_peripheral\Source\gd32f4xx_dbg.c","7772","6EEC659FD6B5C549226BAE8E9C9C78785B064D557434189BB221287D550FE291","6EEC659FD6B5C549226BAE8E9C9C78785B064D557434189BB221287D550FE291","MATCH"
"day05\07_EXTI_Library\Firmware\GD32F4xx_standard_peripheral\Source\gd32f4xx_dci.c","projects\02_INTERRUPT\exti-callback\course\Firmware\GD32F4xx_standard_peripheral\Source\gd32f4xx_dci.c","10290","B99613D9A21A02DD39117F30B9A488B859209AB3489DCFDE7361D147CDF76516","B99613D9A21A02DD39117F30B9A488B859209AB3489DCFDE7361D147CDF76516","MATCH"
"day05\07_EXTI_Library\Firmware\GD32F4xx_standard_peripheral\Source\gd32f4xx_dma.c","projects\02_INTERRUPT\exti-callback\course\Firmware\GD32F4xx_standard_peripheral\Source\gd32f4xx_dma.c","36449","2D943A169ABABCC22CBC6C41665F5CE375C30B63005954E1D34BB3218CB63FAF","2D943A169ABABCC22CBC6C41665F5CE375C30B63005954E1D34BB3218CB63FAF","MATCH"
"day05\07_EXTI_Library\Firmware\GD32F4xx_standard_peripheral\Source\gd32f4xx_enet.c","projects\02_INTERRUPT\exti-callback\course\Firmware\GD32F4xx_standard_peripheral\Source\gd32f4xx_enet.c","151999","3051E8737C463D23D07B9C9AD937BC7C488BB573738B2313982870DAA670E87E","3051E8737C463D23D07B9C9AD937BC7C488BB573738B2313982870DAA670E87E","MATCH"
"day05\07_EXTI_Library\Firmware\GD32F4xx_standard_peripheral\Source\gd32f4xx_exmc.c","projects\02_INTERRUPT\exti-callback\course\Firmware\GD32F4xx_standard_peripheral\Source\gd32f4xx_exmc.c","57117","E4A79B377C89D9EB8BD5BE101E273AD5EFBA0C2A24FB4621AB7BC124BEEEAEBF","E4A79B377C89D9EB8BD5BE101E273AD5EFBA0C2A24FB4621AB7BC124BEEEAEBF","MATCH"
"day05\07_EXTI_Library\Firmware\GD32F4xx_standard_peripheral\Source\gd32f4xx_exti.c","projects\02_INTERRUPT\exti-callback\course\Firmware\GD32F4xx_standard_peripheral\Source\gd32f4xx_exti.c","8423","FCE4A7ECA93486D71A9E5758642F2282AE7F8805DBB559312837A0B17577FE58","FCE4A7ECA93486D71A9E5758642F2282AE7F8805DBB559312837A0B17577FE58","MATCH"
"day05\07_EXTI_Library\Firmware\GD32F4xx_standard_peripheral\Source\gd32f4xx_fmc.c","projects\02_INTERRUPT\exti-callback\course\Firmware\GD32F4xx_standard_peripheral\Source\gd32f4xx_fmc.c","34852","15408829D2405432FC8ED73D5D8C6BBB1E6C74540F1B817983BABD62E22CAB16","15408829D2405432FC8ED73D5D8C6BBB1E6C74540F1B817983BABD62E22CAB16","MATCH"
"day05\07_EXTI_Library\Firmware\GD32F4xx_standard_peripheral\Source\gd32f4xx_fwdgt.c","projects\02_INTERRUPT\exti-callback\course\Firmware\GD32F4xx_standard_peripheral\Source\gd32f4xx_fwdgt.c","7007","05B67D15069CED6F0472E4115ECD16064402E0D6220561499000025A8CD189B7","05B67D15069CED6F0472E4115ECD16064402E0D6220561499000025A8CD189B7","MATCH"
"day05\07_EXTI_Library\Firmware\GD32F4xx_standard_peripheral\Source\gd32f4xx_gpio.c","projects\02_INTERRUPT\exti-callback\course\Firmware\GD32F4xx_standard_peripheral\Source\gd32f4xx_gpio.c","15061","262BEFE864D5DA3BADA64D0B3DAB29E5C2747E46B154EDE8BCAB0B788DB614E0","262BEFE864D5DA3BADA64D0B3DAB29E5C2747E46B154EDE8BCAB0B788DB614E0","MATCH"
"day05\07_EXTI_Library\Firmware\GD32F4xx_standard_peripheral\Source\gd32f4xx_i2c.c","projects\02_INTERRUPT\exti-callback\course\Firmware\GD32F4xx_standard_peripheral\Source\gd32f4xx_i2c.c","30805","8EDFAF1A8F0BF2833923D0072FE1B9D0467382B3EC1D243E918D0DE9711CCCD2","8EDFAF1A8F0BF2833923D0072FE1B9D0467382B3EC1D243E918D0DE9711CCCD2","MATCH"
"day05\07_EXTI_Library\Firmware\GD32F4xx_standard_peripheral\Source\gd32f4xx_ipa.c","projects\02_INTERRUPT\exti-callback\course\Firmware\GD32F4xx_standard_peripheral\Source\gd32f4xx_ipa.c","26662","38A8350304763C1C83B4D2341F6782B090CA09ABE541AC360089B5CB454BCF57","38A8350304763C1C83B4D2341F6782B090CA09ABE541AC360089B5CB454BCF57","MATCH"
"day05\07_EXTI_Library\Firmware\GD32F4xx_standard_peripheral\Source\gd32f4xx_iref.c","projects\02_INTERRUPT\exti-callback\course\Firmware\GD32F4xx_standard_peripheral\Source\gd32f4xx_iref.c","3544","24F2FCFCD20882FD3E65773A281A827BF5391A0A8054324EEF7C98BB3F2B9B80","24F2FCFCD20882FD3E65773A281A827BF5391A0A8054324EEF7C98BB3F2B9B80","MATCH"
"day05\07_EXTI_Library\Firmware\GD32F4xx_standard_peripheral\Source\gd32f4xx_misc.c","projects\02_INTERRUPT\exti-callback\course\Firmware\GD32F4xx_standard_peripheral\Source\gd32f4xx_misc.c","7136","1CD262F295155428C25DEDC69BFBAB99F7A99DE09E0B602ECA1F2C6017CFE2DA","1CD262F295155428C25DEDC69BFBAB99F7A99DE09E0B602ECA1F2C6017CFE2DA","MATCH"
"day05\07_EXTI_Library\Firmware\GD32F4xx_standard_peripheral\Source\gd32f4xx_pmu.c","projects\02_INTERRUPT\exti-callback\course\Firmware\GD32F4xx_standard_peripheral\Source\gd32f4xx_pmu.c","11909","DAFA94838A55132E3313234C5AC2BE6172116DC26574347363D554EFFB186D79","DAFA94838A55132E3313234C5AC2BE6172116DC26574347363D554EFFB186D79","MATCH"
"day05\07_EXTI_Library\Firmware\GD32F4xx_standard_peripheral\Source\gd32f4xx_rcu.c","projects\02_INTERRUPT\exti-callback\course\Firmware\GD32F4xx_standard_peripheral\Source\gd32f4xx_rcu.c","50047","6C1030EB58EC7CB9C41E2A1FF31DDEF87F70DD083222327978234004C4E95B98","6C1030EB58EC7CB9C41E2A1FF31DDEF87F70DD083222327978234004C4E95B98","MATCH"
"day05\07_EXTI_Library\Firmware\GD32F4xx_standard_peripheral\Source\gd32f4xx_rtc.c","projects\02_INTERRUPT\exti-callback\course\Firmware\GD32F4xx_standard_peripheral\Source\gd32f4xx_rtc.c","46946","EEA5BCB92C88A7BAB9F3740F8E9408236412A546B03A5467F21B0F94A01183E7","EEA5BCB92C88A7BAB9F3740F8E9408236412A546B03A5467F21B0F94A01183E7","MATCH"
"day05\07_EXTI_Library\Firmware\GD32F4xx_standard_peripheral\Source\gd32f4xx_sdio.c","projects\02_INTERRUPT\exti-callback\course\Firmware\GD32F4xx_standard_peripheral\Source\gd32f4xx_sdio.c","28412","9D8F3E488C74C44A30C4D0BBB9CD8D86555D898CA9C36F259CE57609959B9854","9D8F3E488C74C44A30C4D0BBB9CD8D86555D898CA9C36F259CE57609959B9854","MATCH"
"day05\07_EXTI_Library\Firmware\GD32F4xx_standard_peripheral\Source\gd32f4xx_spi.c","projects\02_INTERRUPT\exti-callback\course\Firmware\GD32F4xx_standard_peripheral\Source\gd32f4xx_spi.c","30670","CE06438E9AD5882A0FCA88DFE658DD925ED3320BA574C2797E2F93ACF6142459","CE06438E9AD5882A0FCA88DFE658DD925ED3320BA574C2797E2F93ACF6142459","MATCH"
"day05\07_EXTI_Library\Firmware\GD32F4xx_standard_peripheral\Source\gd32f4xx_syscfg.c","projects\02_INTERRUPT\exti-callback\course\Firmware\GD32F4xx_standard_peripheral\Source\gd32f4xx_syscfg.c","7949","51A7A5E70F3064424CC6E2F6A06942B47ADAAC8C36A6612EE08B1643557B3CA3","51A7A5E70F3064424CC6E2F6A06942B47ADAAC8C36A6612EE08B1643557B3CA3","MATCH"
"day05\07_EXTI_Library\Firmware\GD32F4xx_standard_peripheral\Source\gd32f4xx_timer.c","projects\02_INTERRUPT\exti-callback\course\Firmware\GD32F4xx_standard_peripheral\Source\gd32f4xx_timer.c","89361","3961465CF6BA39554E34C02183C50676A4AB9B3991A6AAD32D271754B2506B14","3961465CF6BA39554E34C02183C50676A4AB9B3991A6AAD32D271754B2506B14","MATCH"
"day05\07_EXTI_Library\Firmware\GD32F4xx_standard_peripheral\Source\gd32f4xx_tli.c","projects\02_INTERRUPT\exti-callback\course\Firmware\GD32F4xx_standard_peripheral\Source\gd32f4xx_tli.c","24645","881A02E692AFD4A0B6848A929B0B8C79148911AD7543CF611287C45E82372541","881A02E692AFD4A0B6848A929B0B8C79148911AD7543CF611287C45E82372541","MATCH"
"day05\07_EXTI_Library\Firmware\GD32F4xx_standard_peripheral\Source\gd32f4xx_trng.c","projects\02_INTERRUPT\exti-callback\course\Firmware\GD32F4xx_standard_peripheral\Source\gd32f4xx_trng.c","4471","BA9093D046A01C997AA54D2DE9F663E8AF32FB9E53C950CFC640F1033FCD6C53","BA9093D046A01C997AA54D2DE9F663E8AF32FB9E53C950CFC640F1033FCD6C53","MATCH"
"day05\07_EXTI_Library\Firmware\GD32F4xx_standard_peripheral\Source\gd32f4xx_usart.c","projects\02_INTERRUPT\exti-callback\course\Firmware\GD32F4xx_standard_peripheral\Source\gd32f4xx_usart.c","34715","F67FA54D9C9537317BE92D95FD880A394D9ABE98DF708E5AA821FBFA392AE9B0","F67FA54D9C9537317BE92D95FD880A394D9ABE98DF708E5AA821FBFA392AE9B0","MATCH"
"day05\07_EXTI_Library\Firmware\GD32F4xx_standard_peripheral\Source\gd32f4xx_wwdgt.c","projects\02_INTERRUPT\exti-callback\course\Firmware\GD32F4xx_standard_peripheral\Source\gd32f4xx_wwdgt.c","4154","0ED39DE6F0101E10DDCB476E6EF21C44D2282D4F689D0D0D70F9E04940E6F0FE","0ED39DE6F0101E10DDCB476E6EF21C44D2282D4F689D0D0D70F9E04940E6F0FE","MATCH"
"day05\07_EXTI_Library\Library\EXTI_config.h","projects\02_INTERRUPT\exti-callback\course\Library\EXTI_config.h","1634","4436F4CADD254B0ED3E65C08CE593EC5367340B8A5D615B5AF7182B35BDB7064","4436F4CADD254B0ED3E65C08CE593EC5367340B8A5D615B5AF7182B35BDB7064","MATCH"
"day05\07_EXTI_Library\Library\EXTI.c","projects\02_INTERRUPT\exti-callback\course\Library\EXTI.c","3132","528D0B3C2AC1F1661095497895FDB15FF878723CF351D28F3D3EE13F79DF8AE2","528D0B3C2AC1F1661095497895FDB15FF878723CF351D28F3D3EE13F79DF8AE2","MATCH"
"day05\07_EXTI_Library\Library\EXTI.h","projects\02_INTERRUPT\exti-callback\course\Library\EXTI.h","246","63711925072BE76CE24B295341905A97BDD73234E1EFB33A28A0CEC82E3CD6C2","63711925072BE76CE24B295341905A97BDD73234E1EFB33A28A0CEC82E3CD6C2","MATCH"
"day05\07_EXTI_Library\Library\USART0.c","projects\02_INTERRUPT\exti-callback\course\Library\USART0.c","4328","58DDB868F5B8B8274B8BB5F031BD3BFC0161FD4078D4ADB02930CCCB1757E6BE","58DDB868F5B8B8274B8BB5F031BD3BFC0161FD4078D4ADB02930CCCB1757E6BE","MATCH"
"day05\07_EXTI_Library\Library\USART0.h","projects\02_INTERRUPT\exti-callback\course\Library\USART0.h","674","370DBD11A4B2414EBE574A2AA33972A7AA47E1F8E9EF372B652F4C4B66846E22","370DBD11A4B2414EBE574A2AA33972A7AA47E1F8E9EF372B652F4C4B66846E22","MATCH"
"day05\07_EXTI_Library\Project\GD32F407.uvprojx","projects\02_INTERRUPT\exti-callback\course\Project\GD32F407.uvprojx","17936","36DB0799F32521A848FDF11BB3332F7F7DF0CF391AB986CFBEA229E26E9400DD","36DB0799F32521A848FDF11BB3332F7F7DF0CF391AB986CFBEA229E26E9400DD","MATCH"
"day05\07_EXTI_Library\User\gd32f4xx_it.c","projects\02_INTERRUPT\exti-callback\course\User\gd32f4xx_it.c","3980","5BE8E65B392A41354E513056974D1869598AF02739A7CE6419E611D6AA3979C6","5BE8E65B392A41354E513056974D1869598AF02739A7CE6419E611D6AA3979C6","MATCH"
"day05\07_EXTI_Library\User\gd32f4xx_it.h","projects\02_INTERRUPT\exti-callback\course\User\gd32f4xx_it.h","2524","B4995762AE5CEB7125CC9720CEA7E2BAD8640C23B87ED1856D9B8A380A5FC8C3","B4995762AE5CEB7125CC9720CEA7E2BAD8640C23B87ED1856D9B8A380A5FC8C3","MATCH"
"day05\07_EXTI_Library\User\gd32f4xx_libopt.h","projects\02_INTERRUPT\exti-callback\course\User\gd32f4xx_libopt.h","2917","702C6D85987BCDDDD363A8412C5806255F6C746065DA984EB21896C5DDD6BF09","702C6D85987BCDDDD363A8412C5806255F6C746065DA984EB21896C5DDD6BF09","MATCH"
"day05\07_EXTI_Library\User\main.c","projects\02_INTERRUPT\exti-callback\course\User\main.c","1365","00B5AD516C14B46CCEFAAA464C9DAF772F141AA371C2532D51429AA36DF15DAE","00B5AD516C14B46CCEFAAA464C9DAF772F141AA371C2532D51429AA36DF15DAE","MATCH"
"day05\07_EXTI_Library\User\main.h","projects\02_INTERRUPT\exti-callback\course\User\main.h","1814","32C273B119ABF22DA51E2782C09853A1545B1DF1364A13EFFA2B465379E1A53C","32C273B119ABF22DA51E2782C09853A1545B1DF1364A13EFFA2B465379E1A53C","MATCH"
"day05\07_EXTI_Library\User\readme.txt","projects\02_INTERRUPT\exti-callback\course\User\readme.txt","1862","A45BD1E14D470B46BE2D57C9D35147E41204556CC4BB4E25EA3C7B6B424A0B7C","A45BD1E14D470B46BE2D57C9D35147E41204556CC4BB4E25EA3C7B6B424A0B7C","MATCH"
"day05\07_EXTI_Library\User\systick.c","projects\02_INTERRUPT\exti-callback\course\User\systick.c","2835","3BFDC9D654AEE46AFAE59529984C667193CD9098D01115CFB80DB9AC96D37E14","3BFDC9D654AEE46AFAE59529984C667193CD9098D01115CFB80DB9AC96D37E14","MATCH"
"day05\07_EXTI_Library\User\systick.h","projects\02_INTERRUPT\exti-callback\course\User\systick.h","2034","E74F1981340E6162CCE52F39F73009B1570EFB7F024410652F494E77997DA025","E74F1981340E6162CCE52F39F73009B1570EFB7F024410652F494E77997DA025","MATCH"
"day07\02_Timer_Library_Buzzer\Firmware\CMSIS\core_cm4_simd.h","projects\03_TIMER_PWM\timer-pwm-buzzer\course\Firmware\CMSIS\core_cm4_simd.h","22959","0C2A0C2D66C7791B82CA19D10336C96518830EF359F6BFD9DA7477BC2CBCCBBB","0C2A0C2D66C7791B82CA19D10336C96518830EF359F6BFD9DA7477BC2CBCCBBB","MATCH"
"day07\02_Timer_Library_Buzzer\Firmware\CMSIS\core_cm4.h","projects\03_TIMER_PWM\timer-pwm-buzzer\course\Firmware\CMSIS\core_cm4.h","109878","4756546E1449D17B1A7DEE2F3307F2C92C9F1D669C3F5DFC3EE1DEC8AEE9A8F7","4756546E1449D17B1A7DEE2F3307F2C92C9F1D669C3F5DFC3EE1DEC8AEE9A8F7","MATCH"
"day07\02_Timer_Library_Buzzer\Firmware\CMSIS\core_cmFunc.h","projects\03_TIMER_PWM\timer-pwm-buzzer\course\Firmware\CMSIS\core_cmFunc.h","15828","5075FF67C8E264B83D9B391C07C6512E26ABBC189E321DE0D8B4375476980E5E","5075FF67C8E264B83D9B391C07C6512E26ABBC189E321DE0D8B4375476980E5E","MATCH"
"day07\02_Timer_Library_Buzzer\Firmware\CMSIS\core_cmInstr.h","projects\03_TIMER_PWM\timer-pwm-buzzer\course\Firmware\CMSIS\core_cmInstr.h","17205","C35DDCA16CA04646DC70ACF2D592AD9EAEAAECD8125A32ABB710069648266EB5","C35DDCA16CA04646DC70ACF2D592AD9EAEAAECD8125A32ABB710069648266EB5","MATCH"
"day07\02_Timer_Library_Buzzer\Firmware\CMSIS\GD\GD32F4xx\Include\gd32f4xx.h","projects\03_TIMER_PWM\timer-pwm-buzzer\course\Firmware\CMSIS\GD\GD32F4xx\Include\gd32f4xx.h","28854","96F1F6884C9885D32DF760A385CA0B5E8E9B20C066F71B946771A00503623A62","96F1F6884C9885D32DF760A385CA0B5E8E9B20C066F71B946771A00503623A62","MATCH"
"day07\02_Timer_Library_Buzzer\Firmware\CMSIS\GD\GD32F4xx\Include\system_gd32f4xx.h","projects\03_TIMER_PWM\timer-pwm-buzzer\course\Firmware\CMSIS\GD\GD32F4xx\Include\system_gd32f4xx.h","2484","98EF2DD6DD7F6D2542C4D5CA83E9869BE3630B43300CB9AB453703E4277913BD","98EF2DD6DD7F6D2542C4D5CA83E9869BE3630B43300CB9AB453703E4277913BD","MATCH"
"day07\02_Timer_Library_Buzzer\Firmware\CMSIS\GD\GD32F4xx\Source\ARM\startup_gd32f405_425.s","projects\03_TIMER_PWM\timer-pwm-buzzer\course\Firmware\CMSIS\GD\GD32F4xx\Source\ARM\startup_gd32f405_425.s","21757","AEF6290F6950C0B7FB922FD12B91B3FC34ADA707A6846AA5D7A1277FDD50FBD9","AEF6290F6950C0B7FB922FD12B91B3FC34ADA707A6846AA5D7A1277FDD50FBD9","MATCH"
"day07\02_Timer_Library_Buzzer\Firmware\CMSIS\GD\GD32F4xx\Source\ARM\startup_gd32f407_427.s","projects\03_TIMER_PWM\timer-pwm-buzzer\course\Firmware\CMSIS\GD\GD32F4xx\Source\ARM\startup_gd32f407_427.s","22101","65127CC1FFC7BB0C6E3AB3E1EF32C8F935D09EF4A83AC4914E089D40C39B8B5B","65127CC1FFC7BB0C6E3AB3E1EF32C8F935D09EF4A83AC4914E089D40C39B8B5B","MATCH"
"day07\02_Timer_Library_Buzzer\Firmware\CMSIS\GD\GD32F4xx\Source\ARM\startup_gd32f450_470.s","projects\03_TIMER_PWM\timer-pwm-buzzer\course\Firmware\CMSIS\GD\GD32F4xx\Source\ARM\startup_gd32f450_470.s","23659","A4E9852BA47AAD025DE9645D067FAB33DDA87B8E82DEA6D77B3364F902345299","A4E9852BA47AAD025DE9645D067FAB33DDA87B8E82DEA6D77B3364F902345299","MATCH"
"day07\02_Timer_Library_Buzzer\Firmware\CMSIS\GD\GD32F4xx\Source\IAR\startup_gd32f405_425.s","projects\03_TIMER_PWM\timer-pwm-buzzer\course\Firmware\CMSIS\GD\GD32F4xx\Source\IAR\startup_gd32f405_425.s","25159","70E76C6AD0182A5682773261E308008BC1102C09839605A0E058851173026836","70E76C6AD0182A5682773261E308008BC1102C09839605A0E058851173026836","MATCH"
"day07\02_Timer_Library_Buzzer\Firmware\CMSIS\GD\GD32F4xx\Source\IAR\startup_gd32f407_427.s","projects\03_TIMER_PWM\timer-pwm-buzzer\course\Firmware\CMSIS\GD\GD32F4xx\Source\IAR\startup_gd32f407_427.s","25736","550D6CA54DE7F8FCB2791AAF9141666BA15978C55017FA6798BF0CA80A2864C6","550D6CA54DE7F8FCB2791AAF9141666BA15978C55017FA6798BF0CA80A2864C6","MATCH"
"day07\02_Timer_Library_Buzzer\Firmware\CMSIS\GD\GD32F4xx\Source\IAR\startup_gd32f450_470.s","projects\03_TIMER_PWM\timer-pwm-buzzer\course\Firmware\CMSIS\GD\GD32F4xx\Source\IAR\startup_gd32f450_470.s","27837","EE6654F1D551C6937D014FE943342B0395A32076E5AC8DD688C600EACB9BD343","EE6654F1D551C6937D014FE943342B0395A32076E5AC8DD688C600EACB9BD343","MATCH"
"day07\02_Timer_Library_Buzzer\Firmware\CMSIS\GD\GD32F4xx\Source\system_gd32f4xx.c","projects\03_TIMER_PWM\timer-pwm-buzzer\course\Firmware\CMSIS\GD\GD32F4xx\Source\system_gd32f4xx.c","36416","8F66A123756716CF74297A7B54EEC616F230CBBC37DFB60F21BF05D1BC070836","8F66A123756716CF74297A7B54EEC616F230CBBC37DFB60F21BF05D1BC070836","MATCH"
"day07\02_Timer_Library_Buzzer\Firmware\GD32F4xx_standard_peripheral\Include\gd32f4xx_adc.h","projects\03_TIMER_PWM\timer-pwm-buzzer\course\Firmware\GD32F4xx_standard_peripheral\Include\gd32f4xx_adc.h","41521","D6B41E007F1EE95E5FA1B495F94924F7E6166439FBF3E9234A26B5FA6C32F1DE","D6B41E007F1EE95E5FA1B495F94924F7E6166439FBF3E9234A26B5FA6C32F1DE","MATCH"
"day07\02_Timer_Library_Buzzer\Firmware\GD32F4xx_standard_peripheral\Include\gd32f4xx_can.h","projects\03_TIMER_PWM\timer-pwm-buzzer\course\Firmware\GD32F4xx_standard_peripheral\Include\gd32f4xx_can.h","54440","62A96066D7B8A1CEF45AB4092FCE5058B962050EB1C9E4B3585F0E19B9F30578","62A96066D7B8A1CEF45AB4092FCE5058B962050EB1C9E4B3585F0E19B9F30578","MATCH"
"day07\02_Timer_Library_Buzzer\Firmware\GD32F4xx_standard_peripheral\Include\gd32f4xx_crc.h","projects\03_TIMER_PWM\timer-pwm-buzzer\course\Firmware\GD32F4xx_standard_peripheral\Include\gd32f4xx_crc.h","3380","4870F145AEEC968F3A7A0A5068105591E1ADEB9A37A5E47FDCC9D27D7D3AFBD6","4870F145AEEC968F3A7A0A5068105591E1ADEB9A37A5E47FDCC9D27D7D3AFBD6","MATCH"
"day07\02_Timer_Library_Buzzer\Firmware\GD32F4xx_standard_peripheral\Include\gd32f4xx_ctc.h","projects\03_TIMER_PWM\timer-pwm-buzzer\course\Firmware\GD32F4xx_standard_peripheral\Include\gd32f4xx_ctc.h","11513","900AB7D5F9C585834166A58966C8D523FF91D410066D00BBED3E6522C25782D7","900AB7D5F9C585834166A58966C8D523FF91D410066D00BBED3E6522C25782D7","MATCH"
"day07\02_Timer_Library_Buzzer\Firmware\GD32F4xx_standard_peripheral\Include\gd32f4xx_dac.h","projects\03_TIMER_PWM\timer-pwm-buzzer\course\Firmware\GD32F4xx_standard_peripheral\Include\gd32f4xx_dac.h","18761","86057CC0C52A32F955A12F47ABA1E4997AC2DABA13B10A686D8777579F638AFB","86057CC0C52A32F955A12F47ABA1E4997AC2DABA13B10A686D8777579F638AFB","MATCH"
"day07\02_Timer_Library_Buzzer\Firmware\GD32F4xx_standard_peripheral\Include\gd32f4xx_dbg.h","projects\03_TIMER_PWM\timer-pwm-buzzer\course\Firmware\GD32F4xx_standard_peripheral\Include\gd32f4xx_dbg.h","9890","21A089B5880F1D101116BD37EAAC7A085A103901A40900E75941130D901B150E","21A089B5880F1D101116BD37EAAC7A085A103901A40900E75941130D901B150E","MATCH"
"day07\02_Timer_Library_Buzzer\Firmware\GD32F4xx_standard_peripheral\Include\gd32f4xx_dci.h","projects\03_TIMER_PWM\timer-pwm-buzzer\course\Firmware\GD32F4xx_standard_peripheral\Include\gd32f4xx_dci.h","13665","787F449F0B2EBA5BBCC92B0D50899FA668CEA6ED9CCAB3960EBA0B2253CC7748","787F449F0B2EBA5BBCC92B0D50899FA668CEA6ED9CCAB3960EBA0B2253CC7748","MATCH"
"day07\02_Timer_Library_Buzzer\Firmware\GD32F4xx_standard_peripheral\Include\gd32f4xx_dma.h","projects\03_TIMER_PWM\timer-pwm-buzzer\course\Firmware\GD32F4xx_standard_peripheral\Include\gd32f4xx_dma.h","32675","F358957EBF98C4C449480A088E349CDAC2716394C24FA4111DE08B06FCDC5094","F358957EBF98C4C449480A088E349CDAC2716394C24FA4111DE08B06FCDC5094","MATCH"
"day07\02_Timer_Library_Buzzer\Firmware\GD32F4xx_standard_peripheral\Include\gd32f4xx_enet.h","projects\03_TIMER_PWM\timer-pwm-buzzer\course\Firmware\GD32F4xx_standard_peripheral\Include\gd32f4xx_enet.h","144084","2BDBC2BE9B0E3BA398DEEAB38021442A2CFEEDFF21FC353CF3B16C717A2CDF9B","2BDBC2BE9B0E3BA398DEEAB38021442A2CFEEDFF21FC353CF3B16C717A2CDF9B","MATCH"
"day07\02_Timer_Library_Buzzer\Firmware\GD32F4xx_standard_peripheral\Include\gd32f4xx_exmc.h","projects\03_TIMER_PWM\timer-pwm-buzzer\course\Firmware\GD32F4xx_standard_peripheral\Include\gd32f4xx_exmc.h","64299","68482B678DD868085A6BE6317EEC18873D43F895936E503487E843E561A0D55E","68482B678DD868085A6BE6317EEC18873D43F895936E503487E843E561A0D55E","MATCH"
"day07\02_Timer_Library_Buzzer\Firmware\GD32F4xx_standard_peripheral\Include\gd32f4xx_exti.h","projects\03_TIMER_PWM\timer-pwm-buzzer\course\Firmware\GD32F4xx_standard_peripheral\Include\gd32f4xx_exti.h","20470","705948F029F63A5995D9849A60E417D6210ECE34C8E942C76A2D4E7A2B927426","705948F029F63A5995D9849A60E417D6210ECE34C8E942C76A2D4E7A2B927426","MATCH"
"day07\02_Timer_Library_Buzzer\Firmware\GD32F4xx_standard_peripheral\Include\gd32f4xx_fmc.h","projects\03_TIMER_PWM\timer-pwm-buzzer\course\Firmware\GD32F4xx_standard_peripheral\Include\gd32f4xx_fmc.h","28322","5A5D9F0B1CE1E7486206130F80048F81A6D3E9E6337BF0A4C69D4A1D5EDC9F7E","5A5D9F0B1CE1E7486206130F80048F81A6D3E9E6337BF0A4C69D4A1D5EDC9F7E","MATCH"
"day07\02_Timer_Library_Buzzer\Firmware\GD32F4xx_standard_peripheral\Include\gd32f4xx_fwdgt.h","projects\03_TIMER_PWM\timer-pwm-buzzer\course\Firmware\GD32F4xx_standard_peripheral\Include\gd32f4xx_fwdgt.h","5876","04CB4EE0D6526910CF9CA8BEFC437FC6DF3FDFE09FB0BC418AB7EA5C19611A50","04CB4EE0D6526910CF9CA8BEFC437FC6DF3FDFE09FB0BC418AB7EA5C19611A50","MATCH"
"day07\02_Timer_Library_Buzzer\Firmware\GD32F4xx_standard_peripheral\Include\gd32f4xx_gpio.h","projects\03_TIMER_PWM\timer-pwm-buzzer\course\Firmware\GD32F4xx_standard_peripheral\Include\gd32f4xx_gpio.h","29164","A20501A28644BF45B8E3C4AB2A7237466805C1480B06E7D6C8585296D7F08787","A20501A28644BF45B8E3C4AB2A7237466805C1480B06E7D6C8585296D7F08787","MATCH"
"day07\02_Timer_Library_Buzzer\Firmware\GD32F4xx_standard_peripheral\Include\gd32f4xx_i2c.h","projects\03_TIMER_PWM\timer-pwm-buzzer\course\Firmware\GD32F4xx_standard_peripheral\Include\gd32f4xx_i2c.h","29826","6CF4053E2452263CDFCB98DA0832CE1F2F1B0380C1BEA5D4284C1DF0D5CBBB05","6CF4053E2452263CDFCB98DA0832CE1F2F1B0380C1BEA5D4284C1DF0D5CBBB05","MATCH"
"day07\02_Timer_Library_Buzzer\Firmware\GD32F4xx_standard_peripheral\Include\gd32f4xx_ipa.h","projects\03_TIMER_PWM\timer-pwm-buzzer\course\Firmware\GD32F4xx_standard_peripheral\Include\gd32f4xx_ipa.h","25918","1AD22068402E09BAE4117E637ED972FCD7452751CCBE01C7829AEA7DF45AE8AE","1AD22068402E09BAE4117E637ED972FCD7452751CCBE01C7829AEA7DF45AE8AE","MATCH"
"day07\02_Timer_Library_Buzzer\Firmware\GD32F4xx_standard_peripheral\Include\gd32f4xx_iref.h","projects\03_TIMER_PWM\timer-pwm-buzzer\course\Firmware\GD32F4xx_standard_peripheral\Include\gd32f4xx_iref.h","13448","D9D1E67FD4473F44B2F7E22BB78C3DFA9B5109D083AF1B0FDC63EC657B241C4A","D9D1E67FD4473F44B2F7E22BB78C3DFA9B5109D083AF1B0FDC63EC657B241C4A","MATCH"
"day07\02_Timer_Library_Buzzer\Firmware\GD32F4xx_standard_peripheral\Include\gd32f4xx_misc.h","projects\03_TIMER_PWM\timer-pwm-buzzer\course\Firmware\GD32F4xx_standard_peripheral\Include\gd32f4xx_misc.h","4691","0A918F830F0200C0E806DFB50594259783E69D8ADBC27708705567F7193D35FB","0A918F830F0200C0E806DFB50594259783E69D8ADBC27708705567F7193D35FB","MATCH"
"day07\02_Timer_Library_Buzzer\Firmware\GD32F4xx_standard_peripheral\Include\gd32f4xx_pmu.h","projects\03_TIMER_PWM\timer-pwm-buzzer\course\Firmware\GD32F4xx_standard_peripheral\Include\gd32f4xx_pmu.h","11878","B9A72B6E42083EFD170C0C5FBE579C5D6417F9BBF674DB36041BE96FCBD84636","B9A72B6E42083EFD170C0C5FBE579C5D6417F9BBF674DB36041BE96FCBD84636","MATCH"
"day07\02_Timer_Library_Buzzer\Firmware\GD32F4xx_standard_peripheral\Include\gd32f4xx_rcu.h","projects\03_TIMER_PWM\timer-pwm-buzzer\course\Firmware\GD32F4xx_standard_peripheral\Include\gd32f4xx_rcu.h","95768","AC2B2AE653EDC89E674EDA24E1CFE8B511B73984AE0CABED3DF60BA61F8EEF08","AC2B2AE653EDC89E674EDA24E1CFE8B511B73984AE0CABED3DF60BA61F8EEF08","MATCH"
"day07\02_Timer_Library_Buzzer\Firmware\GD32F4xx_standard_peripheral\Include\gd32f4xx_rtc.h","projects\03_TIMER_PWM\timer-pwm-buzzer\course\Firmware\GD32F4xx_standard_peripheral\Include\gd32f4xx_rtc.h","52407","1798B1B495683096D4491CF0F854957D2AD60612F65A801ED0E7A4BEE49FA549","1798B1B495683096D4491CF0F854957D2AD60612F65A801ED0E7A4BEE49FA549","MATCH"
"day07\02_Timer_Library_Buzzer\Firmware\GD32F4xx_standard_peripheral\Include\gd32f4xx_sdio.h","projects\03_TIMER_PWM\timer-pwm-buzzer\course\Firmware\GD32F4xx_standard_peripheral\Include\gd32f4xx_sdio.h","30655","8D6813EFC565E3085611D767EA4E670E0C76A256C6F17FC93F313BCB11D0385A","8D6813EFC565E3085611D767EA4E670E0C76A256C6F17FC93F313BCB11D0385A","MATCH"
"day07\02_Timer_Library_Buzzer\Firmware\GD32F4xx_standard_peripheral\Include\gd32f4xx_spi.h","projects\03_TIMER_PWM\timer-pwm-buzzer\course\Firmware\GD32F4xx_standard_peripheral\Include\gd32f4xx_spi.h","25831","4C6360C8FE58D4A38E4870BCBA17630857551D3EC7B4BD3DDEB5085C31240B1C","4C6360C8FE58D4A38E4870BCBA17630857551D3EC7B4BD3DDEB5085C31240B1C","MATCH"
"day07\02_Timer_Library_Buzzer\Firmware\GD32F4xx_standard_peripheral\Include\gd32f4xx_syscfg.h","projects\03_TIMER_PWM\timer-pwm-buzzer\course\Firmware\GD32F4xx_standard_peripheral\Include\gd32f4xx_syscfg.h","11558","5060FEF0A07A3FC1396A31F09F95FE1D134F8A1FB1581E3DD98BB6078108C447","5060FEF0A07A3FC1396A31F09F95FE1D134F8A1FB1581E3DD98BB6078108C447","MATCH"
"day07\02_Timer_Library_Buzzer\Firmware\GD32F4xx_standard_peripheral\Include\gd32f4xx_timer.h","projects\03_TIMER_PWM\timer-pwm-buzzer\course\Firmware\GD32F4xx_standard_peripheral\Include\gd32f4xx_timer.h","59717","7A79F81F1D862A1B49F23BFE05B1AC751A71E761B6E63C2DFFABE6C7BC69AC49","7A79F81F1D862A1B49F23BFE05B1AC751A71E761B6E63C2DFFABE6C7BC69AC49","MATCH"
"day07\02_Timer_Library_Buzzer\Firmware\GD32F4xx_standard_peripheral\Include\gd32f4xx_tli.h","projects\03_TIMER_PWM\timer-pwm-buzzer\course\Firmware\GD32F4xx_standard_peripheral\Include\gd32f4xx_tli.h","23557","1B94EA157AC8CE2FED962B0C4FF95B6702C6194300AA51B04C3AAFE493768D2A","1B94EA157AC8CE2FED962B0C4FF95B6702C6194300AA51B04C3AAFE493768D2A","MATCH"
"day07\02_Timer_Library_Buzzer\Firmware\GD32F4xx_standard_peripheral\Include\gd32f4xx_trng.h","projects\03_TIMER_PWM\timer-pwm-buzzer\course\Firmware\GD32F4xx_standard_peripheral\Include\gd32f4xx_trng.h","4431","91E2BB5AFFEFA65F90927FAD795FAA0F4204516284ECA38E461506F0CD9CA924","91E2BB5AFFEFA65F90927FAD795FAA0F4204516284ECA38E461506F0CD9CA924","MATCH"
"day07\02_Timer_Library_Buzzer\Firmware\GD32F4xx_standard_peripheral\Include\gd32f4xx_usart.h","projects\03_TIMER_PWM\timer-pwm-buzzer\course\Firmware\GD32F4xx_standard_peripheral\Include\gd32f4xx_usart.h","31652","6CF40E957A1216C99E3663D667DE1944C42272897011834BF20ADCD97E791074","6CF40E957A1216C99E3663D667DE1944C42272897011834BF20ADCD97E791074","MATCH"
"day07\02_Timer_Library_Buzzer\Firmware\GD32F4xx_standard_peripheral\Include\gd32f4xx_wwdgt.h","projects\03_TIMER_PWM\timer-pwm-buzzer\course\Firmware\GD32F4xx_standard_peripheral\Include\gd32f4xx_wwdgt.h","4561","01EECFC98B4507AEB8F0AFBE7D994EA0A617A79E5D4EB2D1D4A85979BA014EFE","01EECFC98B4507AEB8F0AFBE7D994EA0A617A79E5D4EB2D1D4A85979BA014EFE","MATCH"
"day07\02_Timer_Library_Buzzer\Firmware\GD32F4xx_standard_peripheral\Source\gd32f4xx_adc.c","projects\03_TIMER_PWM\timer-pwm-buzzer\course\Firmware\GD32F4xx_standard_peripheral\Source\gd32f4xx_adc.c","49331","8A5C91EC7A397B53EFD086646674D273ECE00F36C9610AB50715FE1521BA4112","8A5C91EC7A397B53EFD086646674D273ECE00F36C9610AB50715FE1521BA4112","MATCH"
"day07\02_Timer_Library_Buzzer\Firmware\GD32F4xx_standard_peripheral\Source\gd32f4xx_can.c","projects\03_TIMER_PWM\timer-pwm-buzzer\course\Firmware\GD32F4xx_standard_peripheral\Source\gd32f4xx_can.c","40297","CE0E343B00856972EABACCC1F4D88C051796A8D1E30C4596312FC29A533DB8BA","CE0E343B00856972EABACCC1F4D88C051796A8D1E30C4596312FC29A533DB8BA","MATCH"
"day07\02_Timer_Library_Buzzer\Firmware\GD32F4xx_standard_peripheral\Source\gd32f4xx_crc.c","projects\03_TIMER_PWM\timer-pwm-buzzer\course\Firmware\GD32F4xx_standard_peripheral\Source\gd32f4xx_crc.c","3904","C14034159E72E082AA70E2A8CBA60FFCF950B63D75AE467706632F32EC00F315","C14034159E72E082AA70E2A8CBA60FFCF950B63D75AE467706632F32EC00F315","MATCH"
"day07\02_Timer_Library_Buzzer\Firmware\GD32F4xx_standard_peripheral\Source\gd32f4xx_ctc.c","projects\03_TIMER_PWM\timer-pwm-buzzer\course\Firmware\GD32F4xx_standard_peripheral\Source\gd32f4xx_ctc.c","12892","07F4A6385C6FFB2E18ECF95DAAE6A431FB91262FA988835A249A64F4002280A1","07F4A6385C6FFB2E18ECF95DAAE6A431FB91262FA988835A249A64F4002280A1","MATCH"
"day07\02_Timer_Library_Buzzer\Firmware\GD32F4xx_standard_peripheral\Source\gd32f4xx_dac.c","projects\03_TIMER_PWM\timer-pwm-buzzer\course\Firmware\GD32F4xx_standard_peripheral\Source\gd32f4xx_dac.c","22641","ACE5C99F1E2774D955CA4E4D5D6E81B2D831F718098487EA3E8C2C34C960E160","ACE5C99F1E2774D955CA4E4D5D6E81B2D831F718098487EA3E8C2C34C960E160","MATCH"
"day07\02_Timer_Library_Buzzer\Firmware\GD32F4xx_standard_peripheral\Source\gd32f4xx_dbg.c","projects\03_TIMER_PWM\timer-pwm-buzzer\course\Firmware\GD32F4xx_standard_peripheral\Source\gd32f4xx_dbg.c","7772","6EEC659FD6B5C549226BAE8E9C9C78785B064D557434189BB221287D550FE291","6EEC659FD6B5C549226BAE8E9C9C78785B064D557434189BB221287D550FE291","MATCH"
"day07\02_Timer_Library_Buzzer\Firmware\GD32F4xx_standard_peripheral\Source\gd32f4xx_dci.c","projects\03_TIMER_PWM\timer-pwm-buzzer\course\Firmware\GD32F4xx_standard_peripheral\Source\gd32f4xx_dci.c","10290","B99613D9A21A02DD39117F30B9A488B859209AB3489DCFDE7361D147CDF76516","B99613D9A21A02DD39117F30B9A488B859209AB3489DCFDE7361D147CDF76516","MATCH"
"day07\02_Timer_Library_Buzzer\Firmware\GD32F4xx_standard_peripheral\Source\gd32f4xx_dma.c","projects\03_TIMER_PWM\timer-pwm-buzzer\course\Firmware\GD32F4xx_standard_peripheral\Source\gd32f4xx_dma.c","36449","2D943A169ABABCC22CBC6C41665F5CE375C30B63005954E1D34BB3218CB63FAF","2D943A169ABABCC22CBC6C41665F5CE375C30B63005954E1D34BB3218CB63FAF","MATCH"
"day07\02_Timer_Library_Buzzer\Firmware\GD32F4xx_standard_peripheral\Source\gd32f4xx_enet.c","projects\03_TIMER_PWM\timer-pwm-buzzer\course\Firmware\GD32F4xx_standard_peripheral\Source\gd32f4xx_enet.c","151999","3051E8737C463D23D07B9C9AD937BC7C488BB573738B2313982870DAA670E87E","3051E8737C463D23D07B9C9AD937BC7C488BB573738B2313982870DAA670E87E","MATCH"
"day07\02_Timer_Library_Buzzer\Firmware\GD32F4xx_standard_peripheral\Source\gd32f4xx_exmc.c","projects\03_TIMER_PWM\timer-pwm-buzzer\course\Firmware\GD32F4xx_standard_peripheral\Source\gd32f4xx_exmc.c","57117","E4A79B377C89D9EB8BD5BE101E273AD5EFBA0C2A24FB4621AB7BC124BEEEAEBF","E4A79B377C89D9EB8BD5BE101E273AD5EFBA0C2A24FB4621AB7BC124BEEEAEBF","MATCH"
"day07\02_Timer_Library_Buzzer\Firmware\GD32F4xx_standard_peripheral\Source\gd32f4xx_exti.c","projects\03_TIMER_PWM\timer-pwm-buzzer\course\Firmware\GD32F4xx_standard_peripheral\Source\gd32f4xx_exti.c","8423","FCE4A7ECA93486D71A9E5758642F2282AE7F8805DBB559312837A0B17577FE58","FCE4A7ECA93486D71A9E5758642F2282AE7F8805DBB559312837A0B17577FE58","MATCH"
"day07\02_Timer_Library_Buzzer\Firmware\GD32F4xx_standard_peripheral\Source\gd32f4xx_fmc.c","projects\03_TIMER_PWM\timer-pwm-buzzer\course\Firmware\GD32F4xx_standard_peripheral\Source\gd32f4xx_fmc.c","34852","15408829D2405432FC8ED73D5D8C6BBB1E6C74540F1B817983BABD62E22CAB16","15408829D2405432FC8ED73D5D8C6BBB1E6C74540F1B817983BABD62E22CAB16","MATCH"
"day07\02_Timer_Library_Buzzer\Firmware\GD32F4xx_standard_peripheral\Source\gd32f4xx_fwdgt.c","projects\03_TIMER_PWM\timer-pwm-buzzer\course\Firmware\GD32F4xx_standard_peripheral\Source\gd32f4xx_fwdgt.c","7007","05B67D15069CED6F0472E4115ECD16064402E0D6220561499000025A8CD189B7","05B67D15069CED6F0472E4115ECD16064402E0D6220561499000025A8CD189B7","MATCH"
"day07\02_Timer_Library_Buzzer\Firmware\GD32F4xx_standard_peripheral\Source\gd32f4xx_gpio.c","projects\03_TIMER_PWM\timer-pwm-buzzer\course\Firmware\GD32F4xx_standard_peripheral\Source\gd32f4xx_gpio.c","15061","262BEFE864D5DA3BADA64D0B3DAB29E5C2747E46B154EDE8BCAB0B788DB614E0","262BEFE864D5DA3BADA64D0B3DAB29E5C2747E46B154EDE8BCAB0B788DB614E0","MATCH"
"day07\02_Timer_Library_Buzzer\Firmware\GD32F4xx_standard_peripheral\Source\gd32f4xx_i2c.c","projects\03_TIMER_PWM\timer-pwm-buzzer\course\Firmware\GD32F4xx_standard_peripheral\Source\gd32f4xx_i2c.c","30805","8EDFAF1A8F0BF2833923D0072FE1B9D0467382B3EC1D243E918D0DE9711CCCD2","8EDFAF1A8F0BF2833923D0072FE1B9D0467382B3EC1D243E918D0DE9711CCCD2","MATCH"
"day07\02_Timer_Library_Buzzer\Firmware\GD32F4xx_standard_peripheral\Source\gd32f4xx_ipa.c","projects\03_TIMER_PWM\timer-pwm-buzzer\course\Firmware\GD32F4xx_standard_peripheral\Source\gd32f4xx_ipa.c","26662","38A8350304763C1C83B4D2341F6782B090CA09ABE541AC360089B5CB454BCF57","38A8350304763C1C83B4D2341F6782B090CA09ABE541AC360089B5CB454BCF57","MATCH"
"day07\02_Timer_Library_Buzzer\Firmware\GD32F4xx_standard_peripheral\Source\gd32f4xx_iref.c","projects\03_TIMER_PWM\timer-pwm-buzzer\course\Firmware\GD32F4xx_standard_peripheral\Source\gd32f4xx_iref.c","3544","24F2FCFCD20882FD3E65773A281A827BF5391A0A8054324EEF7C98BB3F2B9B80","24F2FCFCD20882FD3E65773A281A827BF5391A0A8054324EEF7C98BB3F2B9B80","MATCH"
"day07\02_Timer_Library_Buzzer\Firmware\GD32F4xx_standard_peripheral\Source\gd32f4xx_misc.c","projects\03_TIMER_PWM\timer-pwm-buzzer\course\Firmware\GD32F4xx_standard_peripheral\Source\gd32f4xx_misc.c","7136","1CD262F295155428C25DEDC69BFBAB99F7A99DE09E0B602ECA1F2C6017CFE2DA","1CD262F295155428C25DEDC69BFBAB99F7A99DE09E0B602ECA1F2C6017CFE2DA","MATCH"
"day07\02_Timer_Library_Buzzer\Firmware\GD32F4xx_standard_peripheral\Source\gd32f4xx_pmu.c","projects\03_TIMER_PWM\timer-pwm-buzzer\course\Firmware\GD32F4xx_standard_peripheral\Source\gd32f4xx_pmu.c","11909","DAFA94838A55132E3313234C5AC2BE6172116DC26574347363D554EFFB186D79","DAFA94838A55132E3313234C5AC2BE6172116DC26574347363D554EFFB186D79","MATCH"
"day07\02_Timer_Library_Buzzer\Firmware\GD32F4xx_standard_peripheral\Source\gd32f4xx_rcu.c","projects\03_TIMER_PWM\timer-pwm-buzzer\course\Firmware\GD32F4xx_standard_peripheral\Source\gd32f4xx_rcu.c","50047","6C1030EB58EC7CB9C41E2A1FF31DDEF87F70DD083222327978234004C4E95B98","6C1030EB58EC7CB9C41E2A1FF31DDEF87F70DD083222327978234004C4E95B98","MATCH"
"day07\02_Timer_Library_Buzzer\Firmware\GD32F4xx_standard_peripheral\Source\gd32f4xx_rtc.c","projects\03_TIMER_PWM\timer-pwm-buzzer\course\Firmware\GD32F4xx_standard_peripheral\Source\gd32f4xx_rtc.c","46946","EEA5BCB92C88A7BAB9F3740F8E9408236412A546B03A5467F21B0F94A01183E7","EEA5BCB92C88A7BAB9F3740F8E9408236412A546B03A5467F21B0F94A01183E7","MATCH"
"day07\02_Timer_Library_Buzzer\Firmware\GD32F4xx_standard_peripheral\Source\gd32f4xx_sdio.c","projects\03_TIMER_PWM\timer-pwm-buzzer\course\Firmware\GD32F4xx_standard_peripheral\Source\gd32f4xx_sdio.c","28412","9D8F3E488C74C44A30C4D0BBB9CD8D86555D898CA9C36F259CE57609959B9854","9D8F3E488C74C44A30C4D0BBB9CD8D86555D898CA9C36F259CE57609959B9854","MATCH"
"day07\02_Timer_Library_Buzzer\Firmware\GD32F4xx_standard_peripheral\Source\gd32f4xx_spi.c","projects\03_TIMER_PWM\timer-pwm-buzzer\course\Firmware\GD32F4xx_standard_peripheral\Source\gd32f4xx_spi.c","30670","CE06438E9AD5882A0FCA88DFE658DD925ED3320BA574C2797E2F93ACF6142459","CE06438E9AD5882A0FCA88DFE658DD925ED3320BA574C2797E2F93ACF6142459","MATCH"
"day07\02_Timer_Library_Buzzer\Firmware\GD32F4xx_standard_peripheral\Source\gd32f4xx_syscfg.c","projects\03_TIMER_PWM\timer-pwm-buzzer\course\Firmware\GD32F4xx_standard_peripheral\Source\gd32f4xx_syscfg.c","7949","51A7A5E70F3064424CC6E2F6A06942B47ADAAC8C36A6612EE08B1643557B3CA3","51A7A5E70F3064424CC6E2F6A06942B47ADAAC8C36A6612EE08B1643557B3CA3","MATCH"
"day07\02_Timer_Library_Buzzer\Firmware\GD32F4xx_standard_peripheral\Source\gd32f4xx_timer.c","projects\03_TIMER_PWM\timer-pwm-buzzer\course\Firmware\GD32F4xx_standard_peripheral\Source\gd32f4xx_timer.c","89361","3961465CF6BA39554E34C02183C50676A4AB9B3991A6AAD32D271754B2506B14","3961465CF6BA39554E34C02183C50676A4AB9B3991A6AAD32D271754B2506B14","MATCH"
"day07\02_Timer_Library_Buzzer\Firmware\GD32F4xx_standard_peripheral\Source\gd32f4xx_tli.c","projects\03_TIMER_PWM\timer-pwm-buzzer\course\Firmware\GD32F4xx_standard_peripheral\Source\gd32f4xx_tli.c","24645","881A02E692AFD4A0B6848A929B0B8C79148911AD7543CF611287C45E82372541","881A02E692AFD4A0B6848A929B0B8C79148911AD7543CF611287C45E82372541","MATCH"
"day07\02_Timer_Library_Buzzer\Firmware\GD32F4xx_standard_peripheral\Source\gd32f4xx_trng.c","projects\03_TIMER_PWM\timer-pwm-buzzer\course\Firmware\GD32F4xx_standard_peripheral\Source\gd32f4xx_trng.c","4471","BA9093D046A01C997AA54D2DE9F663E8AF32FB9E53C950CFC640F1033FCD6C53","BA9093D046A01C997AA54D2DE9F663E8AF32FB9E53C950CFC640F1033FCD6C53","MATCH"
"day07\02_Timer_Library_Buzzer\Firmware\GD32F4xx_standard_peripheral\Source\gd32f4xx_usart.c","projects\03_TIMER_PWM\timer-pwm-buzzer\course\Firmware\GD32F4xx_standard_peripheral\Source\gd32f4xx_usart.c","34715","F67FA54D9C9537317BE92D95FD880A394D9ABE98DF708E5AA821FBFA392AE9B0","F67FA54D9C9537317BE92D95FD880A394D9ABE98DF708E5AA821FBFA392AE9B0","MATCH"
"day07\02_Timer_Library_Buzzer\Firmware\GD32F4xx_standard_peripheral\Source\gd32f4xx_wwdgt.c","projects\03_TIMER_PWM\timer-pwm-buzzer\course\Firmware\GD32F4xx_standard_peripheral\Source\gd32f4xx_wwdgt.c","4154","0ED39DE6F0101E10DDCB476E6EF21C44D2282D4F689D0D0D70F9E04940E6F0FE","0ED39DE6F0101E10DDCB476E6EF21C44D2282D4F689D0D0D70F9E04940E6F0FE","MATCH"
"day07\02_Timer_Library_Buzzer\Hardware\bsp_buzzer.c","projects\03_TIMER_PWM\timer-pwm-buzzer\course\Hardware\bsp_buzzer.c","3700","DB132610BB9FD25BB3606FEE7C189AD01FB3F68FEF38D105A74C0609C66B5CEE","DB132610BB9FD25BB3606FEE7C189AD01FB3F68FEF38D105A74C0609C66B5CEE","MATCH"
"day07\02_Timer_Library_Buzzer\Hardware\bsp_buzzer.h","projects\03_TIMER_PWM\timer-pwm-buzzer\course\Hardware\bsp_buzzer.h","291","A849E5A19D17A5DED0E7438846AFA0D5E3636544ABFC356B361024CA882EC6C5","A849E5A19D17A5DED0E7438846AFA0D5E3636544ABFC356B361024CA882EC6C5","MATCH"
"day07\02_Timer_Library_Buzzer\Hardware\bsp_buzzer2.c","projects\03_TIMER_PWM\timer-pwm-buzzer\course\Hardware\bsp_buzzer2.c","1429","D4F400CA00C8ACE082181E1D587A2B1CE7CC29C870BCA80C8A920BF78710B2C1","D4F400CA00C8ACE082181E1D587A2B1CE7CC29C870BCA80C8A920BF78710B2C1","MATCH"
"day07\02_Timer_Library_Buzzer\Hardware\bsp_buzzer2.h","projects\03_TIMER_PWM\timer-pwm-buzzer\course\Hardware\bsp_buzzer2.h","291","A849E5A19D17A5DED0E7438846AFA0D5E3636544ABFC356B361024CA882EC6C5","A849E5A19D17A5DED0E7438846AFA0D5E3636544ABFC356B361024CA882EC6C5","MATCH"
"day07\02_Timer_Library_Buzzer\Library\EXTI_config.h","projects\03_TIMER_PWM\timer-pwm-buzzer\course\Library\EXTI_config.h","1634","0FD94A8DF148AC6618D5CAA1F2788003CE63E2B27E13A31000428E29D095542B","0FD94A8DF148AC6618D5CAA1F2788003CE63E2B27E13A31000428E29D095542B","MATCH"
"day07\02_Timer_Library_Buzzer\Library\EXTI.c","projects\03_TIMER_PWM\timer-pwm-buzzer\course\Library\EXTI.c","3132","528D0B3C2AC1F1661095497895FDB15FF878723CF351D28F3D3EE13F79DF8AE2","528D0B3C2AC1F1661095497895FDB15FF878723CF351D28F3D3EE13F79DF8AE2","MATCH"
"day07\02_Timer_Library_Buzzer\Library\EXTI.h","projects\03_TIMER_PWM\timer-pwm-buzzer\course\Library\EXTI.h","246","63711925072BE76CE24B295341905A97BDD73234E1EFB33A28A0CEC82E3CD6C2","63711925072BE76CE24B295341905A97BDD73234E1EFB33A28A0CEC82E3CD6C2","MATCH"
"day07\02_Timer_Library_Buzzer\Library\TIMER_config.h","projects\03_TIMER_PWM\timer-pwm-buzzer\course\Library\TIMER_config.h","1813","BD74AB72F9068615F9AB44169B11F6EF25CD9BC3D4CD0E27A95BE4AE24608766","BD74AB72F9068615F9AB44169B11F6EF25CD9BC3D4CD0E27A95BE4AE24608766","MATCH"
"day07\02_Timer_Library_Buzzer\Library\TIMER.c","projects\03_TIMER_PWM\timer-pwm-buzzer\course\Library\TIMER.c","5924","68A9D9BBDB446C51E0C577B7E7969E8F3513AF7E4736C10BC6D579FBF5661435","68A9D9BBDB446C51E0C577B7E7969E8F3513AF7E4736C10BC6D579FBF5661435","MATCH"
"day07\02_Timer_Library_Buzzer\Library\TIMER.h","projects\03_TIMER_PWM\timer-pwm-buzzer\course\Library\TIMER.h","759","51A72D9863C245195AD3CD40ADDB0D573930D5AB540B30D3D971AD2AF6B2E80E","51A72D9863C245195AD3CD40ADDB0D573930D5AB540B30D3D971AD2AF6B2E80E","MATCH"
"day07\02_Timer_Library_Buzzer\Library\USART0.c","projects\03_TIMER_PWM\timer-pwm-buzzer\course\Library\USART0.c","4328","58DDB868F5B8B8274B8BB5F031BD3BFC0161FD4078D4ADB02930CCCB1757E6BE","58DDB868F5B8B8274B8BB5F031BD3BFC0161FD4078D4ADB02930CCCB1757E6BE","MATCH"
"day07\02_Timer_Library_Buzzer\Library\USART0.h","projects\03_TIMER_PWM\timer-pwm-buzzer\course\Library\USART0.h","674","370DBD11A4B2414EBE574A2AA33972A7AA47E1F8E9EF372B652F4C4B66846E22","370DBD11A4B2414EBE574A2AA33972A7AA47E1F8E9EF372B652F4C4B66846E22","MATCH"
"day07\02_Timer_Library_Buzzer\Project\GD32F407.uvprojx","projects\03_TIMER_PWM\timer-pwm-buzzer\course\Project\GD32F407.uvprojx","18576","A4EF94B620EA8593B4919C77EFCFFFD0EEC0562C16386F3B6FA696EC3A3E7B7F","A4EF94B620EA8593B4919C77EFCFFFD0EEC0562C16386F3B6FA696EC3A3E7B7F","MATCH"
"day07\02_Timer_Library_Buzzer\User\gd32f4xx_it.c","projects\03_TIMER_PWM\timer-pwm-buzzer\course\User\gd32f4xx_it.c","3980","5BE8E65B392A41354E513056974D1869598AF02739A7CE6419E611D6AA3979C6","5BE8E65B392A41354E513056974D1869598AF02739A7CE6419E611D6AA3979C6","MATCH"
"day07\02_Timer_Library_Buzzer\User\gd32f4xx_it.h","projects\03_TIMER_PWM\timer-pwm-buzzer\course\User\gd32f4xx_it.h","2524","B4995762AE5CEB7125CC9720CEA7E2BAD8640C23B87ED1856D9B8A380A5FC8C3","B4995762AE5CEB7125CC9720CEA7E2BAD8640C23B87ED1856D9B8A380A5FC8C3","MATCH"
"day07\02_Timer_Library_Buzzer\User\gd32f4xx_libopt.h","projects\03_TIMER_PWM\timer-pwm-buzzer\course\User\gd32f4xx_libopt.h","2917","702C6D85987BCDDDD363A8412C5806255F6C746065DA984EB21896C5DDD6BF09","702C6D85987BCDDDD363A8412C5806255F6C746065DA984EB21896C5DDD6BF09","MATCH"
"day07\02_Timer_Library_Buzzer\User\main.c","projects\03_TIMER_PWM\timer-pwm-buzzer\course\User\main.c","1836","AF7E13B3AD49EBDB28AF775E2BA786F69F57A4583DA29ADF041BC064831B55BE","AF7E13B3AD49EBDB28AF775E2BA786F69F57A4583DA29ADF041BC064831B55BE","MATCH"
"day07\02_Timer_Library_Buzzer\User\main.h","projects\03_TIMER_PWM\timer-pwm-buzzer\course\User\main.h","1814","32C273B119ABF22DA51E2782C09853A1545B1DF1364A13EFFA2B465379E1A53C","32C273B119ABF22DA51E2782C09853A1545B1DF1364A13EFFA2B465379E1A53C","MATCH"
"day07\02_Timer_Library_Buzzer\User\readme.txt","projects\03_TIMER_PWM\timer-pwm-buzzer\course\User\readme.txt","1862","A45BD1E14D470B46BE2D57C9D35147E41204556CC4BB4E25EA3C7B6B424A0B7C","A45BD1E14D470B46BE2D57C9D35147E41204556CC4BB4E25EA3C7B6B424A0B7C","MATCH"
"day07\02_Timer_Library_Buzzer\User\systick.c","projects\03_TIMER_PWM\timer-pwm-buzzer\course\User\systick.c","2835","3BFDC9D654AEE46AFAE59529984C667193CD9098D01115CFB80DB9AC96D37E14","3BFDC9D654AEE46AFAE59529984C667193CD9098D01115CFB80DB9AC96D37E14","MATCH"
"day07\02_Timer_Library_Buzzer\User\systick.h","projects\03_TIMER_PWM\timer-pwm-buzzer\course\User\systick.h","2034","E74F1981340E6162CCE52F39F73009B1570EFB7F024410652F494E77997DA025","E74F1981340E6162CCE52F39F73009B1570EFB7F024410652F494E77997DA025","MATCH"
"day07\02_Timer_Library_Buzzer\VSCode\.clang-format","projects\03_TIMER_PWM\timer-pwm-buzzer\course\VSCode\.clang-format","734","BF3B10DA62AAAC024B91B04712650380D638A6E77DD8CD412EC5F266EDFBE4CC","BF3B10DA62AAAC024B91B04712650380D638A6E77DD8CD412EC5F266EDFBE4CC","MATCH"
"day07\02_Timer_Library_Buzzer\VSCode\.cmsis\include\cachel1_armv7.h","projects\03_TIMER_PWM\timer-pwm-buzzer\course\VSCode\.cmsis\include\cachel1_armv7.h","12087","2E336A64F60A9C0EAF5A08E2C4845D94DA86C3FD84D219D0D0C9F530E63BC9C3","2E336A64F60A9C0EAF5A08E2C4845D94DA86C3FD84D219D0D0C9F530E63BC9C3","MATCH"
"day07\02_Timer_Library_Buzzer\VSCode\.cmsis\include\cmsis_armcc.h","projects\03_TIMER_PWM\timer-pwm-buzzer\course\VSCode\.cmsis\include\cmsis_armcc.h","27999","5BC0D7ED8E36E9BCB868C4042FFF350C702ECA305DF4162FB00384789E35EE1C","5BC0D7ED8E36E9BCB868C4042FFF350C702ECA305DF4162FB00384789E35EE1C","MATCH"
"day07\02_Timer_Library_Buzzer\VSCode\.cmsis\include\cmsis_armclang_ltm.h","projects\03_TIMER_PWM\timer-pwm-buzzer\course\VSCode\.cmsis\include\cmsis_armclang_ltm.h","56021","3E8FFB284F4F155DE3EA93841CCA853B41D5E812B53E52C64C3D4A67B7F1EC7C","3E8FFB284F4F155DE3EA93841CCA853B41D5E812B53E52C64C3D4A67B7F1EC7C","MATCH"
"day07\02_Timer_Library_Buzzer\VSCode\.cmsis\include\cmsis_armclang.h","projects\03_TIMER_PWM\timer-pwm-buzzer\course\VSCode\.cmsis\include\cmsis_armclang.h","48417","D5DA2B48204F0D0CF1FF38FFCCB527E5706CD0A091FF0A331EB41D6596C33FE5","D5DA2B48204F0D0CF1FF38FFCCB527E5706CD0A091FF0A331EB41D6596C33FE5","MATCH"
"day07\02_Timer_Library_Buzzer\VSCode\.cmsis\include\cmsis_compiler.h","projects\03_TIMER_PWM\timer-pwm-buzzer\course\VSCode\.cmsis\include\cmsis_compiler.h","9481","B51963D271C1571CA3463654C76AA7EA50C4EAC5D0A2710DF10414AC64D9E0F8","B51963D271C1571CA3463654C76AA7EA50C4EAC5D0A2710DF10414AC64D9E0F8","MATCH"
"day07\02_Timer_Library_Buzzer\VSCode\.cmsis\include\cmsis_gcc.h","projects\03_TIMER_PWM\timer-pwm-buzzer\course\VSCode\.cmsis\include\cmsis_gcc.h","63374","43BFD1FE69FBBC2CA70AAF7D43CC3E20F16E0C7F66E1BDEF9B51AF6DC14B2617","43BFD1FE69FBBC2CA70AAF7D43CC3E20F16E0C7F66E1BDEF9B51AF6DC14B2617","MATCH"
"day07\02_Timer_Library_Buzzer\VSCode\.cmsis\include\cmsis_iccarm.h","projects\03_TIMER_PWM\timer-pwm-buzzer\course\VSCode\.cmsis\include\cmsis_iccarm.h","29069","2D255C8429E507E52CB603F2970BED4CC4A6CDCC3EB7FC7997385ABAD7364837","2D255C8429E507E52CB603F2970BED4CC4A6CDCC3EB7FC7997385ABAD7364837","MATCH"
"day07\02_Timer_Library_Buzzer\VSCode\.cmsis\include\cmsis_version.h","projects\03_TIMER_PWM\timer-pwm-buzzer\course\VSCode\.cmsis\include\cmsis_version.h","1680","184C19FD3EE73632EDF35A0B4D49CD48BE75FBF49E6CCB19D9DB05FA83BEA4B3","184C19FD3EE73632EDF35A0B4D49CD48BE75FBF49E6CCB19D9DB05FA83BEA4B3","MATCH"
"day07\02_Timer_Library_Buzzer\VSCode\.cmsis\include\core_armv81mml.h","projects\03_TIMER_PWM\timer-pwm-buzzer\course\VSCode\.cmsis\include\core_armv81mml.h","276640","A40954BCCBF202BD65EE721EA688122561E005C9F9F9D18E082280C5B897D0E4","A40954BCCBF202BD65EE721EA688122561E005C9F9F9D18E082280C5B897D0E4","MATCH"
"day07\02_Timer_Library_Buzzer\VSCode\.cmsis\include\core_armv8mbl.h","projects\03_TIMER_PWM\timer-pwm-buzzer\course\VSCode\.cmsis\include\core_armv8mbl.h","115004","458B1E6788079DED52ADC7D06383701C865CA97B67C5E7A0A44884194F91A842","458B1E6788079DED52ADC7D06383701C865CA97B67C5E7A0A44884194F91A842","MATCH"
"day07\02_Timer_Library_Buzzer\VSCode\.cmsis\include\core_armv8mml.h","projects\03_TIMER_PWM\timer-pwm-buzzer\course\VSCode\.cmsis\include\core_armv8mml.h","183191","5A68204FA31CDA7D04D41C9CEAF3F4B1217908F59366F757EE778181C7CC8CB9","5A68204FA31CDA7D04D41C9CEAF3F4B1217908F59366F757EE778181C7CC8CB9","MATCH"
"day07\02_Timer_Library_Buzzer\VSCode\.cmsis\include\core_cm0.h","projects\03_TIMER_PWM\timer-pwm-buzzer\course\VSCode\.cmsis\include\core_cm0.h","41643","AC13CB645F108666A0E57C93467872660D6BC860A839F840DC870B7A5863B4BF","AC13CB645F108666A0E57C93467872660D6BC860A839F840DC870B7A5863B4BF","MATCH"
"day07\02_Timer_Library_Buzzer\VSCode\.cmsis\include\core_cm0plus.h","projects\03_TIMER_PWM\timer-pwm-buzzer\course\VSCode\.cmsis\include\core_cm0plus.h","49877","A09FA9C6B8B21D1920BCE15B98AA56182B027E9278CCA0B154812BAC2AEA3CFA","A09FA9C6B8B21D1920BCE15B98AA56182B027E9278CCA0B154812BAC2AEA3CFA","MATCH"
"day07\02_Timer_Library_Buzzer\VSCode\.cmsis\include\core_cm1.h","projects\03_TIMER_PWM\timer-pwm-buzzer\course\VSCode\.cmsis\include\core_cm1.h","42626","944BF0C4F940EEF30A632CD99D5DCFE8270E8A8431EB98C0F081BCF4F61F728E","944BF0C4F940EEF30A632CD99D5DCFE8270E8A8431EB98C0F081BCF4F61F728E","MATCH"
"day07\02_Timer_Library_Buzzer\VSCode\.cmsis\include\core_cm23.h","projects\03_TIMER_PWM\timer-pwm-buzzer\course\VSCode\.cmsis\include\core_cm23.h","121556","77822E9738885394EC52FCA6F617452B823A0B55E2664EE225E65576CF0E8F2D","77822E9738885394EC52FCA6F617452B823A0B55E2664EE225E65576CF0E8F2D","MATCH"
"day07\02_Timer_Library_Buzzer\VSCode\.cmsis\include\core_cm3.h","projects\03_TIMER_PWM\timer-pwm-buzzer\course\VSCode\.cmsis\include\core_cm3.h","109529","C9937781259A8897ADF514445441C68570087D6A72A558D8A4AFE75CDB62DBD2","C9937781259A8897ADF514445441C68570087D6A72A558D8A4AFE75CDB62DBD2","MATCH"
"day07\02_Timer_Library_Buzzer\VSCode\.cmsis\include\core_cm33.h","projects\03_TIMER_PWM\timer-pwm-buzzer\course\VSCode\.cmsis\include\core_cm33.h","189524","225C47C36230EDAA314F1E7A45B38279F6AB4D58FAEB132226DB35F7007D58AA","225C47C36230EDAA314F1E7A45B38279F6AB4D58FAEB132226DB35F7007D58AA","MATCH"
"day07\02_Timer_Library_Buzzer\VSCode\.cmsis\include\core_cm35p.h","projects\03_TIMER_PWM\timer-pwm-buzzer\course\VSCode\.cmsis\include\core_cm35p.h","189539","206B427589981B78169C1D9B73E898E4E8DE4EFBD76FD0C2DF7DF81D645B9FA2","206B427589981B78169C1D9B73E898E4E8DE4EFBD76FD0C2DF7DF81D645B9FA2","MATCH"
"day07\02_Timer_Library_Buzzer\VSCode\.cmsis\include\core_cm4.h","projects\03_TIMER_PWM\timer-pwm-buzzer\course\VSCode\.cmsis\include\core_cm4.h","120975","F5B63D52DD1557B15CA414CB59C264F595A7B5669DB2A5878DFFE22F4CAEDC8C","F5B63D52DD1557B15CA414CB59C264F595A7B5669DB2A5878DFFE22F4CAEDC8C","MATCH"
"day07\02_Timer_Library_Buzzer\VSCode\.cmsis\include\core_cm55.h","projects\03_TIMER_PWM\timer-pwm-buzzer\course\VSCode\.cmsis\include\core_cm55.h","317450","5707F716CF03F7E80151108AE94601FCFDF362DD2D830876040213318F6DEE3A","5707F716CF03F7E80151108AE94601FCFDF362DD2D830876040213318F6DEE3A","MATCH"
"day07\02_Timer_Library_Buzzer\VSCode\.cmsis\include\core_cm7.h","projects\03_TIMER_PWM\timer-pwm-buzzer\course\VSCode\.cmsis\include\core_cm7.h","138948","E974D0A91752487D0154457CD422C37667328E9DDB7BA4FA2FED479A63577F63","E974D0A91752487D0154457CD422C37667328E9DDB7BA4FA2FED479A63577F63","MATCH"
"day07\02_Timer_Library_Buzzer\VSCode\.cmsis\include\core_cm85.h","projects\03_TIMER_PWM\timer-pwm-buzzer\course\VSCode\.cmsis\include\core_cm85.h","308328","75BC123889F0F5CA33C4D16B6CBDD580A3572663C899FADB2C8E28F6A5E6FEAD","75BC123889F0F5CA33C4D16B6CBDD580A3572663C899FADB2C8E28F6A5E6FEAD","MATCH"
"day07\02_Timer_Library_Buzzer\VSCode\.cmsis\include\core_sc000.h","projects\03_TIMER_PWM\timer-pwm-buzzer\course\VSCode\.cmsis\include\core_sc000.h","46562","C81377A69A4EA8ECAEAD42194F2CE8AB59BD4EE7BD638E423F5B1F5EC283D154","C81377A69A4EA8ECAEAD42194F2CE8AB59BD4EE7BD638E423F5B1F5EC283D154","MATCH"
"day07\02_Timer_Library_Buzzer\VSCode\.cmsis\include\core_sc300.h","projects\03_TIMER_PWM\timer-pwm-buzzer\course\VSCode\.cmsis\include\core_sc300.h","108524","73DD461C12C7D3A693840DF3084FD8F85122095C6F21FA3D779B0F3ECEAEBAD5","73DD461C12C7D3A693840DF3084FD8F85122095C6F21FA3D779B0F3ECEAEBAD5","MATCH"
"day07\02_Timer_Library_Buzzer\VSCode\.cmsis\include\core_starmc1.h","projects\03_TIMER_PWM\timer-pwm-buzzer\course\VSCode\.cmsis\include\core_starmc1.h","193055","92D8661F2947D00DA91653D04794CDE0593FDAAFB3438842A0477775716AAFC5","92D8661F2947D00DA91653D04794CDE0593FDAAFB3438842A0477775716AAFC5","MATCH"
"day07\02_Timer_Library_Buzzer\VSCode\.cmsis\include\mpu_armv7.h","projects\03_TIMER_PWM\timer-pwm-buzzer\course\VSCode\.cmsis\include\mpu_armv7.h","11731","29206B52EE02290ED6F5A5415EBD4187DE802CF176D9B3CB844390D8E5571372","29206B52EE02290ED6F5A5415EBD4187DE802CF176D9B3CB844390D8E5571372","MATCH"
"day07\02_Timer_Library_Buzzer\VSCode\.cmsis\include\mpu_armv8.h","projects\03_TIMER_PWM\timer-pwm-buzzer\course\VSCode\.cmsis\include\mpu_armv8.h","11370","2C7D22A344CEDCC1E35380D1F76F0E6C55DA5E3101E6A41FD85497D1841FE8C9","2C7D22A344CEDCC1E35380D1F76F0E6C55DA5E3101E6A41FD85497D1841FE8C9","MATCH"
"day07\02_Timer_Library_Buzzer\VSCode\.cmsis\include\pac_armv81.h","projects\03_TIMER_PWM\timer-pwm-buzzer\course\VSCode\.cmsis\include\pac_armv81.h","6062","D76F5CC0C59A59E035115F700B8E8D95B7B98ECB99A2924E885F82A94903D984","D76F5CC0C59A59E035115F700B8E8D95B7B98ECB99A2924E885F82A94903D984","MATCH"
"day07\02_Timer_Library_Buzzer\VSCode\.cmsis\include\pmu_armv8.h","projects\03_TIMER_PWM\timer-pwm-buzzer\course\VSCode\.cmsis\include\pmu_armv8.h","22786","CEA8C105C5F41BA831FE4D9E8E39758068CD4C414383348DC2835D6BE447CCA0","CEA8C105C5F41BA831FE4D9E8E39758068CD4C414383348DC2835D6BE447CCA0","MATCH"
"day07\02_Timer_Library_Buzzer\VSCode\.cmsis\include\tz_context.h","projects\03_TIMER_PWM\timer-pwm-buzzer\course\VSCode\.cmsis\include\tz_context.h","2687","45565C8CB04C653AABAF3CCEDDFC848B6A0DE28C20D4F7E3D475A992C7EEE788","45565C8CB04C653AABAF3CCEDDFC848B6A0DE28C20D4F7E3D475A992C7EEE788","MATCH"
"day07\02_Timer_Library_Buzzer\VSCode\.eide.usr.ctx.json","projects\03_TIMER_PWM\timer-pwm-buzzer\course\VSCode\.eide.usr.ctx.json","28","03EE52DB36D82CC91C26B284E3B96463A6279B8908C327B3F06DCAB6366C1EBB","03EE52DB36D82CC91C26B284E3B96463A6279B8908C327B3F06DCAB6366C1EBB","MATCH"
"day07\02_Timer_Library_Buzzer\VSCode\.eide\eide.json","projects\03_TIMER_PWM\timer-pwm-buzzer\course\VSCode\.eide\eide.json","7398","989B199DBD366F1815435E633849C473A28774B1FBA14965AF7B18B1568A721C","989B199DBD366F1815435E633849C473A28774B1FBA14965AF7B18B1568A721C","MATCH"
"day07\02_Timer_Library_Buzzer\VSCode\.eide\env.ini","projects\03_TIMER_PWM\timer-pwm-buzzer\course\VSCode\.eide\env.ini","37","1F42E08381B7F9161DC65B5B4F98E584D5841FB9D722A6DEE18D48C52A2DDB42","1F42E08381B7F9161DC65B5B4F98E584D5841FB9D722A6DEE18D48C52A2DDB42","MATCH"
"day07\02_Timer_Library_Buzzer\VSCode\.eide\files.options.yml","projects\03_TIMER_PWM\timer-pwm-buzzer\course\VSCode\.eide\files.options.yml","689","DCE15A6F5EA9904173CC7A8EE4D6A3790B84BE7D855AD431DD758DD630D094AF","DCE15A6F5EA9904173CC7A8EE4D6A3790B84BE7D855AD431DD758DD630D094AF","MATCH"
"day07\02_Timer_Library_Buzzer\VSCode\.gitignore","projects\03_TIMER_PWM\timer-pwm-buzzer\course\VSCode\.gitignore","166","5430B7D763F0BECEA3C0D265A8BE1DB78E3F1A2E47938595F47498DA00E11E45","5430B7D763F0BECEA3C0D265A8BE1DB78E3F1A2E47938595F47498DA00E11E45","MATCH"
"day07\02_Timer_Library_Buzzer\VSCode\VSCode.code-workspace","projects\03_TIMER_PWM\timer-pwm-buzzer\course\VSCode\VSCode.code-workspace","1199","254E79D293DFCA8FC2AAADEC81282183E7F03826C6A02A27ECB05EDF8389D7F1","254E79D293DFCA8FC2AAADEC81282183E7F03826C6A02A27ECB05EDF8389D7F1","MATCH"
"day05\01_GD32_USART_Library_Optimize\Firmware\CMSIS\core_cm4_simd.h","projects\04_UART\uart-callback\course\Firmware\CMSIS\core_cm4_simd.h","22959","0C2A0C2D66C7791B82CA19D10336C96518830EF359F6BFD9DA7477BC2CBCCBBB","0C2A0C2D66C7791B82CA19D10336C96518830EF359F6BFD9DA7477BC2CBCCBBB","MATCH"
"day05\01_GD32_USART_Library_Optimize\Firmware\CMSIS\core_cm4.h","projects\04_UART\uart-callback\course\Firmware\CMSIS\core_cm4.h","109878","4756546E1449D17B1A7DEE2F3307F2C92C9F1D669C3F5DFC3EE1DEC8AEE9A8F7","4756546E1449D17B1A7DEE2F3307F2C92C9F1D669C3F5DFC3EE1DEC8AEE9A8F7","MATCH"
"day05\01_GD32_USART_Library_Optimize\Firmware\CMSIS\core_cmFunc.h","projects\04_UART\uart-callback\course\Firmware\CMSIS\core_cmFunc.h","15828","5075FF67C8E264B83D9B391C07C6512E26ABBC189E321DE0D8B4375476980E5E","5075FF67C8E264B83D9B391C07C6512E26ABBC189E321DE0D8B4375476980E5E","MATCH"
"day05\01_GD32_USART_Library_Optimize\Firmware\CMSIS\core_cmInstr.h","projects\04_UART\uart-callback\course\Firmware\CMSIS\core_cmInstr.h","17205","C35DDCA16CA04646DC70ACF2D592AD9EAEAAECD8125A32ABB710069648266EB5","C35DDCA16CA04646DC70ACF2D592AD9EAEAAECD8125A32ABB710069648266EB5","MATCH"
"day05\01_GD32_USART_Library_Optimize\Firmware\CMSIS\GD\GD32F4xx\Include\gd32f4xx.h","projects\04_UART\uart-callback\course\Firmware\CMSIS\GD\GD32F4xx\Include\gd32f4xx.h","28854","96F1F6884C9885D32DF760A385CA0B5E8E9B20C066F71B946771A00503623A62","96F1F6884C9885D32DF760A385CA0B5E8E9B20C066F71B946771A00503623A62","MATCH"
"day05\01_GD32_USART_Library_Optimize\Firmware\CMSIS\GD\GD32F4xx\Include\system_gd32f4xx.h","projects\04_UART\uart-callback\course\Firmware\CMSIS\GD\GD32F4xx\Include\system_gd32f4xx.h","2484","98EF2DD6DD7F6D2542C4D5CA83E9869BE3630B43300CB9AB453703E4277913BD","98EF2DD6DD7F6D2542C4D5CA83E9869BE3630B43300CB9AB453703E4277913BD","MATCH"
"day05\01_GD32_USART_Library_Optimize\Firmware\CMSIS\GD\GD32F4xx\Source\ARM\startup_gd32f405_425.s","projects\04_UART\uart-callback\course\Firmware\CMSIS\GD\GD32F4xx\Source\ARM\startup_gd32f405_425.s","21757","AEF6290F6950C0B7FB922FD12B91B3FC34ADA707A6846AA5D7A1277FDD50FBD9","AEF6290F6950C0B7FB922FD12B91B3FC34ADA707A6846AA5D7A1277FDD50FBD9","MATCH"
"day05\01_GD32_USART_Library_Optimize\Firmware\CMSIS\GD\GD32F4xx\Source\ARM\startup_gd32f407_427.s","projects\04_UART\uart-callback\course\Firmware\CMSIS\GD\GD32F4xx\Source\ARM\startup_gd32f407_427.s","22101","65127CC1FFC7BB0C6E3AB3E1EF32C8F935D09EF4A83AC4914E089D40C39B8B5B","65127CC1FFC7BB0C6E3AB3E1EF32C8F935D09EF4A83AC4914E089D40C39B8B5B","MATCH"
"day05\01_GD32_USART_Library_Optimize\Firmware\CMSIS\GD\GD32F4xx\Source\ARM\startup_gd32f450_470.s","projects\04_UART\uart-callback\course\Firmware\CMSIS\GD\GD32F4xx\Source\ARM\startup_gd32f450_470.s","23659","A4E9852BA47AAD025DE9645D067FAB33DDA87B8E82DEA6D77B3364F902345299","A4E9852BA47AAD025DE9645D067FAB33DDA87B8E82DEA6D77B3364F902345299","MATCH"
"day05\01_GD32_USART_Library_Optimize\Firmware\CMSIS\GD\GD32F4xx\Source\IAR\startup_gd32f405_425.s","projects\04_UART\uart-callback\course\Firmware\CMSIS\GD\GD32F4xx\Source\IAR\startup_gd32f405_425.s","25159","70E76C6AD0182A5682773261E308008BC1102C09839605A0E058851173026836","70E76C6AD0182A5682773261E308008BC1102C09839605A0E058851173026836","MATCH"
"day05\01_GD32_USART_Library_Optimize\Firmware\CMSIS\GD\GD32F4xx\Source\IAR\startup_gd32f407_427.s","projects\04_UART\uart-callback\course\Firmware\CMSIS\GD\GD32F4xx\Source\IAR\startup_gd32f407_427.s","25736","550D6CA54DE7F8FCB2791AAF9141666BA15978C55017FA6798BF0CA80A2864C6","550D6CA54DE7F8FCB2791AAF9141666BA15978C55017FA6798BF0CA80A2864C6","MATCH"
"day05\01_GD32_USART_Library_Optimize\Firmware\CMSIS\GD\GD32F4xx\Source\IAR\startup_gd32f450_470.s","projects\04_UART\uart-callback\course\Firmware\CMSIS\GD\GD32F4xx\Source\IAR\startup_gd32f450_470.s","27837","EE6654F1D551C6937D014FE943342B0395A32076E5AC8DD688C600EACB9BD343","EE6654F1D551C6937D014FE943342B0395A32076E5AC8DD688C600EACB9BD343","MATCH"
"day05\01_GD32_USART_Library_Optimize\Firmware\CMSIS\GD\GD32F4xx\Source\system_gd32f4xx.c","projects\04_UART\uart-callback\course\Firmware\CMSIS\GD\GD32F4xx\Source\system_gd32f4xx.c","36416","8F66A123756716CF74297A7B54EEC616F230CBBC37DFB60F21BF05D1BC070836","8F66A123756716CF74297A7B54EEC616F230CBBC37DFB60F21BF05D1BC070836","MATCH"
"day05\01_GD32_USART_Library_Optimize\Firmware\GD32F4xx_standard_peripheral\Include\gd32f4xx_adc.h","projects\04_UART\uart-callback\course\Firmware\GD32F4xx_standard_peripheral\Include\gd32f4xx_adc.h","41521","D6B41E007F1EE95E5FA1B495F94924F7E6166439FBF3E9234A26B5FA6C32F1DE","D6B41E007F1EE95E5FA1B495F94924F7E6166439FBF3E9234A26B5FA6C32F1DE","MATCH"
"day05\01_GD32_USART_Library_Optimize\Firmware\GD32F4xx_standard_peripheral\Include\gd32f4xx_can.h","projects\04_UART\uart-callback\course\Firmware\GD32F4xx_standard_peripheral\Include\gd32f4xx_can.h","54440","62A96066D7B8A1CEF45AB4092FCE5058B962050EB1C9E4B3585F0E19B9F30578","62A96066D7B8A1CEF45AB4092FCE5058B962050EB1C9E4B3585F0E19B9F30578","MATCH"
"day05\01_GD32_USART_Library_Optimize\Firmware\GD32F4xx_standard_peripheral\Include\gd32f4xx_crc.h","projects\04_UART\uart-callback\course\Firmware\GD32F4xx_standard_peripheral\Include\gd32f4xx_crc.h","3380","4870F145AEEC968F3A7A0A5068105591E1ADEB9A37A5E47FDCC9D27D7D3AFBD6","4870F145AEEC968F3A7A0A5068105591E1ADEB9A37A5E47FDCC9D27D7D3AFBD6","MATCH"
"day05\01_GD32_USART_Library_Optimize\Firmware\GD32F4xx_standard_peripheral\Include\gd32f4xx_ctc.h","projects\04_UART\uart-callback\course\Firmware\GD32F4xx_standard_peripheral\Include\gd32f4xx_ctc.h","11513","900AB7D5F9C585834166A58966C8D523FF91D410066D00BBED3E6522C25782D7","900AB7D5F9C585834166A58966C8D523FF91D410066D00BBED3E6522C25782D7","MATCH"
"day05\01_GD32_USART_Library_Optimize\Firmware\GD32F4xx_standard_peripheral\Include\gd32f4xx_dac.h","projects\04_UART\uart-callback\course\Firmware\GD32F4xx_standard_peripheral\Include\gd32f4xx_dac.h","18761","86057CC0C52A32F955A12F47ABA1E4997AC2DABA13B10A686D8777579F638AFB","86057CC0C52A32F955A12F47ABA1E4997AC2DABA13B10A686D8777579F638AFB","MATCH"
"day05\01_GD32_USART_Library_Optimize\Firmware\GD32F4xx_standard_peripheral\Include\gd32f4xx_dbg.h","projects\04_UART\uart-callback\course\Firmware\GD32F4xx_standard_peripheral\Include\gd32f4xx_dbg.h","9890","21A089B5880F1D101116BD37EAAC7A085A103901A40900E75941130D901B150E","21A089B5880F1D101116BD37EAAC7A085A103901A40900E75941130D901B150E","MATCH"
"day05\01_GD32_USART_Library_Optimize\Firmware\GD32F4xx_standard_peripheral\Include\gd32f4xx_dci.h","projects\04_UART\uart-callback\course\Firmware\GD32F4xx_standard_peripheral\Include\gd32f4xx_dci.h","13665","787F449F0B2EBA5BBCC92B0D50899FA668CEA6ED9CCAB3960EBA0B2253CC7748","787F449F0B2EBA5BBCC92B0D50899FA668CEA6ED9CCAB3960EBA0B2253CC7748","MATCH"
"day05\01_GD32_USART_Library_Optimize\Firmware\GD32F4xx_standard_peripheral\Include\gd32f4xx_dma.h","projects\04_UART\uart-callback\course\Firmware\GD32F4xx_standard_peripheral\Include\gd32f4xx_dma.h","32675","F358957EBF98C4C449480A088E349CDAC2716394C24FA4111DE08B06FCDC5094","F358957EBF98C4C449480A088E349CDAC2716394C24FA4111DE08B06FCDC5094","MATCH"
"day05\01_GD32_USART_Library_Optimize\Firmware\GD32F4xx_standard_peripheral\Include\gd32f4xx_enet.h","projects\04_UART\uart-callback\course\Firmware\GD32F4xx_standard_peripheral\Include\gd32f4xx_enet.h","144084","2BDBC2BE9B0E3BA398DEEAB38021442A2CFEEDFF21FC353CF3B16C717A2CDF9B","2BDBC2BE9B0E3BA398DEEAB38021442A2CFEEDFF21FC353CF3B16C717A2CDF9B","MATCH"
"day05\01_GD32_USART_Library_Optimize\Firmware\GD32F4xx_standard_peripheral\Include\gd32f4xx_exmc.h","projects\04_UART\uart-callback\course\Firmware\GD32F4xx_standard_peripheral\Include\gd32f4xx_exmc.h","64299","68482B678DD868085A6BE6317EEC18873D43F895936E503487E843E561A0D55E","68482B678DD868085A6BE6317EEC18873D43F895936E503487E843E561A0D55E","MATCH"
"day05\01_GD32_USART_Library_Optimize\Firmware\GD32F4xx_standard_peripheral\Include\gd32f4xx_exti.h","projects\04_UART\uart-callback\course\Firmware\GD32F4xx_standard_peripheral\Include\gd32f4xx_exti.h","20470","705948F029F63A5995D9849A60E417D6210ECE34C8E942C76A2D4E7A2B927426","705948F029F63A5995D9849A60E417D6210ECE34C8E942C76A2D4E7A2B927426","MATCH"
"day05\01_GD32_USART_Library_Optimize\Firmware\GD32F4xx_standard_peripheral\Include\gd32f4xx_fmc.h","projects\04_UART\uart-callback\course\Firmware\GD32F4xx_standard_peripheral\Include\gd32f4xx_fmc.h","28322","5A5D9F0B1CE1E7486206130F80048F81A6D3E9E6337BF0A4C69D4A1D5EDC9F7E","5A5D9F0B1CE1E7486206130F80048F81A6D3E9E6337BF0A4C69D4A1D5EDC9F7E","MATCH"
"day05\01_GD32_USART_Library_Optimize\Firmware\GD32F4xx_standard_peripheral\Include\gd32f4xx_fwdgt.h","projects\04_UART\uart-callback\course\Firmware\GD32F4xx_standard_peripheral\Include\gd32f4xx_fwdgt.h","5876","04CB4EE0D6526910CF9CA8BEFC437FC6DF3FDFE09FB0BC418AB7EA5C19611A50","04CB4EE0D6526910CF9CA8BEFC437FC6DF3FDFE09FB0BC418AB7EA5C19611A50","MATCH"
"day05\01_GD32_USART_Library_Optimize\Firmware\GD32F4xx_standard_peripheral\Include\gd32f4xx_gpio.h","projects\04_UART\uart-callback\course\Firmware\GD32F4xx_standard_peripheral\Include\gd32f4xx_gpio.h","29164","A20501A28644BF45B8E3C4AB2A7237466805C1480B06E7D6C8585296D7F08787","A20501A28644BF45B8E3C4AB2A7237466805C1480B06E7D6C8585296D7F08787","MATCH"
"day05\01_GD32_USART_Library_Optimize\Firmware\GD32F4xx_standard_peripheral\Include\gd32f4xx_i2c.h","projects\04_UART\uart-callback\course\Firmware\GD32F4xx_standard_peripheral\Include\gd32f4xx_i2c.h","29826","6CF4053E2452263CDFCB98DA0832CE1F2F1B0380C1BEA5D4284C1DF0D5CBBB05","6CF4053E2452263CDFCB98DA0832CE1F2F1B0380C1BEA5D4284C1DF0D5CBBB05","MATCH"
"day05\01_GD32_USART_Library_Optimize\Firmware\GD32F4xx_standard_peripheral\Include\gd32f4xx_ipa.h","projects\04_UART\uart-callback\course\Firmware\GD32F4xx_standard_peripheral\Include\gd32f4xx_ipa.h","25918","1AD22068402E09BAE4117E637ED972FCD7452751CCBE01C7829AEA7DF45AE8AE","1AD22068402E09BAE4117E637ED972FCD7452751CCBE01C7829AEA7DF45AE8AE","MATCH"
"day05\01_GD32_USART_Library_Optimize\Firmware\GD32F4xx_standard_peripheral\Include\gd32f4xx_iref.h","projects\04_UART\uart-callback\course\Firmware\GD32F4xx_standard_peripheral\Include\gd32f4xx_iref.h","13448","D9D1E67FD4473F44B2F7E22BB78C3DFA9B5109D083AF1B0FDC63EC657B241C4A","D9D1E67FD4473F44B2F7E22BB78C3DFA9B5109D083AF1B0FDC63EC657B241C4A","MATCH"
"day05\01_GD32_USART_Library_Optimize\Firmware\GD32F4xx_standard_peripheral\Include\gd32f4xx_misc.h","projects\04_UART\uart-callback\course\Firmware\GD32F4xx_standard_peripheral\Include\gd32f4xx_misc.h","4691","0A918F830F0200C0E806DFB50594259783E69D8ADBC27708705567F7193D35FB","0A918F830F0200C0E806DFB50594259783E69D8ADBC27708705567F7193D35FB","MATCH"
"day05\01_GD32_USART_Library_Optimize\Firmware\GD32F4xx_standard_peripheral\Include\gd32f4xx_pmu.h","projects\04_UART\uart-callback\course\Firmware\GD32F4xx_standard_peripheral\Include\gd32f4xx_pmu.h","11878","B9A72B6E42083EFD170C0C5FBE579C5D6417F9BBF674DB36041BE96FCBD84636","B9A72B6E42083EFD170C0C5FBE579C5D6417F9BBF674DB36041BE96FCBD84636","MATCH"
"day05\01_GD32_USART_Library_Optimize\Firmware\GD32F4xx_standard_peripheral\Include\gd32f4xx_rcu.h","projects\04_UART\uart-callback\course\Firmware\GD32F4xx_standard_peripheral\Include\gd32f4xx_rcu.h","95768","AC2B2AE653EDC89E674EDA24E1CFE8B511B73984AE0CABED3DF60BA61F8EEF08","AC2B2AE653EDC89E674EDA24E1CFE8B511B73984AE0CABED3DF60BA61F8EEF08","MATCH"
"day05\01_GD32_USART_Library_Optimize\Firmware\GD32F4xx_standard_peripheral\Include\gd32f4xx_rtc.h","projects\04_UART\uart-callback\course\Firmware\GD32F4xx_standard_peripheral\Include\gd32f4xx_rtc.h","52407","1798B1B495683096D4491CF0F854957D2AD60612F65A801ED0E7A4BEE49FA549","1798B1B495683096D4491CF0F854957D2AD60612F65A801ED0E7A4BEE49FA549","MATCH"
"day05\01_GD32_USART_Library_Optimize\Firmware\GD32F4xx_standard_peripheral\Include\gd32f4xx_sdio.h","projects\04_UART\uart-callback\course\Firmware\GD32F4xx_standard_peripheral\Include\gd32f4xx_sdio.h","30655","8D6813EFC565E3085611D767EA4E670E0C76A256C6F17FC93F313BCB11D0385A","8D6813EFC565E3085611D767EA4E670E0C76A256C6F17FC93F313BCB11D0385A","MATCH"
"day05\01_GD32_USART_Library_Optimize\Firmware\GD32F4xx_standard_peripheral\Include\gd32f4xx_spi.h","projects\04_UART\uart-callback\course\Firmware\GD32F4xx_standard_peripheral\Include\gd32f4xx_spi.h","25831","4C6360C8FE58D4A38E4870BCBA17630857551D3EC7B4BD3DDEB5085C31240B1C","4C6360C8FE58D4A38E4870BCBA17630857551D3EC7B4BD3DDEB5085C31240B1C","MATCH"
"day05\01_GD32_USART_Library_Optimize\Firmware\GD32F4xx_standard_peripheral\Include\gd32f4xx_syscfg.h","projects\04_UART\uart-callback\course\Firmware\GD32F4xx_standard_peripheral\Include\gd32f4xx_syscfg.h","11558","5060FEF0A07A3FC1396A31F09F95FE1D134F8A1FB1581E3DD98BB6078108C447","5060FEF0A07A3FC1396A31F09F95FE1D134F8A1FB1581E3DD98BB6078108C447","MATCH"
"day05\01_GD32_USART_Library_Optimize\Firmware\GD32F4xx_standard_peripheral\Include\gd32f4xx_timer.h","projects\04_UART\uart-callback\course\Firmware\GD32F4xx_standard_peripheral\Include\gd32f4xx_timer.h","59717","7A79F81F1D862A1B49F23BFE05B1AC751A71E761B6E63C2DFFABE6C7BC69AC49","7A79F81F1D862A1B49F23BFE05B1AC751A71E761B6E63C2DFFABE6C7BC69AC49","MATCH"
"day05\01_GD32_USART_Library_Optimize\Firmware\GD32F4xx_standard_peripheral\Include\gd32f4xx_tli.h","projects\04_UART\uart-callback\course\Firmware\GD32F4xx_standard_peripheral\Include\gd32f4xx_tli.h","23557","1B94EA157AC8CE2FED962B0C4FF95B6702C6194300AA51B04C3AAFE493768D2A","1B94EA157AC8CE2FED962B0C4FF95B6702C6194300AA51B04C3AAFE493768D2A","MATCH"
"day05\01_GD32_USART_Library_Optimize\Firmware\GD32F4xx_standard_peripheral\Include\gd32f4xx_trng.h","projects\04_UART\uart-callback\course\Firmware\GD32F4xx_standard_peripheral\Include\gd32f4xx_trng.h","4431","91E2BB5AFFEFA65F90927FAD795FAA0F4204516284ECA38E461506F0CD9CA924","91E2BB5AFFEFA65F90927FAD795FAA0F4204516284ECA38E461506F0CD9CA924","MATCH"
"day05\01_GD32_USART_Library_Optimize\Firmware\GD32F4xx_standard_peripheral\Include\gd32f4xx_usart.h","projects\04_UART\uart-callback\course\Firmware\GD32F4xx_standard_peripheral\Include\gd32f4xx_usart.h","31652","6CF40E957A1216C99E3663D667DE1944C42272897011834BF20ADCD97E791074","6CF40E957A1216C99E3663D667DE1944C42272897011834BF20ADCD97E791074","MATCH"
"day05\01_GD32_USART_Library_Optimize\Firmware\GD32F4xx_standard_peripheral\Include\gd32f4xx_wwdgt.h","projects\04_UART\uart-callback\course\Firmware\GD32F4xx_standard_peripheral\Include\gd32f4xx_wwdgt.h","4561","01EECFC98B4507AEB8F0AFBE7D994EA0A617A79E5D4EB2D1D4A85979BA014EFE","01EECFC98B4507AEB8F0AFBE7D994EA0A617A79E5D4EB2D1D4A85979BA014EFE","MATCH"
"day05\01_GD32_USART_Library_Optimize\Firmware\GD32F4xx_standard_peripheral\Source\gd32f4xx_adc.c","projects\04_UART\uart-callback\course\Firmware\GD32F4xx_standard_peripheral\Source\gd32f4xx_adc.c","49331","8A5C91EC7A397B53EFD086646674D273ECE00F36C9610AB50715FE1521BA4112","8A5C91EC7A397B53EFD086646674D273ECE00F36C9610AB50715FE1521BA4112","MATCH"
"day05\01_GD32_USART_Library_Optimize\Firmware\GD32F4xx_standard_peripheral\Source\gd32f4xx_can.c","projects\04_UART\uart-callback\course\Firmware\GD32F4xx_standard_peripheral\Source\gd32f4xx_can.c","40297","CE0E343B00856972EABACCC1F4D88C051796A8D1E30C4596312FC29A533DB8BA","CE0E343B00856972EABACCC1F4D88C051796A8D1E30C4596312FC29A533DB8BA","MATCH"
"day05\01_GD32_USART_Library_Optimize\Firmware\GD32F4xx_standard_peripheral\Source\gd32f4xx_crc.c","projects\04_UART\uart-callback\course\Firmware\GD32F4xx_standard_peripheral\Source\gd32f4xx_crc.c","3904","C14034159E72E082AA70E2A8CBA60FFCF950B63D75AE467706632F32EC00F315","C14034159E72E082AA70E2A8CBA60FFCF950B63D75AE467706632F32EC00F315","MATCH"
"day05\01_GD32_USART_Library_Optimize\Firmware\GD32F4xx_standard_peripheral\Source\gd32f4xx_ctc.c","projects\04_UART\uart-callback\course\Firmware\GD32F4xx_standard_peripheral\Source\gd32f4xx_ctc.c","12892","07F4A6385C6FFB2E18ECF95DAAE6A431FB91262FA988835A249A64F4002280A1","07F4A6385C6FFB2E18ECF95DAAE6A431FB91262FA988835A249A64F4002280A1","MATCH"
"day05\01_GD32_USART_Library_Optimize\Firmware\GD32F4xx_standard_peripheral\Source\gd32f4xx_dac.c","projects\04_UART\uart-callback\course\Firmware\GD32F4xx_standard_peripheral\Source\gd32f4xx_dac.c","22641","ACE5C99F1E2774D955CA4E4D5D6E81B2D831F718098487EA3E8C2C34C960E160","ACE5C99F1E2774D955CA4E4D5D6E81B2D831F718098487EA3E8C2C34C960E160","MATCH"
"day05\01_GD32_USART_Library_Optimize\Firmware\GD32F4xx_standard_peripheral\Source\gd32f4xx_dbg.c","projects\04_UART\uart-callback\course\Firmware\GD32F4xx_standard_peripheral\Source\gd32f4xx_dbg.c","7772","6EEC659FD6B5C549226BAE8E9C9C78785B064D557434189BB221287D550FE291","6EEC659FD6B5C549226BAE8E9C9C78785B064D557434189BB221287D550FE291","MATCH"
"day05\01_GD32_USART_Library_Optimize\Firmware\GD32F4xx_standard_peripheral\Source\gd32f4xx_dci.c","projects\04_UART\uart-callback\course\Firmware\GD32F4xx_standard_peripheral\Source\gd32f4xx_dci.c","10290","B99613D9A21A02DD39117F30B9A488B859209AB3489DCFDE7361D147CDF76516","B99613D9A21A02DD39117F30B9A488B859209AB3489DCFDE7361D147CDF76516","MATCH"
"day05\01_GD32_USART_Library_Optimize\Firmware\GD32F4xx_standard_peripheral\Source\gd32f4xx_dma.c","projects\04_UART\uart-callback\course\Firmware\GD32F4xx_standard_peripheral\Source\gd32f4xx_dma.c","36449","2D943A169ABABCC22CBC6C41665F5CE375C30B63005954E1D34BB3218CB63FAF","2D943A169ABABCC22CBC6C41665F5CE375C30B63005954E1D34BB3218CB63FAF","MATCH"
"day05\01_GD32_USART_Library_Optimize\Firmware\GD32F4xx_standard_peripheral\Source\gd32f4xx_enet.c","projects\04_UART\uart-callback\course\Firmware\GD32F4xx_standard_peripheral\Source\gd32f4xx_enet.c","151999","3051E8737C463D23D07B9C9AD937BC7C488BB573738B2313982870DAA670E87E","3051E8737C463D23D07B9C9AD937BC7C488BB573738B2313982870DAA670E87E","MATCH"
"day05\01_GD32_USART_Library_Optimize\Firmware\GD32F4xx_standard_peripheral\Source\gd32f4xx_exmc.c","projects\04_UART\uart-callback\course\Firmware\GD32F4xx_standard_peripheral\Source\gd32f4xx_exmc.c","57117","E4A79B377C89D9EB8BD5BE101E273AD5EFBA0C2A24FB4621AB7BC124BEEEAEBF","E4A79B377C89D9EB8BD5BE101E273AD5EFBA0C2A24FB4621AB7BC124BEEEAEBF","MATCH"
"day05\01_GD32_USART_Library_Optimize\Firmware\GD32F4xx_standard_peripheral\Source\gd32f4xx_exti.c","projects\04_UART\uart-callback\course\Firmware\GD32F4xx_standard_peripheral\Source\gd32f4xx_exti.c","8423","FCE4A7ECA93486D71A9E5758642F2282AE7F8805DBB559312837A0B17577FE58","FCE4A7ECA93486D71A9E5758642F2282AE7F8805DBB559312837A0B17577FE58","MATCH"
"day05\01_GD32_USART_Library_Optimize\Firmware\GD32F4xx_standard_peripheral\Source\gd32f4xx_fmc.c","projects\04_UART\uart-callback\course\Firmware\GD32F4xx_standard_peripheral\Source\gd32f4xx_fmc.c","34852","15408829D2405432FC8ED73D5D8C6BBB1E6C74540F1B817983BABD62E22CAB16","15408829D2405432FC8ED73D5D8C6BBB1E6C74540F1B817983BABD62E22CAB16","MATCH"
"day05\01_GD32_USART_Library_Optimize\Firmware\GD32F4xx_standard_peripheral\Source\gd32f4xx_fwdgt.c","projects\04_UART\uart-callback\course\Firmware\GD32F4xx_standard_peripheral\Source\gd32f4xx_fwdgt.c","7007","05B67D15069CED6F0472E4115ECD16064402E0D6220561499000025A8CD189B7","05B67D15069CED6F0472E4115ECD16064402E0D6220561499000025A8CD189B7","MATCH"
"day05\01_GD32_USART_Library_Optimize\Firmware\GD32F4xx_standard_peripheral\Source\gd32f4xx_gpio.c","projects\04_UART\uart-callback\course\Firmware\GD32F4xx_standard_peripheral\Source\gd32f4xx_gpio.c","15061","262BEFE864D5DA3BADA64D0B3DAB29E5C2747E46B154EDE8BCAB0B788DB614E0","262BEFE864D5DA3BADA64D0B3DAB29E5C2747E46B154EDE8BCAB0B788DB614E0","MATCH"
"day05\01_GD32_USART_Library_Optimize\Firmware\GD32F4xx_standard_peripheral\Source\gd32f4xx_i2c.c","projects\04_UART\uart-callback\course\Firmware\GD32F4xx_standard_peripheral\Source\gd32f4xx_i2c.c","30805","8EDFAF1A8F0BF2833923D0072FE1B9D0467382B3EC1D243E918D0DE9711CCCD2","8EDFAF1A8F0BF2833923D0072FE1B9D0467382B3EC1D243E918D0DE9711CCCD2","MATCH"
"day05\01_GD32_USART_Library_Optimize\Firmware\GD32F4xx_standard_peripheral\Source\gd32f4xx_ipa.c","projects\04_UART\uart-callback\course\Firmware\GD32F4xx_standard_peripheral\Source\gd32f4xx_ipa.c","26662","38A8350304763C1C83B4D2341F6782B090CA09ABE541AC360089B5CB454BCF57","38A8350304763C1C83B4D2341F6782B090CA09ABE541AC360089B5CB454BCF57","MATCH"
"day05\01_GD32_USART_Library_Optimize\Firmware\GD32F4xx_standard_peripheral\Source\gd32f4xx_iref.c","projects\04_UART\uart-callback\course\Firmware\GD32F4xx_standard_peripheral\Source\gd32f4xx_iref.c","3544","24F2FCFCD20882FD3E65773A281A827BF5391A0A8054324EEF7C98BB3F2B9B80","24F2FCFCD20882FD3E65773A281A827BF5391A0A8054324EEF7C98BB3F2B9B80","MATCH"
"day05\01_GD32_USART_Library_Optimize\Firmware\GD32F4xx_standard_peripheral\Source\gd32f4xx_misc.c","projects\04_UART\uart-callback\course\Firmware\GD32F4xx_standard_peripheral\Source\gd32f4xx_misc.c","7136","1CD262F295155428C25DEDC69BFBAB99F7A99DE09E0B602ECA1F2C6017CFE2DA","1CD262F295155428C25DEDC69BFBAB99F7A99DE09E0B602ECA1F2C6017CFE2DA","MATCH"
"day05\01_GD32_USART_Library_Optimize\Firmware\GD32F4xx_standard_peripheral\Source\gd32f4xx_pmu.c","projects\04_UART\uart-callback\course\Firmware\GD32F4xx_standard_peripheral\Source\gd32f4xx_pmu.c","11909","DAFA94838A55132E3313234C5AC2BE6172116DC26574347363D554EFFB186D79","DAFA94838A55132E3313234C5AC2BE6172116DC26574347363D554EFFB186D79","MATCH"
"day05\01_GD32_USART_Library_Optimize\Firmware\GD32F4xx_standard_peripheral\Source\gd32f4xx_rcu.c","projects\04_UART\uart-callback\course\Firmware\GD32F4xx_standard_peripheral\Source\gd32f4xx_rcu.c","50047","6C1030EB58EC7CB9C41E2A1FF31DDEF87F70DD083222327978234004C4E95B98","6C1030EB58EC7CB9C41E2A1FF31DDEF87F70DD083222327978234004C4E95B98","MATCH"
"day05\01_GD32_USART_Library_Optimize\Firmware\GD32F4xx_standard_peripheral\Source\gd32f4xx_rtc.c","projects\04_UART\uart-callback\course\Firmware\GD32F4xx_standard_peripheral\Source\gd32f4xx_rtc.c","46946","EEA5BCB92C88A7BAB9F3740F8E9408236412A546B03A5467F21B0F94A01183E7","EEA5BCB92C88A7BAB9F3740F8E9408236412A546B03A5467F21B0F94A01183E7","MATCH"
"day05\01_GD32_USART_Library_Optimize\Firmware\GD32F4xx_standard_peripheral\Source\gd32f4xx_sdio.c","projects\04_UART\uart-callback\course\Firmware\GD32F4xx_standard_peripheral\Source\gd32f4xx_sdio.c","28412","9D8F3E488C74C44A30C4D0BBB9CD8D86555D898CA9C36F259CE57609959B9854","9D8F3E488C74C44A30C4D0BBB9CD8D86555D898CA9C36F259CE57609959B9854","MATCH"
"day05\01_GD32_USART_Library_Optimize\Firmware\GD32F4xx_standard_peripheral\Source\gd32f4xx_spi.c","projects\04_UART\uart-callback\course\Firmware\GD32F4xx_standard_peripheral\Source\gd32f4xx_spi.c","30670","CE06438E9AD5882A0FCA88DFE658DD925ED3320BA574C2797E2F93ACF6142459","CE06438E9AD5882A0FCA88DFE658DD925ED3320BA574C2797E2F93ACF6142459","MATCH"
"day05\01_GD32_USART_Library_Optimize\Firmware\GD32F4xx_standard_peripheral\Source\gd32f4xx_syscfg.c","projects\04_UART\uart-callback\course\Firmware\GD32F4xx_standard_peripheral\Source\gd32f4xx_syscfg.c","7949","51A7A5E70F3064424CC6E2F6A06942B47ADAAC8C36A6612EE08B1643557B3CA3","51A7A5E70F3064424CC6E2F6A06942B47ADAAC8C36A6612EE08B1643557B3CA3","MATCH"
"day05\01_GD32_USART_Library_Optimize\Firmware\GD32F4xx_standard_peripheral\Source\gd32f4xx_timer.c","projects\04_UART\uart-callback\course\Firmware\GD32F4xx_standard_peripheral\Source\gd32f4xx_timer.c","89361","3961465CF6BA39554E34C02183C50676A4AB9B3991A6AAD32D271754B2506B14","3961465CF6BA39554E34C02183C50676A4AB9B3991A6AAD32D271754B2506B14","MATCH"
"day05\01_GD32_USART_Library_Optimize\Firmware\GD32F4xx_standard_peripheral\Source\gd32f4xx_tli.c","projects\04_UART\uart-callback\course\Firmware\GD32F4xx_standard_peripheral\Source\gd32f4xx_tli.c","24645","881A02E692AFD4A0B6848A929B0B8C79148911AD7543CF611287C45E82372541","881A02E692AFD4A0B6848A929B0B8C79148911AD7543CF611287C45E82372541","MATCH"
"day05\01_GD32_USART_Library_Optimize\Firmware\GD32F4xx_standard_peripheral\Source\gd32f4xx_trng.c","projects\04_UART\uart-callback\course\Firmware\GD32F4xx_standard_peripheral\Source\gd32f4xx_trng.c","4471","BA9093D046A01C997AA54D2DE9F663E8AF32FB9E53C950CFC640F1033FCD6C53","BA9093D046A01C997AA54D2DE9F663E8AF32FB9E53C950CFC640F1033FCD6C53","MATCH"
"day05\01_GD32_USART_Library_Optimize\Firmware\GD32F4xx_standard_peripheral\Source\gd32f4xx_usart.c","projects\04_UART\uart-callback\course\Firmware\GD32F4xx_standard_peripheral\Source\gd32f4xx_usart.c","34715","F67FA54D9C9537317BE92D95FD880A394D9ABE98DF708E5AA821FBFA392AE9B0","F67FA54D9C9537317BE92D95FD880A394D9ABE98DF708E5AA821FBFA392AE9B0","MATCH"
"day05\01_GD32_USART_Library_Optimize\Firmware\GD32F4xx_standard_peripheral\Source\gd32f4xx_wwdgt.c","projects\04_UART\uart-callback\course\Firmware\GD32F4xx_standard_peripheral\Source\gd32f4xx_wwdgt.c","4154","0ED39DE6F0101E10DDCB476E6EF21C44D2282D4F689D0D0D70F9E04940E6F0FE","0ED39DE6F0101E10DDCB476E6EF21C44D2282D4F689D0D0D70F9E04940E6F0FE","MATCH"
"day05\01_GD32_USART_Library_Optimize\Library\USART0.c","projects\04_UART\uart-callback\course\Library\USART0.c","4328","58DDB868F5B8B8274B8BB5F031BD3BFC0161FD4078D4ADB02930CCCB1757E6BE","58DDB868F5B8B8274B8BB5F031BD3BFC0161FD4078D4ADB02930CCCB1757E6BE","MATCH"
"day05\01_GD32_USART_Library_Optimize\Library\USART0.h","projects\04_UART\uart-callback\course\Library\USART0.h","673","7183F36C1F0C1E77E5C5E796E51266554B64E29B965A66009782B4C75A8A63E3","7183F36C1F0C1E77E5C5E796E51266554B64E29B965A66009782B4C75A8A63E3","MATCH"
"day05\01_GD32_USART_Library_Optimize\Project\GD32F407.uvprojx","projects\04_UART\uart-callback\course\Project\GD32F407.uvprojx","17009","DA0ED4B853DF2BB13FADB9BD5C4B9CE8AAAE887E755432DA5707F9074B104540","DA0ED4B853DF2BB13FADB9BD5C4B9CE8AAAE887E755432DA5707F9074B104540","MATCH"
"day05\01_GD32_USART_Library_Optimize\User\gd32f4xx_it.c","projects\04_UART\uart-callback\course\User\gd32f4xx_it.c","3980","5BE8E65B392A41354E513056974D1869598AF02739A7CE6419E611D6AA3979C6","5BE8E65B392A41354E513056974D1869598AF02739A7CE6419E611D6AA3979C6","MATCH"
"day05\01_GD32_USART_Library_Optimize\User\gd32f4xx_it.h","projects\04_UART\uart-callback\course\User\gd32f4xx_it.h","2524","B4995762AE5CEB7125CC9720CEA7E2BAD8640C23B87ED1856D9B8A380A5FC8C3","B4995762AE5CEB7125CC9720CEA7E2BAD8640C23B87ED1856D9B8A380A5FC8C3","MATCH"
"day05\01_GD32_USART_Library_Optimize\User\gd32f4xx_libopt.h","projects\04_UART\uart-callback\course\User\gd32f4xx_libopt.h","2917","702C6D85987BCDDDD363A8412C5806255F6C746065DA984EB21896C5DDD6BF09","702C6D85987BCDDDD363A8412C5806255F6C746065DA984EB21896C5DDD6BF09","MATCH"
"day05\01_GD32_USART_Library_Optimize\User\main.c","projects\04_UART\uart-callback\course\User\main.c","967","BAAD954E32C976913B029D5E265A14314930B868517E0988CFE59011A7E9967A","BAAD954E32C976913B029D5E265A14314930B868517E0988CFE59011A7E9967A","MATCH"
"day05\01_GD32_USART_Library_Optimize\User\main.h","projects\04_UART\uart-callback\course\User\main.h","1814","32C273B119ABF22DA51E2782C09853A1545B1DF1364A13EFFA2B465379E1A53C","32C273B119ABF22DA51E2782C09853A1545B1DF1364A13EFFA2B465379E1A53C","MATCH"
"day05\01_GD32_USART_Library_Optimize\User\readme.txt","projects\04_UART\uart-callback\course\User\readme.txt","1862","A45BD1E14D470B46BE2D57C9D35147E41204556CC4BB4E25EA3C7B6B424A0B7C","A45BD1E14D470B46BE2D57C9D35147E41204556CC4BB4E25EA3C7B6B424A0B7C","MATCH"
"day05\01_GD32_USART_Library_Optimize\User\systick.c","projects\04_UART\uart-callback\course\User\systick.c","2734","FEFC07FA6F337480502D4C48F840407EB469B8C223556999053FFBA8A0F4EBB8","FEFC07FA6F337480502D4C48F840407EB469B8C223556999053FFBA8A0F4EBB8","MATCH"
"day05\01_GD32_USART_Library_Optimize\User\systick.h","projects\04_UART\uart-callback\course\User\systick.h","2003","0B164DD708DE01A6D16EC7BF45FB0A8E99B7CD387F5EAEDAC03E679515C04B39","0B164DD708DE01A6D16EC7BF45FB0A8E99B7CD387F5EAEDAC03E679515C04B39","MATCH"
"day07\07_DMA_usart_Driver\Firmware\CMSIS\core_cm4_simd.h","projects\04_UART\uart-dma\course\Firmware\CMSIS\core_cm4_simd.h","22959","0C2A0C2D66C7791B82CA19D10336C96518830EF359F6BFD9DA7477BC2CBCCBBB","0C2A0C2D66C7791B82CA19D10336C96518830EF359F6BFD9DA7477BC2CBCCBBB","MATCH"
"day07\07_DMA_usart_Driver\Firmware\CMSIS\core_cm4.h","projects\04_UART\uart-dma\course\Firmware\CMSIS\core_cm4.h","109878","4756546E1449D17B1A7DEE2F3307F2C92C9F1D669C3F5DFC3EE1DEC8AEE9A8F7","4756546E1449D17B1A7DEE2F3307F2C92C9F1D669C3F5DFC3EE1DEC8AEE9A8F7","MATCH"
"day07\07_DMA_usart_Driver\Firmware\CMSIS\core_cmFunc.h","projects\04_UART\uart-dma\course\Firmware\CMSIS\core_cmFunc.h","15828","5075FF67C8E264B83D9B391C07C6512E26ABBC189E321DE0D8B4375476980E5E","5075FF67C8E264B83D9B391C07C6512E26ABBC189E321DE0D8B4375476980E5E","MATCH"
"day07\07_DMA_usart_Driver\Firmware\CMSIS\core_cmInstr.h","projects\04_UART\uart-dma\course\Firmware\CMSIS\core_cmInstr.h","17205","C35DDCA16CA04646DC70ACF2D592AD9EAEAAECD8125A32ABB710069648266EB5","C35DDCA16CA04646DC70ACF2D592AD9EAEAAECD8125A32ABB710069648266EB5","MATCH"
"day07\07_DMA_usart_Driver\Firmware\CMSIS\GD\GD32F4xx\Include\gd32f4xx.h","projects\04_UART\uart-dma\course\Firmware\CMSIS\GD\GD32F4xx\Include\gd32f4xx.h","28854","96F1F6884C9885D32DF760A385CA0B5E8E9B20C066F71B946771A00503623A62","96F1F6884C9885D32DF760A385CA0B5E8E9B20C066F71B946771A00503623A62","MATCH"
"day07\07_DMA_usart_Driver\Firmware\CMSIS\GD\GD32F4xx\Include\system_gd32f4xx.h","projects\04_UART\uart-dma\course\Firmware\CMSIS\GD\GD32F4xx\Include\system_gd32f4xx.h","2484","98EF2DD6DD7F6D2542C4D5CA83E9869BE3630B43300CB9AB453703E4277913BD","98EF2DD6DD7F6D2542C4D5CA83E9869BE3630B43300CB9AB453703E4277913BD","MATCH"
"day07\07_DMA_usart_Driver\Firmware\CMSIS\GD\GD32F4xx\Source\ARM\startup_gd32f405_425.s","projects\04_UART\uart-dma\course\Firmware\CMSIS\GD\GD32F4xx\Source\ARM\startup_gd32f405_425.s","21757","AEF6290F6950C0B7FB922FD12B91B3FC34ADA707A6846AA5D7A1277FDD50FBD9","AEF6290F6950C0B7FB922FD12B91B3FC34ADA707A6846AA5D7A1277FDD50FBD9","MATCH"
"day07\07_DMA_usart_Driver\Firmware\CMSIS\GD\GD32F4xx\Source\ARM\startup_gd32f407_427.s","projects\04_UART\uart-dma\course\Firmware\CMSIS\GD\GD32F4xx\Source\ARM\startup_gd32f407_427.s","22101","65127CC1FFC7BB0C6E3AB3E1EF32C8F935D09EF4A83AC4914E089D40C39B8B5B","65127CC1FFC7BB0C6E3AB3E1EF32C8F935D09EF4A83AC4914E089D40C39B8B5B","MATCH"
"day07\07_DMA_usart_Driver\Firmware\CMSIS\GD\GD32F4xx\Source\ARM\startup_gd32f450_470.s","projects\04_UART\uart-dma\course\Firmware\CMSIS\GD\GD32F4xx\Source\ARM\startup_gd32f450_470.s","23659","A4E9852BA47AAD025DE9645D067FAB33DDA87B8E82DEA6D77B3364F902345299","A4E9852BA47AAD025DE9645D067FAB33DDA87B8E82DEA6D77B3364F902345299","MATCH"
"day07\07_DMA_usart_Driver\Firmware\CMSIS\GD\GD32F4xx\Source\IAR\startup_gd32f405_425.s","projects\04_UART\uart-dma\course\Firmware\CMSIS\GD\GD32F4xx\Source\IAR\startup_gd32f405_425.s","25159","70E76C6AD0182A5682773261E308008BC1102C09839605A0E058851173026836","70E76C6AD0182A5682773261E308008BC1102C09839605A0E058851173026836","MATCH"
"day07\07_DMA_usart_Driver\Firmware\CMSIS\GD\GD32F4xx\Source\IAR\startup_gd32f407_427.s","projects\04_UART\uart-dma\course\Firmware\CMSIS\GD\GD32F4xx\Source\IAR\startup_gd32f407_427.s","25736","550D6CA54DE7F8FCB2791AAF9141666BA15978C55017FA6798BF0CA80A2864C6","550D6CA54DE7F8FCB2791AAF9141666BA15978C55017FA6798BF0CA80A2864C6","MATCH"
"day07\07_DMA_usart_Driver\Firmware\CMSIS\GD\GD32F4xx\Source\IAR\startup_gd32f450_470.s","projects\04_UART\uart-dma\course\Firmware\CMSIS\GD\GD32F4xx\Source\IAR\startup_gd32f450_470.s","27837","EE6654F1D551C6937D014FE943342B0395A32076E5AC8DD688C600EACB9BD343","EE6654F1D551C6937D014FE943342B0395A32076E5AC8DD688C600EACB9BD343","MATCH"
"day07\07_DMA_usart_Driver\Firmware\CMSIS\GD\GD32F4xx\Source\system_gd32f4xx.c","projects\04_UART\uart-dma\course\Firmware\CMSIS\GD\GD32F4xx\Source\system_gd32f4xx.c","36416","8F66A123756716CF74297A7B54EEC616F230CBBC37DFB60F21BF05D1BC070836","8F66A123756716CF74297A7B54EEC616F230CBBC37DFB60F21BF05D1BC070836","MATCH"
"day07\07_DMA_usart_Driver\Firmware\GD32F4xx_standard_peripheral\Include\gd32f4xx_adc.h","projects\04_UART\uart-dma\course\Firmware\GD32F4xx_standard_peripheral\Include\gd32f4xx_adc.h","41521","D6B41E007F1EE95E5FA1B495F94924F7E6166439FBF3E9234A26B5FA6C32F1DE","D6B41E007F1EE95E5FA1B495F94924F7E6166439FBF3E9234A26B5FA6C32F1DE","MATCH"
"day07\07_DMA_usart_Driver\Firmware\GD32F4xx_standard_peripheral\Include\gd32f4xx_can.h","projects\04_UART\uart-dma\course\Firmware\GD32F4xx_standard_peripheral\Include\gd32f4xx_can.h","54440","62A96066D7B8A1CEF45AB4092FCE5058B962050EB1C9E4B3585F0E19B9F30578","62A96066D7B8A1CEF45AB4092FCE5058B962050EB1C9E4B3585F0E19B9F30578","MATCH"
"day07\07_DMA_usart_Driver\Firmware\GD32F4xx_standard_peripheral\Include\gd32f4xx_crc.h","projects\04_UART\uart-dma\course\Firmware\GD32F4xx_standard_peripheral\Include\gd32f4xx_crc.h","3380","4870F145AEEC968F3A7A0A5068105591E1ADEB9A37A5E47FDCC9D27D7D3AFBD6","4870F145AEEC968F3A7A0A5068105591E1ADEB9A37A5E47FDCC9D27D7D3AFBD6","MATCH"
"day07\07_DMA_usart_Driver\Firmware\GD32F4xx_standard_peripheral\Include\gd32f4xx_ctc.h","projects\04_UART\uart-dma\course\Firmware\GD32F4xx_standard_peripheral\Include\gd32f4xx_ctc.h","11513","900AB7D5F9C585834166A58966C8D523FF91D410066D00BBED3E6522C25782D7","900AB7D5F9C585834166A58966C8D523FF91D410066D00BBED3E6522C25782D7","MATCH"
"day07\07_DMA_usart_Driver\Firmware\GD32F4xx_standard_peripheral\Include\gd32f4xx_dac.h","projects\04_UART\uart-dma\course\Firmware\GD32F4xx_standard_peripheral\Include\gd32f4xx_dac.h","18761","86057CC0C52A32F955A12F47ABA1E4997AC2DABA13B10A686D8777579F638AFB","86057CC0C52A32F955A12F47ABA1E4997AC2DABA13B10A686D8777579F638AFB","MATCH"
"day07\07_DMA_usart_Driver\Firmware\GD32F4xx_standard_peripheral\Include\gd32f4xx_dbg.h","projects\04_UART\uart-dma\course\Firmware\GD32F4xx_standard_peripheral\Include\gd32f4xx_dbg.h","9890","21A089B5880F1D101116BD37EAAC7A085A103901A40900E75941130D901B150E","21A089B5880F1D101116BD37EAAC7A085A103901A40900E75941130D901B150E","MATCH"
"day07\07_DMA_usart_Driver\Firmware\GD32F4xx_standard_peripheral\Include\gd32f4xx_dci.h","projects\04_UART\uart-dma\course\Firmware\GD32F4xx_standard_peripheral\Include\gd32f4xx_dci.h","13665","787F449F0B2EBA5BBCC92B0D50899FA668CEA6ED9CCAB3960EBA0B2253CC7748","787F449F0B2EBA5BBCC92B0D50899FA668CEA6ED9CCAB3960EBA0B2253CC7748","MATCH"
"day07\07_DMA_usart_Driver\Firmware\GD32F4xx_standard_peripheral\Include\gd32f4xx_dma.h","projects\04_UART\uart-dma\course\Firmware\GD32F4xx_standard_peripheral\Include\gd32f4xx_dma.h","32675","F358957EBF98C4C449480A088E349CDAC2716394C24FA4111DE08B06FCDC5094","F358957EBF98C4C449480A088E349CDAC2716394C24FA4111DE08B06FCDC5094","MATCH"
"day07\07_DMA_usart_Driver\Firmware\GD32F4xx_standard_peripheral\Include\gd32f4xx_enet.h","projects\04_UART\uart-dma\course\Firmware\GD32F4xx_standard_peripheral\Include\gd32f4xx_enet.h","144084","2BDBC2BE9B0E3BA398DEEAB38021442A2CFEEDFF21FC353CF3B16C717A2CDF9B","2BDBC2BE9B0E3BA398DEEAB38021442A2CFEEDFF21FC353CF3B16C717A2CDF9B","MATCH"
"day07\07_DMA_usart_Driver\Firmware\GD32F4xx_standard_peripheral\Include\gd32f4xx_exmc.h","projects\04_UART\uart-dma\course\Firmware\GD32F4xx_standard_peripheral\Include\gd32f4xx_exmc.h","64299","68482B678DD868085A6BE6317EEC18873D43F895936E503487E843E561A0D55E","68482B678DD868085A6BE6317EEC18873D43F895936E503487E843E561A0D55E","MATCH"
"day07\07_DMA_usart_Driver\Firmware\GD32F4xx_standard_peripheral\Include\gd32f4xx_exti.h","projects\04_UART\uart-dma\course\Firmware\GD32F4xx_standard_peripheral\Include\gd32f4xx_exti.h","20470","705948F029F63A5995D9849A60E417D6210ECE34C8E942C76A2D4E7A2B927426","705948F029F63A5995D9849A60E417D6210ECE34C8E942C76A2D4E7A2B927426","MATCH"
"day07\07_DMA_usart_Driver\Firmware\GD32F4xx_standard_peripheral\Include\gd32f4xx_fmc.h","projects\04_UART\uart-dma\course\Firmware\GD32F4xx_standard_peripheral\Include\gd32f4xx_fmc.h","28322","5A5D9F0B1CE1E7486206130F80048F81A6D3E9E6337BF0A4C69D4A1D5EDC9F7E","5A5D9F0B1CE1E7486206130F80048F81A6D3E9E6337BF0A4C69D4A1D5EDC9F7E","MATCH"
"day07\07_DMA_usart_Driver\Firmware\GD32F4xx_standard_peripheral\Include\gd32f4xx_fwdgt.h","projects\04_UART\uart-dma\course\Firmware\GD32F4xx_standard_peripheral\Include\gd32f4xx_fwdgt.h","5876","04CB4EE0D6526910CF9CA8BEFC437FC6DF3FDFE09FB0BC418AB7EA5C19611A50","04CB4EE0D6526910CF9CA8BEFC437FC6DF3FDFE09FB0BC418AB7EA5C19611A50","MATCH"
"day07\07_DMA_usart_Driver\Firmware\GD32F4xx_standard_peripheral\Include\gd32f4xx_gpio.h","projects\04_UART\uart-dma\course\Firmware\GD32F4xx_standard_peripheral\Include\gd32f4xx_gpio.h","29164","A20501A28644BF45B8E3C4AB2A7237466805C1480B06E7D6C8585296D7F08787","A20501A28644BF45B8E3C4AB2A7237466805C1480B06E7D6C8585296D7F08787","MATCH"
"day07\07_DMA_usart_Driver\Firmware\GD32F4xx_standard_peripheral\Include\gd32f4xx_i2c.h","projects\04_UART\uart-dma\course\Firmware\GD32F4xx_standard_peripheral\Include\gd32f4xx_i2c.h","29826","6CF4053E2452263CDFCB98DA0832CE1F2F1B0380C1BEA5D4284C1DF0D5CBBB05","6CF4053E2452263CDFCB98DA0832CE1F2F1B0380C1BEA5D4284C1DF0D5CBBB05","MATCH"
"day07\07_DMA_usart_Driver\Firmware\GD32F4xx_standard_peripheral\Include\gd32f4xx_ipa.h","projects\04_UART\uart-dma\course\Firmware\GD32F4xx_standard_peripheral\Include\gd32f4xx_ipa.h","25918","1AD22068402E09BAE4117E637ED972FCD7452751CCBE01C7829AEA7DF45AE8AE","1AD22068402E09BAE4117E637ED972FCD7452751CCBE01C7829AEA7DF45AE8AE","MATCH"
"day07\07_DMA_usart_Driver\Firmware\GD32F4xx_standard_peripheral\Include\gd32f4xx_iref.h","projects\04_UART\uart-dma\course\Firmware\GD32F4xx_standard_peripheral\Include\gd32f4xx_iref.h","13448","D9D1E67FD4473F44B2F7E22BB78C3DFA9B5109D083AF1B0FDC63EC657B241C4A","D9D1E67FD4473F44B2F7E22BB78C3DFA9B5109D083AF1B0FDC63EC657B241C4A","MATCH"
"day07\07_DMA_usart_Driver\Firmware\GD32F4xx_standard_peripheral\Include\gd32f4xx_misc.h","projects\04_UART\uart-dma\course\Firmware\GD32F4xx_standard_peripheral\Include\gd32f4xx_misc.h","4691","0A918F830F0200C0E806DFB50594259783E69D8ADBC27708705567F7193D35FB","0A918F830F0200C0E806DFB50594259783E69D8ADBC27708705567F7193D35FB","MATCH"
"day07\07_DMA_usart_Driver\Firmware\GD32F4xx_standard_peripheral\Include\gd32f4xx_pmu.h","projects\04_UART\uart-dma\course\Firmware\GD32F4xx_standard_peripheral\Include\gd32f4xx_pmu.h","11878","B9A72B6E42083EFD170C0C5FBE579C5D6417F9BBF674DB36041BE96FCBD84636","B9A72B6E42083EFD170C0C5FBE579C5D6417F9BBF674DB36041BE96FCBD84636","MATCH"
"day07\07_DMA_usart_Driver\Firmware\GD32F4xx_standard_peripheral\Include\gd32f4xx_rcu.h","projects\04_UART\uart-dma\course\Firmware\GD32F4xx_standard_peripheral\Include\gd32f4xx_rcu.h","95768","AC2B2AE653EDC89E674EDA24E1CFE8B511B73984AE0CABED3DF60BA61F8EEF08","AC2B2AE653EDC89E674EDA24E1CFE8B511B73984AE0CABED3DF60BA61F8EEF08","MATCH"
"day07\07_DMA_usart_Driver\Firmware\GD32F4xx_standard_peripheral\Include\gd32f4xx_rtc.h","projects\04_UART\uart-dma\course\Firmware\GD32F4xx_standard_peripheral\Include\gd32f4xx_rtc.h","52407","1798B1B495683096D4491CF0F854957D2AD60612F65A801ED0E7A4BEE49FA549","1798B1B495683096D4491CF0F854957D2AD60612F65A801ED0E7A4BEE49FA549","MATCH"
"day07\07_DMA_usart_Driver\Firmware\GD32F4xx_standard_peripheral\Include\gd32f4xx_sdio.h","projects\04_UART\uart-dma\course\Firmware\GD32F4xx_standard_peripheral\Include\gd32f4xx_sdio.h","30655","8D6813EFC565E3085611D767EA4E670E0C76A256C6F17FC93F313BCB11D0385A","8D6813EFC565E3085611D767EA4E670E0C76A256C6F17FC93F313BCB11D0385A","MATCH"
"day07\07_DMA_usart_Driver\Firmware\GD32F4xx_standard_peripheral\Include\gd32f4xx_spi.h","projects\04_UART\uart-dma\course\Firmware\GD32F4xx_standard_peripheral\Include\gd32f4xx_spi.h","25831","4C6360C8FE58D4A38E4870BCBA17630857551D3EC7B4BD3DDEB5085C31240B1C","4C6360C8FE58D4A38E4870BCBA17630857551D3EC7B4BD3DDEB5085C31240B1C","MATCH"
"day07\07_DMA_usart_Driver\Firmware\GD32F4xx_standard_peripheral\Include\gd32f4xx_syscfg.h","projects\04_UART\uart-dma\course\Firmware\GD32F4xx_standard_peripheral\Include\gd32f4xx_syscfg.h","11558","5060FEF0A07A3FC1396A31F09F95FE1D134F8A1FB1581E3DD98BB6078108C447","5060FEF0A07A3FC1396A31F09F95FE1D134F8A1FB1581E3DD98BB6078108C447","MATCH"
"day07\07_DMA_usart_Driver\Firmware\GD32F4xx_standard_peripheral\Include\gd32f4xx_timer.h","projects\04_UART\uart-dma\course\Firmware\GD32F4xx_standard_peripheral\Include\gd32f4xx_timer.h","59717","7A79F81F1D862A1B49F23BFE05B1AC751A71E761B6E63C2DFFABE6C7BC69AC49","7A79F81F1D862A1B49F23BFE05B1AC751A71E761B6E63C2DFFABE6C7BC69AC49","MATCH"
"day07\07_DMA_usart_Driver\Firmware\GD32F4xx_standard_peripheral\Include\gd32f4xx_tli.h","projects\04_UART\uart-dma\course\Firmware\GD32F4xx_standard_peripheral\Include\gd32f4xx_tli.h","23557","1B94EA157AC8CE2FED962B0C4FF95B6702C6194300AA51B04C3AAFE493768D2A","1B94EA157AC8CE2FED962B0C4FF95B6702C6194300AA51B04C3AAFE493768D2A","MATCH"
"day07\07_DMA_usart_Driver\Firmware\GD32F4xx_standard_peripheral\Include\gd32f4xx_trng.h","projects\04_UART\uart-dma\course\Firmware\GD32F4xx_standard_peripheral\Include\gd32f4xx_trng.h","4431","91E2BB5AFFEFA65F90927FAD795FAA0F4204516284ECA38E461506F0CD9CA924","91E2BB5AFFEFA65F90927FAD795FAA0F4204516284ECA38E461506F0CD9CA924","MATCH"
"day07\07_DMA_usart_Driver\Firmware\GD32F4xx_standard_peripheral\Include\gd32f4xx_usart.h","projects\04_UART\uart-dma\course\Firmware\GD32F4xx_standard_peripheral\Include\gd32f4xx_usart.h","31652","6CF40E957A1216C99E3663D667DE1944C42272897011834BF20ADCD97E791074","6CF40E957A1216C99E3663D667DE1944C42272897011834BF20ADCD97E791074","MATCH"
"day07\07_DMA_usart_Driver\Firmware\GD32F4xx_standard_peripheral\Include\gd32f4xx_wwdgt.h","projects\04_UART\uart-dma\course\Firmware\GD32F4xx_standard_peripheral\Include\gd32f4xx_wwdgt.h","4561","01EECFC98B4507AEB8F0AFBE7D994EA0A617A79E5D4EB2D1D4A85979BA014EFE","01EECFC98B4507AEB8F0AFBE7D994EA0A617A79E5D4EB2D1D4A85979BA014EFE","MATCH"
"day07\07_DMA_usart_Driver\Firmware\GD32F4xx_standard_peripheral\Source\gd32f4xx_adc.c","projects\04_UART\uart-dma\course\Firmware\GD32F4xx_standard_peripheral\Source\gd32f4xx_adc.c","49331","8A5C91EC7A397B53EFD086646674D273ECE00F36C9610AB50715FE1521BA4112","8A5C91EC7A397B53EFD086646674D273ECE00F36C9610AB50715FE1521BA4112","MATCH"
"day07\07_DMA_usart_Driver\Firmware\GD32F4xx_standard_peripheral\Source\gd32f4xx_can.c","projects\04_UART\uart-dma\course\Firmware\GD32F4xx_standard_peripheral\Source\gd32f4xx_can.c","40297","CE0E343B00856972EABACCC1F4D88C051796A8D1E30C4596312FC29A533DB8BA","CE0E343B00856972EABACCC1F4D88C051796A8D1E30C4596312FC29A533DB8BA","MATCH"
"day07\07_DMA_usart_Driver\Firmware\GD32F4xx_standard_peripheral\Source\gd32f4xx_crc.c","projects\04_UART\uart-dma\course\Firmware\GD32F4xx_standard_peripheral\Source\gd32f4xx_crc.c","3904","C14034159E72E082AA70E2A8CBA60FFCF950B63D75AE467706632F32EC00F315","C14034159E72E082AA70E2A8CBA60FFCF950B63D75AE467706632F32EC00F315","MATCH"
"day07\07_DMA_usart_Driver\Firmware\GD32F4xx_standard_peripheral\Source\gd32f4xx_ctc.c","projects\04_UART\uart-dma\course\Firmware\GD32F4xx_standard_peripheral\Source\gd32f4xx_ctc.c","12892","07F4A6385C6FFB2E18ECF95DAAE6A431FB91262FA988835A249A64F4002280A1","07F4A6385C6FFB2E18ECF95DAAE6A431FB91262FA988835A249A64F4002280A1","MATCH"
"day07\07_DMA_usart_Driver\Firmware\GD32F4xx_standard_peripheral\Source\gd32f4xx_dac.c","projects\04_UART\uart-dma\course\Firmware\GD32F4xx_standard_peripheral\Source\gd32f4xx_dac.c","22641","ACE5C99F1E2774D955CA4E4D5D6E81B2D831F718098487EA3E8C2C34C960E160","ACE5C99F1E2774D955CA4E4D5D6E81B2D831F718098487EA3E8C2C34C960E160","MATCH"
"day07\07_DMA_usart_Driver\Firmware\GD32F4xx_standard_peripheral\Source\gd32f4xx_dbg.c","projects\04_UART\uart-dma\course\Firmware\GD32F4xx_standard_peripheral\Source\gd32f4xx_dbg.c","7772","6EEC659FD6B5C549226BAE8E9C9C78785B064D557434189BB221287D550FE291","6EEC659FD6B5C549226BAE8E9C9C78785B064D557434189BB221287D550FE291","MATCH"
"day07\07_DMA_usart_Driver\Firmware\GD32F4xx_standard_peripheral\Source\gd32f4xx_dci.c","projects\04_UART\uart-dma\course\Firmware\GD32F4xx_standard_peripheral\Source\gd32f4xx_dci.c","10290","B99613D9A21A02DD39117F30B9A488B859209AB3489DCFDE7361D147CDF76516","B99613D9A21A02DD39117F30B9A488B859209AB3489DCFDE7361D147CDF76516","MATCH"
"day07\07_DMA_usart_Driver\Firmware\GD32F4xx_standard_peripheral\Source\gd32f4xx_dma.c","projects\04_UART\uart-dma\course\Firmware\GD32F4xx_standard_peripheral\Source\gd32f4xx_dma.c","36449","2D943A169ABABCC22CBC6C41665F5CE375C30B63005954E1D34BB3218CB63FAF","2D943A169ABABCC22CBC6C41665F5CE375C30B63005954E1D34BB3218CB63FAF","MATCH"
"day07\07_DMA_usart_Driver\Firmware\GD32F4xx_standard_peripheral\Source\gd32f4xx_enet.c","projects\04_UART\uart-dma\course\Firmware\GD32F4xx_standard_peripheral\Source\gd32f4xx_enet.c","151999","3051E8737C463D23D07B9C9AD937BC7C488BB573738B2313982870DAA670E87E","3051E8737C463D23D07B9C9AD937BC7C488BB573738B2313982870DAA670E87E","MATCH"
"day07\07_DMA_usart_Driver\Firmware\GD32F4xx_standard_peripheral\Source\gd32f4xx_exmc.c","projects\04_UART\uart-dma\course\Firmware\GD32F4xx_standard_peripheral\Source\gd32f4xx_exmc.c","57117","E4A79B377C89D9EB8BD5BE101E273AD5EFBA0C2A24FB4621AB7BC124BEEEAEBF","E4A79B377C89D9EB8BD5BE101E273AD5EFBA0C2A24FB4621AB7BC124BEEEAEBF","MATCH"
"day07\07_DMA_usart_Driver\Firmware\GD32F4xx_standard_peripheral\Source\gd32f4xx_exti.c","projects\04_UART\uart-dma\course\Firmware\GD32F4xx_standard_peripheral\Source\gd32f4xx_exti.c","8423","FCE4A7ECA93486D71A9E5758642F2282AE7F8805DBB559312837A0B17577FE58","FCE4A7ECA93486D71A9E5758642F2282AE7F8805DBB559312837A0B17577FE58","MATCH"
"day07\07_DMA_usart_Driver\Firmware\GD32F4xx_standard_peripheral\Source\gd32f4xx_fmc.c","projects\04_UART\uart-dma\course\Firmware\GD32F4xx_standard_peripheral\Source\gd32f4xx_fmc.c","34852","15408829D2405432FC8ED73D5D8C6BBB1E6C74540F1B817983BABD62E22CAB16","15408829D2405432FC8ED73D5D8C6BBB1E6C74540F1B817983BABD62E22CAB16","MATCH"
"day07\07_DMA_usart_Driver\Firmware\GD32F4xx_standard_peripheral\Source\gd32f4xx_fwdgt.c","projects\04_UART\uart-dma\course\Firmware\GD32F4xx_standard_peripheral\Source\gd32f4xx_fwdgt.c","7007","05B67D15069CED6F0472E4115ECD16064402E0D6220561499000025A8CD189B7","05B67D15069CED6F0472E4115ECD16064402E0D6220561499000025A8CD189B7","MATCH"
"day07\07_DMA_usart_Driver\Firmware\GD32F4xx_standard_peripheral\Source\gd32f4xx_gpio.c","projects\04_UART\uart-dma\course\Firmware\GD32F4xx_standard_peripheral\Source\gd32f4xx_gpio.c","15061","262BEFE864D5DA3BADA64D0B3DAB29E5C2747E46B154EDE8BCAB0B788DB614E0","262BEFE864D5DA3BADA64D0B3DAB29E5C2747E46B154EDE8BCAB0B788DB614E0","MATCH"
"day07\07_DMA_usart_Driver\Firmware\GD32F4xx_standard_peripheral\Source\gd32f4xx_i2c.c","projects\04_UART\uart-dma\course\Firmware\GD32F4xx_standard_peripheral\Source\gd32f4xx_i2c.c","30805","8EDFAF1A8F0BF2833923D0072FE1B9D0467382B3EC1D243E918D0DE9711CCCD2","8EDFAF1A8F0BF2833923D0072FE1B9D0467382B3EC1D243E918D0DE9711CCCD2","MATCH"
"day07\07_DMA_usart_Driver\Firmware\GD32F4xx_standard_peripheral\Source\gd32f4xx_ipa.c","projects\04_UART\uart-dma\course\Firmware\GD32F4xx_standard_peripheral\Source\gd32f4xx_ipa.c","26662","38A8350304763C1C83B4D2341F6782B090CA09ABE541AC360089B5CB454BCF57","38A8350304763C1C83B4D2341F6782B090CA09ABE541AC360089B5CB454BCF57","MATCH"
"day07\07_DMA_usart_Driver\Firmware\GD32F4xx_standard_peripheral\Source\gd32f4xx_iref.c","projects\04_UART\uart-dma\course\Firmware\GD32F4xx_standard_peripheral\Source\gd32f4xx_iref.c","3544","24F2FCFCD20882FD3E65773A281A827BF5391A0A8054324EEF7C98BB3F2B9B80","24F2FCFCD20882FD3E65773A281A827BF5391A0A8054324EEF7C98BB3F2B9B80","MATCH"
"day07\07_DMA_usart_Driver\Firmware\GD32F4xx_standard_peripheral\Source\gd32f4xx_misc.c","projects\04_UART\uart-dma\course\Firmware\GD32F4xx_standard_peripheral\Source\gd32f4xx_misc.c","7136","1CD262F295155428C25DEDC69BFBAB99F7A99DE09E0B602ECA1F2C6017CFE2DA","1CD262F295155428C25DEDC69BFBAB99F7A99DE09E0B602ECA1F2C6017CFE2DA","MATCH"
"day07\07_DMA_usart_Driver\Firmware\GD32F4xx_standard_peripheral\Source\gd32f4xx_pmu.c","projects\04_UART\uart-dma\course\Firmware\GD32F4xx_standard_peripheral\Source\gd32f4xx_pmu.c","11909","DAFA94838A55132E3313234C5AC2BE6172116DC26574347363D554EFFB186D79","DAFA94838A55132E3313234C5AC2BE6172116DC26574347363D554EFFB186D79","MATCH"
"day07\07_DMA_usart_Driver\Firmware\GD32F4xx_standard_peripheral\Source\gd32f4xx_rcu.c","projects\04_UART\uart-dma\course\Firmware\GD32F4xx_standard_peripheral\Source\gd32f4xx_rcu.c","50047","6C1030EB58EC7CB9C41E2A1FF31DDEF87F70DD083222327978234004C4E95B98","6C1030EB58EC7CB9C41E2A1FF31DDEF87F70DD083222327978234004C4E95B98","MATCH"
"day07\07_DMA_usart_Driver\Firmware\GD32F4xx_standard_peripheral\Source\gd32f4xx_rtc.c","projects\04_UART\uart-dma\course\Firmware\GD32F4xx_standard_peripheral\Source\gd32f4xx_rtc.c","46946","EEA5BCB92C88A7BAB9F3740F8E9408236412A546B03A5467F21B0F94A01183E7","EEA5BCB92C88A7BAB9F3740F8E9408236412A546B03A5467F21B0F94A01183E7","MATCH"
"day07\07_DMA_usart_Driver\Firmware\GD32F4xx_standard_peripheral\Source\gd32f4xx_sdio.c","projects\04_UART\uart-dma\course\Firmware\GD32F4xx_standard_peripheral\Source\gd32f4xx_sdio.c","28412","9D8F3E488C74C44A30C4D0BBB9CD8D86555D898CA9C36F259CE57609959B9854","9D8F3E488C74C44A30C4D0BBB9CD8D86555D898CA9C36F259CE57609959B9854","MATCH"
"day07\07_DMA_usart_Driver\Firmware\GD32F4xx_standard_peripheral\Source\gd32f4xx_spi.c","projects\04_UART\uart-dma\course\Firmware\GD32F4xx_standard_peripheral\Source\gd32f4xx_spi.c","30670","CE06438E9AD5882A0FCA88DFE658DD925ED3320BA574C2797E2F93ACF6142459","CE06438E9AD5882A0FCA88DFE658DD925ED3320BA574C2797E2F93ACF6142459","MATCH"
"day07\07_DMA_usart_Driver\Firmware\GD32F4xx_standard_peripheral\Source\gd32f4xx_syscfg.c","projects\04_UART\uart-dma\course\Firmware\GD32F4xx_standard_peripheral\Source\gd32f4xx_syscfg.c","7949","51A7A5E70F3064424CC6E2F6A06942B47ADAAC8C36A6612EE08B1643557B3CA3","51A7A5E70F3064424CC6E2F6A06942B47ADAAC8C36A6612EE08B1643557B3CA3","MATCH"
"day07\07_DMA_usart_Driver\Firmware\GD32F4xx_standard_peripheral\Source\gd32f4xx_timer.c","projects\04_UART\uart-dma\course\Firmware\GD32F4xx_standard_peripheral\Source\gd32f4xx_timer.c","89361","3961465CF6BA39554E34C02183C50676A4AB9B3991A6AAD32D271754B2506B14","3961465CF6BA39554E34C02183C50676A4AB9B3991A6AAD32D271754B2506B14","MATCH"
"day07\07_DMA_usart_Driver\Firmware\GD32F4xx_standard_peripheral\Source\gd32f4xx_tli.c","projects\04_UART\uart-dma\course\Firmware\GD32F4xx_standard_peripheral\Source\gd32f4xx_tli.c","24645","881A02E692AFD4A0B6848A929B0B8C79148911AD7543CF611287C45E82372541","881A02E692AFD4A0B6848A929B0B8C79148911AD7543CF611287C45E82372541","MATCH"
"day07\07_DMA_usart_Driver\Firmware\GD32F4xx_standard_peripheral\Source\gd32f4xx_trng.c","projects\04_UART\uart-dma\course\Firmware\GD32F4xx_standard_peripheral\Source\gd32f4xx_trng.c","4471","BA9093D046A01C997AA54D2DE9F663E8AF32FB9E53C950CFC640F1033FCD6C53","BA9093D046A01C997AA54D2DE9F663E8AF32FB9E53C950CFC640F1033FCD6C53","MATCH"
"day07\07_DMA_usart_Driver\Firmware\GD32F4xx_standard_peripheral\Source\gd32f4xx_usart.c","projects\04_UART\uart-dma\course\Firmware\GD32F4xx_standard_peripheral\Source\gd32f4xx_usart.c","34715","F67FA54D9C9537317BE92D95FD880A394D9ABE98DF708E5AA821FBFA392AE9B0","F67FA54D9C9537317BE92D95FD880A394D9ABE98DF708E5AA821FBFA392AE9B0","MATCH"
"day07\07_DMA_usart_Driver\Firmware\GD32F4xx_standard_peripheral\Source\gd32f4xx_wwdgt.c","projects\04_UART\uart-dma\course\Firmware\GD32F4xx_standard_peripheral\Source\gd32f4xx_wwdgt.c","4154","0ED39DE6F0101E10DDCB476E6EF21C44D2282D4F689D0D0D70F9E04940E6F0FE","0ED39DE6F0101E10DDCB476E6EF21C44D2282D4F689D0D0D70F9E04940E6F0FE","MATCH"
"day07\07_DMA_usart_Driver\Hardware\bsp_buzzer.c","projects\04_UART\uart-dma\course\Hardware\bsp_buzzer.c","3700","DB132610BB9FD25BB3606FEE7C189AD01FB3F68FEF38D105A74C0609C66B5CEE","DB132610BB9FD25BB3606FEE7C189AD01FB3F68FEF38D105A74C0609C66B5CEE","MATCH"
"day07\07_DMA_usart_Driver\Hardware\bsp_buzzer.h","projects\04_UART\uart-dma\course\Hardware\bsp_buzzer.h","291","A849E5A19D17A5DED0E7438846AFA0D5E3636544ABFC356B361024CA882EC6C5","A849E5A19D17A5DED0E7438846AFA0D5E3636544ABFC356B361024CA882EC6C5","MATCH"
"day07\07_DMA_usart_Driver\Hardware\bsp_buzzer2.c","projects\04_UART\uart-dma\course\Hardware\bsp_buzzer2.c","1429","D4F400CA00C8ACE082181E1D587A2B1CE7CC29C870BCA80C8A920BF78710B2C1","D4F400CA00C8ACE082181E1D587A2B1CE7CC29C870BCA80C8A920BF78710B2C1","MATCH"
"day07\07_DMA_usart_Driver\Hardware\bsp_buzzer2.h","projects\04_UART\uart-dma\course\Hardware\bsp_buzzer2.h","291","A849E5A19D17A5DED0E7438846AFA0D5E3636544ABFC356B361024CA882EC6C5","A849E5A19D17A5DED0E7438846AFA0D5E3636544ABFC356B361024CA882EC6C5","MATCH"
"day07\07_DMA_usart_Driver\Library\EXTI_config.h","projects\04_UART\uart-dma\course\Library\EXTI_config.h","1634","0FD94A8DF148AC6618D5CAA1F2788003CE63E2B27E13A31000428E29D095542B","0FD94A8DF148AC6618D5CAA1F2788003CE63E2B27E13A31000428E29D095542B","MATCH"
"day07\07_DMA_usart_Driver\Library\EXTI.c","projects\04_UART\uart-dma\course\Library\EXTI.c","3132","528D0B3C2AC1F1661095497895FDB15FF878723CF351D28F3D3EE13F79DF8AE2","528D0B3C2AC1F1661095497895FDB15FF878723CF351D28F3D3EE13F79DF8AE2","MATCH"
"day07\07_DMA_usart_Driver\Library\EXTI.h","projects\04_UART\uart-dma\course\Library\EXTI.h","246","63711925072BE76CE24B295341905A97BDD73234E1EFB33A28A0CEC82E3CD6C2","63711925072BE76CE24B295341905A97BDD73234E1EFB33A28A0CEC82E3CD6C2","MATCH"
"day07\07_DMA_usart_Driver\Library\TIMER_config.h","projects\04_UART\uart-dma\course\Library\TIMER_config.h","1813","BD74AB72F9068615F9AB44169B11F6EF25CD9BC3D4CD0E27A95BE4AE24608766","BD74AB72F9068615F9AB44169B11F6EF25CD9BC3D4CD0E27A95BE4AE24608766","MATCH"
"day07\07_DMA_usart_Driver\Library\TIMER.c","projects\04_UART\uart-dma\course\Library\TIMER.c","5924","68A9D9BBDB446C51E0C577B7E7969E8F3513AF7E4736C10BC6D579FBF5661435","68A9D9BBDB446C51E0C577B7E7969E8F3513AF7E4736C10BC6D579FBF5661435","MATCH"
"day07\07_DMA_usart_Driver\Library\TIMER.h","projects\04_UART\uart-dma\course\Library\TIMER.h","759","51A72D9863C245195AD3CD40ADDB0D573930D5AB540B30D3D971AD2AF6B2E80E","51A72D9863C245195AD3CD40ADDB0D573930D5AB540B30D3D971AD2AF6B2E80E","MATCH"
"day07\07_DMA_usart_Driver\Library\USART_config.h","projects\04_UART\uart-dma\course\Library\USART_config.h","1220","73E72408B41955E419784B2A24B0FBD8AD81A334AA38EB9DB60A7DDAE97AD633","73E72408B41955E419784B2A24B0FBD8AD81A334AA38EB9DB60A7DDAE97AD633","MATCH"
"day07\07_DMA_usart_Driver\Library\USART0.c","projects\04_UART\uart-dma\course\Library\USART0.c","10194","92213E9D0E3EC77ADEEFB930C1D58818AD37632D1C69BCD6A3DD1F4E042B5E24","92213E9D0E3EC77ADEEFB930C1D58818AD37632D1C69BCD6A3DD1F4E042B5E24","MATCH"
"day07\07_DMA_usart_Driver\Library\USART0.h","projects\04_UART\uart-dma\course\Library\USART0.h","658","6016FD90E22446BB90BE0996EA5EE6493AB9CDF6E7F71024ED583F05C4860399","6016FD90E22446BB90BE0996EA5EE6493AB9CDF6E7F71024ED583F05C4860399","MATCH"
"day07\07_DMA_usart_Driver\Project\GD32F407.uvprojx","projects\04_UART\uart-dma\course\Project\GD32F407.uvprojx","18764","AD80F9F6C05EA4E86A21C5B4C389050C4B4B730C792BF9CFCDCBF0859ECD0FDF","AD80F9F6C05EA4E86A21C5B4C389050C4B4B730C792BF9CFCDCBF0859ECD0FDF","MATCH"
"day07\07_DMA_usart_Driver\User\gd32f4xx_it.c","projects\04_UART\uart-dma\course\User\gd32f4xx_it.c","3980","5BE8E65B392A41354E513056974D1869598AF02739A7CE6419E611D6AA3979C6","5BE8E65B392A41354E513056974D1869598AF02739A7CE6419E611D6AA3979C6","MATCH"
"day07\07_DMA_usart_Driver\User\gd32f4xx_it.h","projects\04_UART\uart-dma\course\User\gd32f4xx_it.h","2524","B4995762AE5CEB7125CC9720CEA7E2BAD8640C23B87ED1856D9B8A380A5FC8C3","B4995762AE5CEB7125CC9720CEA7E2BAD8640C23B87ED1856D9B8A380A5FC8C3","MATCH"
"day07\07_DMA_usart_Driver\User\gd32f4xx_libopt.h","projects\04_UART\uart-dma\course\User\gd32f4xx_libopt.h","2917","702C6D85987BCDDDD363A8412C5806255F6C746065DA984EB21896C5DDD6BF09","702C6D85987BCDDDD363A8412C5806255F6C746065DA984EB21896C5DDD6BF09","MATCH"
"day07\07_DMA_usart_Driver\User\main.c","projects\04_UART\uart-dma\course\User\main.c","964","3F4509284D38B4449D65E0AD0F88BE95E6783FE4F91F1671EF8A9386172A6E2A","3F4509284D38B4449D65E0AD0F88BE95E6783FE4F91F1671EF8A9386172A6E2A","MATCH"
"day07\07_DMA_usart_Driver\User\main.h","projects\04_UART\uart-dma\course\User\main.h","1814","32C273B119ABF22DA51E2782C09853A1545B1DF1364A13EFFA2B465379E1A53C","32C273B119ABF22DA51E2782C09853A1545B1DF1364A13EFFA2B465379E1A53C","MATCH"
"day07\07_DMA_usart_Driver\User\readme.txt","projects\04_UART\uart-dma\course\User\readme.txt","1862","A45BD1E14D470B46BE2D57C9D35147E41204556CC4BB4E25EA3C7B6B424A0B7C","A45BD1E14D470B46BE2D57C9D35147E41204556CC4BB4E25EA3C7B6B424A0B7C","MATCH"
"day07\07_DMA_usart_Driver\User\systick.c","projects\04_UART\uart-dma\course\User\systick.c","2835","3BFDC9D654AEE46AFAE59529984C667193CD9098D01115CFB80DB9AC96D37E14","3BFDC9D654AEE46AFAE59529984C667193CD9098D01115CFB80DB9AC96D37E14","MATCH"
"day07\07_DMA_usart_Driver\User\systick.h","projects\04_UART\uart-dma\course\User\systick.h","2034","E74F1981340E6162CCE52F39F73009B1570EFB7F024410652F494E77997DA025","E74F1981340E6162CCE52F39F73009B1570EFB7F024410652F494E77997DA025","MATCH"
"day07\07_DMA_usart_Driver\VSCode\.clang-format","projects\04_UART\uart-dma\course\VSCode\.clang-format","734","BF3B10DA62AAAC024B91B04712650380D638A6E77DD8CD412EC5F266EDFBE4CC","BF3B10DA62AAAC024B91B04712650380D638A6E77DD8CD412EC5F266EDFBE4CC","MATCH"
"day07\07_DMA_usart_Driver\VSCode\.cmsis\include\cachel1_armv7.h","projects\04_UART\uart-dma\course\VSCode\.cmsis\include\cachel1_armv7.h","12087","2E336A64F60A9C0EAF5A08E2C4845D94DA86C3FD84D219D0D0C9F530E63BC9C3","2E336A64F60A9C0EAF5A08E2C4845D94DA86C3FD84D219D0D0C9F530E63BC9C3","MATCH"
"day07\07_DMA_usart_Driver\VSCode\.cmsis\include\cmsis_armcc.h","projects\04_UART\uart-dma\course\VSCode\.cmsis\include\cmsis_armcc.h","27999","5BC0D7ED8E36E9BCB868C4042FFF350C702ECA305DF4162FB00384789E35EE1C","5BC0D7ED8E36E9BCB868C4042FFF350C702ECA305DF4162FB00384789E35EE1C","MATCH"
"day07\07_DMA_usart_Driver\VSCode\.cmsis\include\cmsis_armclang_ltm.h","projects\04_UART\uart-dma\course\VSCode\.cmsis\include\cmsis_armclang_ltm.h","56021","3E8FFB284F4F155DE3EA93841CCA853B41D5E812B53E52C64C3D4A67B7F1EC7C","3E8FFB284F4F155DE3EA93841CCA853B41D5E812B53E52C64C3D4A67B7F1EC7C","MATCH"
"day07\07_DMA_usart_Driver\VSCode\.cmsis\include\cmsis_armclang.h","projects\04_UART\uart-dma\course\VSCode\.cmsis\include\cmsis_armclang.h","48417","D5DA2B48204F0D0CF1FF38FFCCB527E5706CD0A091FF0A331EB41D6596C33FE5","D5DA2B48204F0D0CF1FF38FFCCB527E5706CD0A091FF0A331EB41D6596C33FE5","MATCH"
"day07\07_DMA_usart_Driver\VSCode\.cmsis\include\cmsis_compiler.h","projects\04_UART\uart-dma\course\VSCode\.cmsis\include\cmsis_compiler.h","9481","B51963D271C1571CA3463654C76AA7EA50C4EAC5D0A2710DF10414AC64D9E0F8","B51963D271C1571CA3463654C76AA7EA50C4EAC5D0A2710DF10414AC64D9E0F8","MATCH"
"day07\07_DMA_usart_Driver\VSCode\.cmsis\include\cmsis_gcc.h","projects\04_UART\uart-dma\course\VSCode\.cmsis\include\cmsis_gcc.h","63374","43BFD1FE69FBBC2CA70AAF7D43CC3E20F16E0C7F66E1BDEF9B51AF6DC14B2617","43BFD1FE69FBBC2CA70AAF7D43CC3E20F16E0C7F66E1BDEF9B51AF6DC14B2617","MATCH"
"day07\07_DMA_usart_Driver\VSCode\.cmsis\include\cmsis_iccarm.h","projects\04_UART\uart-dma\course\VSCode\.cmsis\include\cmsis_iccarm.h","29069","2D255C8429E507E52CB603F2970BED4CC4A6CDCC3EB7FC7997385ABAD7364837","2D255C8429E507E52CB603F2970BED4CC4A6CDCC3EB7FC7997385ABAD7364837","MATCH"
"day07\07_DMA_usart_Driver\VSCode\.cmsis\include\cmsis_version.h","projects\04_UART\uart-dma\course\VSCode\.cmsis\include\cmsis_version.h","1680","184C19FD3EE73632EDF35A0B4D49CD48BE75FBF49E6CCB19D9DB05FA83BEA4B3","184C19FD3EE73632EDF35A0B4D49CD48BE75FBF49E6CCB19D9DB05FA83BEA4B3","MATCH"
"day07\07_DMA_usart_Driver\VSCode\.cmsis\include\core_armv81mml.h","projects\04_UART\uart-dma\course\VSCode\.cmsis\include\core_armv81mml.h","276640","A40954BCCBF202BD65EE721EA688122561E005C9F9F9D18E082280C5B897D0E4","A40954BCCBF202BD65EE721EA688122561E005C9F9F9D18E082280C5B897D0E4","MATCH"
"day07\07_DMA_usart_Driver\VSCode\.cmsis\include\core_armv8mbl.h","projects\04_UART\uart-dma\course\VSCode\.cmsis\include\core_armv8mbl.h","115004","458B1E6788079DED52ADC7D06383701C865CA97B67C5E7A0A44884194F91A842","458B1E6788079DED52ADC7D06383701C865CA97B67C5E7A0A44884194F91A842","MATCH"
"day07\07_DMA_usart_Driver\VSCode\.cmsis\include\core_armv8mml.h","projects\04_UART\uart-dma\course\VSCode\.cmsis\include\core_armv8mml.h","183191","5A68204FA31CDA7D04D41C9CEAF3F4B1217908F59366F757EE778181C7CC8CB9","5A68204FA31CDA7D04D41C9CEAF3F4B1217908F59366F757EE778181C7CC8CB9","MATCH"
"day07\07_DMA_usart_Driver\VSCode\.cmsis\include\core_cm0.h","projects\04_UART\uart-dma\course\VSCode\.cmsis\include\core_cm0.h","41643","AC13CB645F108666A0E57C93467872660D6BC860A839F840DC870B7A5863B4BF","AC13CB645F108666A0E57C93467872660D6BC860A839F840DC870B7A5863B4BF","MATCH"
"day07\07_DMA_usart_Driver\VSCode\.cmsis\include\core_cm0plus.h","projects\04_UART\uart-dma\course\VSCode\.cmsis\include\core_cm0plus.h","49877","A09FA9C6B8B21D1920BCE15B98AA56182B027E9278CCA0B154812BAC2AEA3CFA","A09FA9C6B8B21D1920BCE15B98AA56182B027E9278CCA0B154812BAC2AEA3CFA","MATCH"
"day07\07_DMA_usart_Driver\VSCode\.cmsis\include\core_cm1.h","projects\04_UART\uart-dma\course\VSCode\.cmsis\include\core_cm1.h","42626","944BF0C4F940EEF30A632CD99D5DCFE8270E8A8431EB98C0F081BCF4F61F728E","944BF0C4F940EEF30A632CD99D5DCFE8270E8A8431EB98C0F081BCF4F61F728E","MATCH"
"day07\07_DMA_usart_Driver\VSCode\.cmsis\include\core_cm23.h","projects\04_UART\uart-dma\course\VSCode\.cmsis\include\core_cm23.h","121556","77822E9738885394EC52FCA6F617452B823A0B55E2664EE225E65576CF0E8F2D","77822E9738885394EC52FCA6F617452B823A0B55E2664EE225E65576CF0E8F2D","MATCH"
"day07\07_DMA_usart_Driver\VSCode\.cmsis\include\core_cm3.h","projects\04_UART\uart-dma\course\VSCode\.cmsis\include\core_cm3.h","109529","C9937781259A8897ADF514445441C68570087D6A72A558D8A4AFE75CDB62DBD2","C9937781259A8897ADF514445441C68570087D6A72A558D8A4AFE75CDB62DBD2","MATCH"
"day07\07_DMA_usart_Driver\VSCode\.cmsis\include\core_cm33.h","projects\04_UART\uart-dma\course\VSCode\.cmsis\include\core_cm33.h","189524","225C47C36230EDAA314F1E7A45B38279F6AB4D58FAEB132226DB35F7007D58AA","225C47C36230EDAA314F1E7A45B38279F6AB4D58FAEB132226DB35F7007D58AA","MATCH"
"day07\07_DMA_usart_Driver\VSCode\.cmsis\include\core_cm35p.h","projects\04_UART\uart-dma\course\VSCode\.cmsis\include\core_cm35p.h","189539","206B427589981B78169C1D9B73E898E4E8DE4EFBD76FD0C2DF7DF81D645B9FA2","206B427589981B78169C1D9B73E898E4E8DE4EFBD76FD0C2DF7DF81D645B9FA2","MATCH"
"day07\07_DMA_usart_Driver\VSCode\.cmsis\include\core_cm4.h","projects\04_UART\uart-dma\course\VSCode\.cmsis\include\core_cm4.h","120975","F5B63D52DD1557B15CA414CB59C264F595A7B5669DB2A5878DFFE22F4CAEDC8C","F5B63D52DD1557B15CA414CB59C264F595A7B5669DB2A5878DFFE22F4CAEDC8C","MATCH"
"day07\07_DMA_usart_Driver\VSCode\.cmsis\include\core_cm55.h","projects\04_UART\uart-dma\course\VSCode\.cmsis\include\core_cm55.h","317450","5707F716CF03F7E80151108AE94601FCFDF362DD2D830876040213318F6DEE3A","5707F716CF03F7E80151108AE94601FCFDF362DD2D830876040213318F6DEE3A","MATCH"
"day07\07_DMA_usart_Driver\VSCode\.cmsis\include\core_cm7.h","projects\04_UART\uart-dma\course\VSCode\.cmsis\include\core_cm7.h","138948","E974D0A91752487D0154457CD422C37667328E9DDB7BA4FA2FED479A63577F63","E974D0A91752487D0154457CD422C37667328E9DDB7BA4FA2FED479A63577F63","MATCH"
"day07\07_DMA_usart_Driver\VSCode\.cmsis\include\core_cm85.h","projects\04_UART\uart-dma\course\VSCode\.cmsis\include\core_cm85.h","308328","75BC123889F0F5CA33C4D16B6CBDD580A3572663C899FADB2C8E28F6A5E6FEAD","75BC123889F0F5CA33C4D16B6CBDD580A3572663C899FADB2C8E28F6A5E6FEAD","MATCH"
"day07\07_DMA_usart_Driver\VSCode\.cmsis\include\core_sc000.h","projects\04_UART\uart-dma\course\VSCode\.cmsis\include\core_sc000.h","46562","C81377A69A4EA8ECAEAD42194F2CE8AB59BD4EE7BD638E423F5B1F5EC283D154","C81377A69A4EA8ECAEAD42194F2CE8AB59BD4EE7BD638E423F5B1F5EC283D154","MATCH"
"day07\07_DMA_usart_Driver\VSCode\.cmsis\include\core_sc300.h","projects\04_UART\uart-dma\course\VSCode\.cmsis\include\core_sc300.h","108524","73DD461C12C7D3A693840DF3084FD8F85122095C6F21FA3D779B0F3ECEAEBAD5","73DD461C12C7D3A693840DF3084FD8F85122095C6F21FA3D779B0F3ECEAEBAD5","MATCH"
"day07\07_DMA_usart_Driver\VSCode\.cmsis\include\core_starmc1.h","projects\04_UART\uart-dma\course\VSCode\.cmsis\include\core_starmc1.h","193055","92D8661F2947D00DA91653D04794CDE0593FDAAFB3438842A0477775716AAFC5","92D8661F2947D00DA91653D04794CDE0593FDAAFB3438842A0477775716AAFC5","MATCH"
"day07\07_DMA_usart_Driver\VSCode\.cmsis\include\mpu_armv7.h","projects\04_UART\uart-dma\course\VSCode\.cmsis\include\mpu_armv7.h","11731","29206B52EE02290ED6F5A5415EBD4187DE802CF176D9B3CB844390D8E5571372","29206B52EE02290ED6F5A5415EBD4187DE802CF176D9B3CB844390D8E5571372","MATCH"
"day07\07_DMA_usart_Driver\VSCode\.cmsis\include\mpu_armv8.h","projects\04_UART\uart-dma\course\VSCode\.cmsis\include\mpu_armv8.h","11370","2C7D22A344CEDCC1E35380D1F76F0E6C55DA5E3101E6A41FD85497D1841FE8C9","2C7D22A344CEDCC1E35380D1F76F0E6C55DA5E3101E6A41FD85497D1841FE8C9","MATCH"
"day07\07_DMA_usart_Driver\VSCode\.cmsis\include\pac_armv81.h","projects\04_UART\uart-dma\course\VSCode\.cmsis\include\pac_armv81.h","6062","D76F5CC0C59A59E035115F700B8E8D95B7B98ECB99A2924E885F82A94903D984","D76F5CC0C59A59E035115F700B8E8D95B7B98ECB99A2924E885F82A94903D984","MATCH"
"day07\07_DMA_usart_Driver\VSCode\.cmsis\include\pmu_armv8.h","projects\04_UART\uart-dma\course\VSCode\.cmsis\include\pmu_armv8.h","22786","CEA8C105C5F41BA831FE4D9E8E39758068CD4C414383348DC2835D6BE447CCA0","CEA8C105C5F41BA831FE4D9E8E39758068CD4C414383348DC2835D6BE447CCA0","MATCH"
"day07\07_DMA_usart_Driver\VSCode\.cmsis\include\tz_context.h","projects\04_UART\uart-dma\course\VSCode\.cmsis\include\tz_context.h","2687","45565C8CB04C653AABAF3CCEDDFC848B6A0DE28C20D4F7E3D475A992C7EEE788","45565C8CB04C653AABAF3CCEDDFC848B6A0DE28C20D4F7E3D475A992C7EEE788","MATCH"
"day07\07_DMA_usart_Driver\VSCode\.eide.usr.ctx.json","projects\04_UART\uart-dma\course\VSCode\.eide.usr.ctx.json","28","03EE52DB36D82CC91C26B284E3B96463A6279B8908C327B3F06DCAB6366C1EBB","03EE52DB36D82CC91C26B284E3B96463A6279B8908C327B3F06DCAB6366C1EBB","MATCH"
"day07\07_DMA_usart_Driver\VSCode\.eide\eide.json","projects\04_UART\uart-dma\course\VSCode\.eide\eide.json","7398","989B199DBD366F1815435E633849C473A28774B1FBA14965AF7B18B1568A721C","989B199DBD366F1815435E633849C473A28774B1FBA14965AF7B18B1568A721C","MATCH"
"day07\07_DMA_usart_Driver\VSCode\.eide\env.ini","projects\04_UART\uart-dma\course\VSCode\.eide\env.ini","37","1F42E08381B7F9161DC65B5B4F98E584D5841FB9D722A6DEE18D48C52A2DDB42","1F42E08381B7F9161DC65B5B4F98E584D5841FB9D722A6DEE18D48C52A2DDB42","MATCH"
"day07\07_DMA_usart_Driver\VSCode\.eide\files.options.yml","projects\04_UART\uart-dma\course\VSCode\.eide\files.options.yml","689","DCE15A6F5EA9904173CC7A8EE4D6A3790B84BE7D855AD431DD758DD630D094AF","DCE15A6F5EA9904173CC7A8EE4D6A3790B84BE7D855AD431DD758DD630D094AF","MATCH"
"day07\07_DMA_usart_Driver\VSCode\.gitignore","projects\04_UART\uart-dma\course\VSCode\.gitignore","166","5430B7D763F0BECEA3C0D265A8BE1DB78E3F1A2E47938595F47498DA00E11E45","5430B7D763F0BECEA3C0D265A8BE1DB78E3F1A2E47938595F47498DA00E11E45","MATCH"
"day07\07_DMA_usart_Driver\VSCode\VSCode.code-workspace","projects\04_UART\uart-dma\course\VSCode\VSCode.code-workspace","1199","254E79D293DFCA8FC2AAADEC81282183E7F03826C6A02A27ECB05EDF8389D7F1","254E79D293DFCA8FC2AAADEC81282183E7F03826C6A02A27ECB05EDF8389D7F1","MATCH"
"day12\06_GD25Q32_FLASH_Library\Firmware\CMSIS\core_cm4_simd.h","projects\05_SPI_I2C\gd25q32-spi-flash\course\Firmware\CMSIS\core_cm4_simd.h","22959","0C2A0C2D66C7791B82CA19D10336C96518830EF359F6BFD9DA7477BC2CBCCBBB","0C2A0C2D66C7791B82CA19D10336C96518830EF359F6BFD9DA7477BC2CBCCBBB","MATCH"
"day12\06_GD25Q32_FLASH_Library\Firmware\CMSIS\core_cm4.h","projects\05_SPI_I2C\gd25q32-spi-flash\course\Firmware\CMSIS\core_cm4.h","109878","4756546E1449D17B1A7DEE2F3307F2C92C9F1D669C3F5DFC3EE1DEC8AEE9A8F7","4756546E1449D17B1A7DEE2F3307F2C92C9F1D669C3F5DFC3EE1DEC8AEE9A8F7","MATCH"
"day12\06_GD25Q32_FLASH_Library\Firmware\CMSIS\core_cmFunc.h","projects\05_SPI_I2C\gd25q32-spi-flash\course\Firmware\CMSIS\core_cmFunc.h","15828","5075FF67C8E264B83D9B391C07C6512E26ABBC189E321DE0D8B4375476980E5E","5075FF67C8E264B83D9B391C07C6512E26ABBC189E321DE0D8B4375476980E5E","MATCH"
"day12\06_GD25Q32_FLASH_Library\Firmware\CMSIS\core_cmInstr.h","projects\05_SPI_I2C\gd25q32-spi-flash\course\Firmware\CMSIS\core_cmInstr.h","17205","C35DDCA16CA04646DC70ACF2D592AD9EAEAAECD8125A32ABB710069648266EB5","C35DDCA16CA04646DC70ACF2D592AD9EAEAAECD8125A32ABB710069648266EB5","MATCH"
"day12\06_GD25Q32_FLASH_Library\Firmware\CMSIS\GD\GD32F4xx\Include\gd32f4xx.h","projects\05_SPI_I2C\gd25q32-spi-flash\course\Firmware\CMSIS\GD\GD32F4xx\Include\gd32f4xx.h","28854","96F1F6884C9885D32DF760A385CA0B5E8E9B20C066F71B946771A00503623A62","96F1F6884C9885D32DF760A385CA0B5E8E9B20C066F71B946771A00503623A62","MATCH"
"day12\06_GD25Q32_FLASH_Library\Firmware\CMSIS\GD\GD32F4xx\Include\system_gd32f4xx.h","projects\05_SPI_I2C\gd25q32-spi-flash\course\Firmware\CMSIS\GD\GD32F4xx\Include\system_gd32f4xx.h","2484","98EF2DD6DD7F6D2542C4D5CA83E9869BE3630B43300CB9AB453703E4277913BD","98EF2DD6DD7F6D2542C4D5CA83E9869BE3630B43300CB9AB453703E4277913BD","MATCH"
"day12\06_GD25Q32_FLASH_Library\Firmware\CMSIS\GD\GD32F4xx\Source\ARM\startup_gd32f405_425.s","projects\05_SPI_I2C\gd25q32-spi-flash\course\Firmware\CMSIS\GD\GD32F4xx\Source\ARM\startup_gd32f405_425.s","21757","AEF6290F6950C0B7FB922FD12B91B3FC34ADA707A6846AA5D7A1277FDD50FBD9","AEF6290F6950C0B7FB922FD12B91B3FC34ADA707A6846AA5D7A1277FDD50FBD9","MATCH"
"day12\06_GD25Q32_FLASH_Library\Firmware\CMSIS\GD\GD32F4xx\Source\ARM\startup_gd32f407_427.s","projects\05_SPI_I2C\gd25q32-spi-flash\course\Firmware\CMSIS\GD\GD32F4xx\Source\ARM\startup_gd32f407_427.s","22101","65127CC1FFC7BB0C6E3AB3E1EF32C8F935D09EF4A83AC4914E089D40C39B8B5B","65127CC1FFC7BB0C6E3AB3E1EF32C8F935D09EF4A83AC4914E089D40C39B8B5B","MATCH"
"day12\06_GD25Q32_FLASH_Library\Firmware\CMSIS\GD\GD32F4xx\Source\ARM\startup_gd32f450_470.s","projects\05_SPI_I2C\gd25q32-spi-flash\course\Firmware\CMSIS\GD\GD32F4xx\Source\ARM\startup_gd32f450_470.s","23659","A4E9852BA47AAD025DE9645D067FAB33DDA87B8E82DEA6D77B3364F902345299","A4E9852BA47AAD025DE9645D067FAB33DDA87B8E82DEA6D77B3364F902345299","MATCH"
"day12\06_GD25Q32_FLASH_Library\Firmware\CMSIS\GD\GD32F4xx\Source\IAR\startup_gd32f405_425.s","projects\05_SPI_I2C\gd25q32-spi-flash\course\Firmware\CMSIS\GD\GD32F4xx\Source\IAR\startup_gd32f405_425.s","25159","70E76C6AD0182A5682773261E308008BC1102C09839605A0E058851173026836","70E76C6AD0182A5682773261E308008BC1102C09839605A0E058851173026836","MATCH"
"day12\06_GD25Q32_FLASH_Library\Firmware\CMSIS\GD\GD32F4xx\Source\IAR\startup_gd32f407_427.s","projects\05_SPI_I2C\gd25q32-spi-flash\course\Firmware\CMSIS\GD\GD32F4xx\Source\IAR\startup_gd32f407_427.s","25736","550D6CA54DE7F8FCB2791AAF9141666BA15978C55017FA6798BF0CA80A2864C6","550D6CA54DE7F8FCB2791AAF9141666BA15978C55017FA6798BF0CA80A2864C6","MATCH"
"day12\06_GD25Q32_FLASH_Library\Firmware\CMSIS\GD\GD32F4xx\Source\IAR\startup_gd32f450_470.s","projects\05_SPI_I2C\gd25q32-spi-flash\course\Firmware\CMSIS\GD\GD32F4xx\Source\IAR\startup_gd32f450_470.s","27837","EE6654F1D551C6937D014FE943342B0395A32076E5AC8DD688C600EACB9BD343","EE6654F1D551C6937D014FE943342B0395A32076E5AC8DD688C600EACB9BD343","MATCH"
"day12\06_GD25Q32_FLASH_Library\Firmware\CMSIS\GD\GD32F4xx\Source\system_gd32f4xx.c","projects\05_SPI_I2C\gd25q32-spi-flash\course\Firmware\CMSIS\GD\GD32F4xx\Source\system_gd32f4xx.c","36416","8F66A123756716CF74297A7B54EEC616F230CBBC37DFB60F21BF05D1BC070836","8F66A123756716CF74297A7B54EEC616F230CBBC37DFB60F21BF05D1BC070836","MATCH"
"day12\06_GD25Q32_FLASH_Library\Firmware\GD32F4xx_standard_peripheral\Include\gd32f4xx_adc.h","projects\05_SPI_I2C\gd25q32-spi-flash\course\Firmware\GD32F4xx_standard_peripheral\Include\gd32f4xx_adc.h","41521","D6B41E007F1EE95E5FA1B495F94924F7E6166439FBF3E9234A26B5FA6C32F1DE","D6B41E007F1EE95E5FA1B495F94924F7E6166439FBF3E9234A26B5FA6C32F1DE","MATCH"
"day12\06_GD25Q32_FLASH_Library\Firmware\GD32F4xx_standard_peripheral\Include\gd32f4xx_can.h","projects\05_SPI_I2C\gd25q32-spi-flash\course\Firmware\GD32F4xx_standard_peripheral\Include\gd32f4xx_can.h","54440","62A96066D7B8A1CEF45AB4092FCE5058B962050EB1C9E4B3585F0E19B9F30578","62A96066D7B8A1CEF45AB4092FCE5058B962050EB1C9E4B3585F0E19B9F30578","MATCH"
"day12\06_GD25Q32_FLASH_Library\Firmware\GD32F4xx_standard_peripheral\Include\gd32f4xx_crc.h","projects\05_SPI_I2C\gd25q32-spi-flash\course\Firmware\GD32F4xx_standard_peripheral\Include\gd32f4xx_crc.h","3380","4870F145AEEC968F3A7A0A5068105591E1ADEB9A37A5E47FDCC9D27D7D3AFBD6","4870F145AEEC968F3A7A0A5068105591E1ADEB9A37A5E47FDCC9D27D7D3AFBD6","MATCH"
"day12\06_GD25Q32_FLASH_Library\Firmware\GD32F4xx_standard_peripheral\Include\gd32f4xx_ctc.h","projects\05_SPI_I2C\gd25q32-spi-flash\course\Firmware\GD32F4xx_standard_peripheral\Include\gd32f4xx_ctc.h","11513","900AB7D5F9C585834166A58966C8D523FF91D410066D00BBED3E6522C25782D7","900AB7D5F9C585834166A58966C8D523FF91D410066D00BBED3E6522C25782D7","MATCH"
"day12\06_GD25Q32_FLASH_Library\Firmware\GD32F4xx_standard_peripheral\Include\gd32f4xx_dac.h","projects\05_SPI_I2C\gd25q32-spi-flash\course\Firmware\GD32F4xx_standard_peripheral\Include\gd32f4xx_dac.h","18761","86057CC0C52A32F955A12F47ABA1E4997AC2DABA13B10A686D8777579F638AFB","86057CC0C52A32F955A12F47ABA1E4997AC2DABA13B10A686D8777579F638AFB","MATCH"
"day12\06_GD25Q32_FLASH_Library\Firmware\GD32F4xx_standard_peripheral\Include\gd32f4xx_dbg.h","projects\05_SPI_I2C\gd25q32-spi-flash\course\Firmware\GD32F4xx_standard_peripheral\Include\gd32f4xx_dbg.h","9890","21A089B5880F1D101116BD37EAAC7A085A103901A40900E75941130D901B150E","21A089B5880F1D101116BD37EAAC7A085A103901A40900E75941130D901B150E","MATCH"
"day12\06_GD25Q32_FLASH_Library\Firmware\GD32F4xx_standard_peripheral\Include\gd32f4xx_dci.h","projects\05_SPI_I2C\gd25q32-spi-flash\course\Firmware\GD32F4xx_standard_peripheral\Include\gd32f4xx_dci.h","13665","787F449F0B2EBA5BBCC92B0D50899FA668CEA6ED9CCAB3960EBA0B2253CC7748","787F449F0B2EBA5BBCC92B0D50899FA668CEA6ED9CCAB3960EBA0B2253CC7748","MATCH"
"day12\06_GD25Q32_FLASH_Library\Firmware\GD32F4xx_standard_peripheral\Include\gd32f4xx_dma.h","projects\05_SPI_I2C\gd25q32-spi-flash\course\Firmware\GD32F4xx_standard_peripheral\Include\gd32f4xx_dma.h","32675","F358957EBF98C4C449480A088E349CDAC2716394C24FA4111DE08B06FCDC5094","F358957EBF98C4C449480A088E349CDAC2716394C24FA4111DE08B06FCDC5094","MATCH"
"day12\06_GD25Q32_FLASH_Library\Firmware\GD32F4xx_standard_peripheral\Include\gd32f4xx_enet.h","projects\05_SPI_I2C\gd25q32-spi-flash\course\Firmware\GD32F4xx_standard_peripheral\Include\gd32f4xx_enet.h","144084","2BDBC2BE9B0E3BA398DEEAB38021442A2CFEEDFF21FC353CF3B16C717A2CDF9B","2BDBC2BE9B0E3BA398DEEAB38021442A2CFEEDFF21FC353CF3B16C717A2CDF9B","MATCH"
"day12\06_GD25Q32_FLASH_Library\Firmware\GD32F4xx_standard_peripheral\Include\gd32f4xx_exmc.h","projects\05_SPI_I2C\gd25q32-spi-flash\course\Firmware\GD32F4xx_standard_peripheral\Include\gd32f4xx_exmc.h","64299","68482B678DD868085A6BE6317EEC18873D43F895936E503487E843E561A0D55E","68482B678DD868085A6BE6317EEC18873D43F895936E503487E843E561A0D55E","MATCH"
"day12\06_GD25Q32_FLASH_Library\Firmware\GD32F4xx_standard_peripheral\Include\gd32f4xx_exti.h","projects\05_SPI_I2C\gd25q32-spi-flash\course\Firmware\GD32F4xx_standard_peripheral\Include\gd32f4xx_exti.h","20470","705948F029F63A5995D9849A60E417D6210ECE34C8E942C76A2D4E7A2B927426","705948F029F63A5995D9849A60E417D6210ECE34C8E942C76A2D4E7A2B927426","MATCH"
"day12\06_GD25Q32_FLASH_Library\Firmware\GD32F4xx_standard_peripheral\Include\gd32f4xx_fmc.h","projects\05_SPI_I2C\gd25q32-spi-flash\course\Firmware\GD32F4xx_standard_peripheral\Include\gd32f4xx_fmc.h","28322","5A5D9F0B1CE1E7486206130F80048F81A6D3E9E6337BF0A4C69D4A1D5EDC9F7E","5A5D9F0B1CE1E7486206130F80048F81A6D3E9E6337BF0A4C69D4A1D5EDC9F7E","MATCH"
"day12\06_GD25Q32_FLASH_Library\Firmware\GD32F4xx_standard_peripheral\Include\gd32f4xx_fwdgt.h","projects\05_SPI_I2C\gd25q32-spi-flash\course\Firmware\GD32F4xx_standard_peripheral\Include\gd32f4xx_fwdgt.h","5876","04CB4EE0D6526910CF9CA8BEFC437FC6DF3FDFE09FB0BC418AB7EA5C19611A50","04CB4EE0D6526910CF9CA8BEFC437FC6DF3FDFE09FB0BC418AB7EA5C19611A50","MATCH"
"day12\06_GD25Q32_FLASH_Library\Firmware\GD32F4xx_standard_peripheral\Include\gd32f4xx_gpio.h","projects\05_SPI_I2C\gd25q32-spi-flash\course\Firmware\GD32F4xx_standard_peripheral\Include\gd32f4xx_gpio.h","29164","A20501A28644BF45B8E3C4AB2A7237466805C1480B06E7D6C8585296D7F08787","A20501A28644BF45B8E3C4AB2A7237466805C1480B06E7D6C8585296D7F08787","MATCH"
"day12\06_GD25Q32_FLASH_Library\Firmware\GD32F4xx_standard_peripheral\Include\gd32f4xx_i2c.h","projects\05_SPI_I2C\gd25q32-spi-flash\course\Firmware\GD32F4xx_standard_peripheral\Include\gd32f4xx_i2c.h","29826","6CF4053E2452263CDFCB98DA0832CE1F2F1B0380C1BEA5D4284C1DF0D5CBBB05","6CF4053E2452263CDFCB98DA0832CE1F2F1B0380C1BEA5D4284C1DF0D5CBBB05","MATCH"
"day12\06_GD25Q32_FLASH_Library\Firmware\GD32F4xx_standard_peripheral\Include\gd32f4xx_ipa.h","projects\05_SPI_I2C\gd25q32-spi-flash\course\Firmware\GD32F4xx_standard_peripheral\Include\gd32f4xx_ipa.h","25918","1AD22068402E09BAE4117E637ED972FCD7452751CCBE01C7829AEA7DF45AE8AE","1AD22068402E09BAE4117E637ED972FCD7452751CCBE01C7829AEA7DF45AE8AE","MATCH"
"day12\06_GD25Q32_FLASH_Library\Firmware\GD32F4xx_standard_peripheral\Include\gd32f4xx_iref.h","projects\05_SPI_I2C\gd25q32-spi-flash\course\Firmware\GD32F4xx_standard_peripheral\Include\gd32f4xx_iref.h","13448","D9D1E67FD4473F44B2F7E22BB78C3DFA9B5109D083AF1B0FDC63EC657B241C4A","D9D1E67FD4473F44B2F7E22BB78C3DFA9B5109D083AF1B0FDC63EC657B241C4A","MATCH"
"day12\06_GD25Q32_FLASH_Library\Firmware\GD32F4xx_standard_peripheral\Include\gd32f4xx_misc.h","projects\05_SPI_I2C\gd25q32-spi-flash\course\Firmware\GD32F4xx_standard_peripheral\Include\gd32f4xx_misc.h","4691","0A918F830F0200C0E806DFB50594259783E69D8ADBC27708705567F7193D35FB","0A918F830F0200C0E806DFB50594259783E69D8ADBC27708705567F7193D35FB","MATCH"
"day12\06_GD25Q32_FLASH_Library\Firmware\GD32F4xx_standard_peripheral\Include\gd32f4xx_pmu.h","projects\05_SPI_I2C\gd25q32-spi-flash\course\Firmware\GD32F4xx_standard_peripheral\Include\gd32f4xx_pmu.h","11878","B9A72B6E42083EFD170C0C5FBE579C5D6417F9BBF674DB36041BE96FCBD84636","B9A72B6E42083EFD170C0C5FBE579C5D6417F9BBF674DB36041BE96FCBD84636","MATCH"
"day12\06_GD25Q32_FLASH_Library\Firmware\GD32F4xx_standard_peripheral\Include\gd32f4xx_rcu.h","projects\05_SPI_I2C\gd25q32-spi-flash\course\Firmware\GD32F4xx_standard_peripheral\Include\gd32f4xx_rcu.h","95768","AC2B2AE653EDC89E674EDA24E1CFE8B511B73984AE0CABED3DF60BA61F8EEF08","AC2B2AE653EDC89E674EDA24E1CFE8B511B73984AE0CABED3DF60BA61F8EEF08","MATCH"
"day12\06_GD25Q32_FLASH_Library\Firmware\GD32F4xx_standard_peripheral\Include\gd32f4xx_rtc.h","projects\05_SPI_I2C\gd25q32-spi-flash\course\Firmware\GD32F4xx_standard_peripheral\Include\gd32f4xx_rtc.h","52407","1798B1B495683096D4491CF0F854957D2AD60612F65A801ED0E7A4BEE49FA549","1798B1B495683096D4491CF0F854957D2AD60612F65A801ED0E7A4BEE49FA549","MATCH"
"day12\06_GD25Q32_FLASH_Library\Firmware\GD32F4xx_standard_peripheral\Include\gd32f4xx_sdio.h","projects\05_SPI_I2C\gd25q32-spi-flash\course\Firmware\GD32F4xx_standard_peripheral\Include\gd32f4xx_sdio.h","30655","8D6813EFC565E3085611D767EA4E670E0C76A256C6F17FC93F313BCB11D0385A","8D6813EFC565E3085611D767EA4E670E0C76A256C6F17FC93F313BCB11D0385A","MATCH"
"day12\06_GD25Q32_FLASH_Library\Firmware\GD32F4xx_standard_peripheral\Include\gd32f4xx_spi.h","projects\05_SPI_I2C\gd25q32-spi-flash\course\Firmware\GD32F4xx_standard_peripheral\Include\gd32f4xx_spi.h","25831","4C6360C8FE58D4A38E4870BCBA17630857551D3EC7B4BD3DDEB5085C31240B1C","4C6360C8FE58D4A38E4870BCBA17630857551D3EC7B4BD3DDEB5085C31240B1C","MATCH"
"day12\06_GD25Q32_FLASH_Library\Firmware\GD32F4xx_standard_peripheral\Include\gd32f4xx_syscfg.h","projects\05_SPI_I2C\gd25q32-spi-flash\course\Firmware\GD32F4xx_standard_peripheral\Include\gd32f4xx_syscfg.h","11558","5060FEF0A07A3FC1396A31F09F95FE1D134F8A1FB1581E3DD98BB6078108C447","5060FEF0A07A3FC1396A31F09F95FE1D134F8A1FB1581E3DD98BB6078108C447","MATCH"
"day12\06_GD25Q32_FLASH_Library\Firmware\GD32F4xx_standard_peripheral\Include\gd32f4xx_timer.h","projects\05_SPI_I2C\gd25q32-spi-flash\course\Firmware\GD32F4xx_standard_peripheral\Include\gd32f4xx_timer.h","59717","7A79F81F1D862A1B49F23BFE05B1AC751A71E761B6E63C2DFFABE6C7BC69AC49","7A79F81F1D862A1B49F23BFE05B1AC751A71E761B6E63C2DFFABE6C7BC69AC49","MATCH"
"day12\06_GD25Q32_FLASH_Library\Firmware\GD32F4xx_standard_peripheral\Include\gd32f4xx_tli.h","projects\05_SPI_I2C\gd25q32-spi-flash\course\Firmware\GD32F4xx_standard_peripheral\Include\gd32f4xx_tli.h","23557","1B94EA157AC8CE2FED962B0C4FF95B6702C6194300AA51B04C3AAFE493768D2A","1B94EA157AC8CE2FED962B0C4FF95B6702C6194300AA51B04C3AAFE493768D2A","MATCH"
"day12\06_GD25Q32_FLASH_Library\Firmware\GD32F4xx_standard_peripheral\Include\gd32f4xx_trng.h","projects\05_SPI_I2C\gd25q32-spi-flash\course\Firmware\GD32F4xx_standard_peripheral\Include\gd32f4xx_trng.h","4431","91E2BB5AFFEFA65F90927FAD795FAA0F4204516284ECA38E461506F0CD9CA924","91E2BB5AFFEFA65F90927FAD795FAA0F4204516284ECA38E461506F0CD9CA924","MATCH"
"day12\06_GD25Q32_FLASH_Library\Firmware\GD32F4xx_standard_peripheral\Include\gd32f4xx_usart.h","projects\05_SPI_I2C\gd25q32-spi-flash\course\Firmware\GD32F4xx_standard_peripheral\Include\gd32f4xx_usart.h","31652","6CF40E957A1216C99E3663D667DE1944C42272897011834BF20ADCD97E791074","6CF40E957A1216C99E3663D667DE1944C42272897011834BF20ADCD97E791074","MATCH"
"day12\06_GD25Q32_FLASH_Library\Firmware\GD32F4xx_standard_peripheral\Include\gd32f4xx_wwdgt.h","projects\05_SPI_I2C\gd25q32-spi-flash\course\Firmware\GD32F4xx_standard_peripheral\Include\gd32f4xx_wwdgt.h","4561","01EECFC98B4507AEB8F0AFBE7D994EA0A617A79E5D4EB2D1D4A85979BA014EFE","01EECFC98B4507AEB8F0AFBE7D994EA0A617A79E5D4EB2D1D4A85979BA014EFE","MATCH"
"day12\06_GD25Q32_FLASH_Library\Firmware\GD32F4xx_standard_peripheral\Source\gd32f4xx_adc.c","projects\05_SPI_I2C\gd25q32-spi-flash\course\Firmware\GD32F4xx_standard_peripheral\Source\gd32f4xx_adc.c","49331","8A5C91EC7A397B53EFD086646674D273ECE00F36C9610AB50715FE1521BA4112","8A5C91EC7A397B53EFD086646674D273ECE00F36C9610AB50715FE1521BA4112","MATCH"
"day12\06_GD25Q32_FLASH_Library\Firmware\GD32F4xx_standard_peripheral\Source\gd32f4xx_can.c","projects\05_SPI_I2C\gd25q32-spi-flash\course\Firmware\GD32F4xx_standard_peripheral\Source\gd32f4xx_can.c","40297","CE0E343B00856972EABACCC1F4D88C051796A8D1E30C4596312FC29A533DB8BA","CE0E343B00856972EABACCC1F4D88C051796A8D1E30C4596312FC29A533DB8BA","MATCH"
"day12\06_GD25Q32_FLASH_Library\Firmware\GD32F4xx_standard_peripheral\Source\gd32f4xx_crc.c","projects\05_SPI_I2C\gd25q32-spi-flash\course\Firmware\GD32F4xx_standard_peripheral\Source\gd32f4xx_crc.c","3904","C14034159E72E082AA70E2A8CBA60FFCF950B63D75AE467706632F32EC00F315","C14034159E72E082AA70E2A8CBA60FFCF950B63D75AE467706632F32EC00F315","MATCH"
"day12\06_GD25Q32_FLASH_Library\Firmware\GD32F4xx_standard_peripheral\Source\gd32f4xx_ctc.c","projects\05_SPI_I2C\gd25q32-spi-flash\course\Firmware\GD32F4xx_standard_peripheral\Source\gd32f4xx_ctc.c","12892","07F4A6385C6FFB2E18ECF95DAAE6A431FB91262FA988835A249A64F4002280A1","07F4A6385C6FFB2E18ECF95DAAE6A431FB91262FA988835A249A64F4002280A1","MATCH"
"day12\06_GD25Q32_FLASH_Library\Firmware\GD32F4xx_standard_peripheral\Source\gd32f4xx_dac.c","projects\05_SPI_I2C\gd25q32-spi-flash\course\Firmware\GD32F4xx_standard_peripheral\Source\gd32f4xx_dac.c","22641","ACE5C99F1E2774D955CA4E4D5D6E81B2D831F718098487EA3E8C2C34C960E160","ACE5C99F1E2774D955CA4E4D5D6E81B2D831F718098487EA3E8C2C34C960E160","MATCH"
"day12\06_GD25Q32_FLASH_Library\Firmware\GD32F4xx_standard_peripheral\Source\gd32f4xx_dbg.c","projects\05_SPI_I2C\gd25q32-spi-flash\course\Firmware\GD32F4xx_standard_peripheral\Source\gd32f4xx_dbg.c","7772","6EEC659FD6B5C549226BAE8E9C9C78785B064D557434189BB221287D550FE291","6EEC659FD6B5C549226BAE8E9C9C78785B064D557434189BB221287D550FE291","MATCH"
"day12\06_GD25Q32_FLASH_Library\Firmware\GD32F4xx_standard_peripheral\Source\gd32f4xx_dci.c","projects\05_SPI_I2C\gd25q32-spi-flash\course\Firmware\GD32F4xx_standard_peripheral\Source\gd32f4xx_dci.c","10290","B99613D9A21A02DD39117F30B9A488B859209AB3489DCFDE7361D147CDF76516","B99613D9A21A02DD39117F30B9A488B859209AB3489DCFDE7361D147CDF76516","MATCH"
"day12\06_GD25Q32_FLASH_Library\Firmware\GD32F4xx_standard_peripheral\Source\gd32f4xx_dma.c","projects\05_SPI_I2C\gd25q32-spi-flash\course\Firmware\GD32F4xx_standard_peripheral\Source\gd32f4xx_dma.c","36449","2D943A169ABABCC22CBC6C41665F5CE375C30B63005954E1D34BB3218CB63FAF","2D943A169ABABCC22CBC6C41665F5CE375C30B63005954E1D34BB3218CB63FAF","MATCH"
"day12\06_GD25Q32_FLASH_Library\Firmware\GD32F4xx_standard_peripheral\Source\gd32f4xx_enet.c","projects\05_SPI_I2C\gd25q32-spi-flash\course\Firmware\GD32F4xx_standard_peripheral\Source\gd32f4xx_enet.c","151999","3051E8737C463D23D07B9C9AD937BC7C488BB573738B2313982870DAA670E87E","3051E8737C463D23D07B9C9AD937BC7C488BB573738B2313982870DAA670E87E","MATCH"
"day12\06_GD25Q32_FLASH_Library\Firmware\GD32F4xx_standard_peripheral\Source\gd32f4xx_exmc.c","projects\05_SPI_I2C\gd25q32-spi-flash\course\Firmware\GD32F4xx_standard_peripheral\Source\gd32f4xx_exmc.c","57117","E4A79B377C89D9EB8BD5BE101E273AD5EFBA0C2A24FB4621AB7BC124BEEEAEBF","E4A79B377C89D9EB8BD5BE101E273AD5EFBA0C2A24FB4621AB7BC124BEEEAEBF","MATCH"
"day12\06_GD25Q32_FLASH_Library\Firmware\GD32F4xx_standard_peripheral\Source\gd32f4xx_exti.c","projects\05_SPI_I2C\gd25q32-spi-flash\course\Firmware\GD32F4xx_standard_peripheral\Source\gd32f4xx_exti.c","8423","FCE4A7ECA93486D71A9E5758642F2282AE7F8805DBB559312837A0B17577FE58","FCE4A7ECA93486D71A9E5758642F2282AE7F8805DBB559312837A0B17577FE58","MATCH"
"day12\06_GD25Q32_FLASH_Library\Firmware\GD32F4xx_standard_peripheral\Source\gd32f4xx_fmc.c","projects\05_SPI_I2C\gd25q32-spi-flash\course\Firmware\GD32F4xx_standard_peripheral\Source\gd32f4xx_fmc.c","34852","15408829D2405432FC8ED73D5D8C6BBB1E6C74540F1B817983BABD62E22CAB16","15408829D2405432FC8ED73D5D8C6BBB1E6C74540F1B817983BABD62E22CAB16","MATCH"
"day12\06_GD25Q32_FLASH_Library\Firmware\GD32F4xx_standard_peripheral\Source\gd32f4xx_fwdgt.c","projects\05_SPI_I2C\gd25q32-spi-flash\course\Firmware\GD32F4xx_standard_peripheral\Source\gd32f4xx_fwdgt.c","7007","05B67D15069CED6F0472E4115ECD16064402E0D6220561499000025A8CD189B7","05B67D15069CED6F0472E4115ECD16064402E0D6220561499000025A8CD189B7","MATCH"
"day12\06_GD25Q32_FLASH_Library\Firmware\GD32F4xx_standard_peripheral\Source\gd32f4xx_gpio.c","projects\05_SPI_I2C\gd25q32-spi-flash\course\Firmware\GD32F4xx_standard_peripheral\Source\gd32f4xx_gpio.c","15061","262BEFE864D5DA3BADA64D0B3DAB29E5C2747E46B154EDE8BCAB0B788DB614E0","262BEFE864D5DA3BADA64D0B3DAB29E5C2747E46B154EDE8BCAB0B788DB614E0","MATCH"
"day12\06_GD25Q32_FLASH_Library\Firmware\GD32F4xx_standard_peripheral\Source\gd32f4xx_i2c.c","projects\05_SPI_I2C\gd25q32-spi-flash\course\Firmware\GD32F4xx_standard_peripheral\Source\gd32f4xx_i2c.c","30805","8EDFAF1A8F0BF2833923D0072FE1B9D0467382B3EC1D243E918D0DE9711CCCD2","8EDFAF1A8F0BF2833923D0072FE1B9D0467382B3EC1D243E918D0DE9711CCCD2","MATCH"
"day12\06_GD25Q32_FLASH_Library\Firmware\GD32F4xx_standard_peripheral\Source\gd32f4xx_ipa.c","projects\05_SPI_I2C\gd25q32-spi-flash\course\Firmware\GD32F4xx_standard_peripheral\Source\gd32f4xx_ipa.c","26662","38A8350304763C1C83B4D2341F6782B090CA09ABE541AC360089B5CB454BCF57","38A8350304763C1C83B4D2341F6782B090CA09ABE541AC360089B5CB454BCF57","MATCH"
"day12\06_GD25Q32_FLASH_Library\Firmware\GD32F4xx_standard_peripheral\Source\gd32f4xx_iref.c","projects\05_SPI_I2C\gd25q32-spi-flash\course\Firmware\GD32F4xx_standard_peripheral\Source\gd32f4xx_iref.c","3544","24F2FCFCD20882FD3E65773A281A827BF5391A0A8054324EEF7C98BB3F2B9B80","24F2FCFCD20882FD3E65773A281A827BF5391A0A8054324EEF7C98BB3F2B9B80","MATCH"
"day12\06_GD25Q32_FLASH_Library\Firmware\GD32F4xx_standard_peripheral\Source\gd32f4xx_misc.c","projects\05_SPI_I2C\gd25q32-spi-flash\course\Firmware\GD32F4xx_standard_peripheral\Source\gd32f4xx_misc.c","7136","1CD262F295155428C25DEDC69BFBAB99F7A99DE09E0B602ECA1F2C6017CFE2DA","1CD262F295155428C25DEDC69BFBAB99F7A99DE09E0B602ECA1F2C6017CFE2DA","MATCH"
"day12\06_GD25Q32_FLASH_Library\Firmware\GD32F4xx_standard_peripheral\Source\gd32f4xx_pmu.c","projects\05_SPI_I2C\gd25q32-spi-flash\course\Firmware\GD32F4xx_standard_peripheral\Source\gd32f4xx_pmu.c","11909","DAFA94838A55132E3313234C5AC2BE6172116DC26574347363D554EFFB186D79","DAFA94838A55132E3313234C5AC2BE6172116DC26574347363D554EFFB186D79","MATCH"
"day12\06_GD25Q32_FLASH_Library\Firmware\GD32F4xx_standard_peripheral\Source\gd32f4xx_rcu.c","projects\05_SPI_I2C\gd25q32-spi-flash\course\Firmware\GD32F4xx_standard_peripheral\Source\gd32f4xx_rcu.c","50047","6C1030EB58EC7CB9C41E2A1FF31DDEF87F70DD083222327978234004C4E95B98","6C1030EB58EC7CB9C41E2A1FF31DDEF87F70DD083222327978234004C4E95B98","MATCH"
"day12\06_GD25Q32_FLASH_Library\Firmware\GD32F4xx_standard_peripheral\Source\gd32f4xx_rtc.c","projects\05_SPI_I2C\gd25q32-spi-flash\course\Firmware\GD32F4xx_standard_peripheral\Source\gd32f4xx_rtc.c","46946","EEA5BCB92C88A7BAB9F3740F8E9408236412A546B03A5467F21B0F94A01183E7","EEA5BCB92C88A7BAB9F3740F8E9408236412A546B03A5467F21B0F94A01183E7","MATCH"
"day12\06_GD25Q32_FLASH_Library\Firmware\GD32F4xx_standard_peripheral\Source\gd32f4xx_sdio.c","projects\05_SPI_I2C\gd25q32-spi-flash\course\Firmware\GD32F4xx_standard_peripheral\Source\gd32f4xx_sdio.c","28412","9D8F3E488C74C44A30C4D0BBB9CD8D86555D898CA9C36F259CE57609959B9854","9D8F3E488C74C44A30C4D0BBB9CD8D86555D898CA9C36F259CE57609959B9854","MATCH"
"day12\06_GD25Q32_FLASH_Library\Firmware\GD32F4xx_standard_peripheral\Source\gd32f4xx_spi.c","projects\05_SPI_I2C\gd25q32-spi-flash\course\Firmware\GD32F4xx_standard_peripheral\Source\gd32f4xx_spi.c","30670","CE06438E9AD5882A0FCA88DFE658DD925ED3320BA574C2797E2F93ACF6142459","CE06438E9AD5882A0FCA88DFE658DD925ED3320BA574C2797E2F93ACF6142459","MATCH"
"day12\06_GD25Q32_FLASH_Library\Firmware\GD32F4xx_standard_peripheral\Source\gd32f4xx_syscfg.c","projects\05_SPI_I2C\gd25q32-spi-flash\course\Firmware\GD32F4xx_standard_peripheral\Source\gd32f4xx_syscfg.c","7949","51A7A5E70F3064424CC6E2F6A06942B47ADAAC8C36A6612EE08B1643557B3CA3","51A7A5E70F3064424CC6E2F6A06942B47ADAAC8C36A6612EE08B1643557B3CA3","MATCH"
"day12\06_GD25Q32_FLASH_Library\Firmware\GD32F4xx_standard_peripheral\Source\gd32f4xx_timer.c","projects\05_SPI_I2C\gd25q32-spi-flash\course\Firmware\GD32F4xx_standard_peripheral\Source\gd32f4xx_timer.c","89361","3961465CF6BA39554E34C02183C50676A4AB9B3991A6AAD32D271754B2506B14","3961465CF6BA39554E34C02183C50676A4AB9B3991A6AAD32D271754B2506B14","MATCH"
"day12\06_GD25Q32_FLASH_Library\Firmware\GD32F4xx_standard_peripheral\Source\gd32f4xx_tli.c","projects\05_SPI_I2C\gd25q32-spi-flash\course\Firmware\GD32F4xx_standard_peripheral\Source\gd32f4xx_tli.c","24645","881A02E692AFD4A0B6848A929B0B8C79148911AD7543CF611287C45E82372541","881A02E692AFD4A0B6848A929B0B8C79148911AD7543CF611287C45E82372541","MATCH"
"day12\06_GD25Q32_FLASH_Library\Firmware\GD32F4xx_standard_peripheral\Source\gd32f4xx_trng.c","projects\05_SPI_I2C\gd25q32-spi-flash\course\Firmware\GD32F4xx_standard_peripheral\Source\gd32f4xx_trng.c","4471","BA9093D046A01C997AA54D2DE9F663E8AF32FB9E53C950CFC640F1033FCD6C53","BA9093D046A01C997AA54D2DE9F663E8AF32FB9E53C950CFC640F1033FCD6C53","MATCH"
"day12\06_GD25Q32_FLASH_Library\Firmware\GD32F4xx_standard_peripheral\Source\gd32f4xx_usart.c","projects\05_SPI_I2C\gd25q32-spi-flash\course\Firmware\GD32F4xx_standard_peripheral\Source\gd32f4xx_usart.c","34715","F67FA54D9C9537317BE92D95FD880A394D9ABE98DF708E5AA821FBFA392AE9B0","F67FA54D9C9537317BE92D95FD880A394D9ABE98DF708E5AA821FBFA392AE9B0","MATCH"
"day12\06_GD25Q32_FLASH_Library\Firmware\GD32F4xx_standard_peripheral\Source\gd32f4xx_wwdgt.c","projects\05_SPI_I2C\gd25q32-spi-flash\course\Firmware\GD32F4xx_standard_peripheral\Source\gd32f4xx_wwdgt.c","4154","0ED39DE6F0101E10DDCB476E6EF21C44D2282D4F689D0D0D70F9E04940E6F0FE","0ED39DE6F0101E10DDCB476E6EF21C44D2282D4F689D0D0D70F9E04940E6F0FE","MATCH"
"day12\06_GD25Q32_FLASH_Library\Hardware\bsp_buzzer.c","projects\05_SPI_I2C\gd25q32-spi-flash\course\Hardware\bsp_buzzer.c","3700","DB132610BB9FD25BB3606FEE7C189AD01FB3F68FEF38D105A74C0609C66B5CEE","DB132610BB9FD25BB3606FEE7C189AD01FB3F68FEF38D105A74C0609C66B5CEE","MATCH"
"day12\06_GD25Q32_FLASH_Library\Hardware\bsp_buzzer.h","projects\05_SPI_I2C\gd25q32-spi-flash\course\Hardware\bsp_buzzer.h","291","A849E5A19D17A5DED0E7438846AFA0D5E3636544ABFC356B361024CA882EC6C5","A849E5A19D17A5DED0E7438846AFA0D5E3636544ABFC356B361024CA882EC6C5","MATCH"
"day12\06_GD25Q32_FLASH_Library\Hardware\bsp_buzzer2.c","projects\05_SPI_I2C\gd25q32-spi-flash\course\Hardware\bsp_buzzer2.c","1429","D4F400CA00C8ACE082181E1D587A2B1CE7CC29C870BCA80C8A920BF78710B2C1","D4F400CA00C8ACE082181E1D587A2B1CE7CC29C870BCA80C8A920BF78710B2C1","MATCH"
"day12\06_GD25Q32_FLASH_Library\Hardware\bsp_buzzer2.h","projects\05_SPI_I2C\gd25q32-spi-flash\course\Hardware\bsp_buzzer2.h","291","A849E5A19D17A5DED0E7438846AFA0D5E3636544ABFC356B361024CA882EC6C5","A849E5A19D17A5DED0E7438846AFA0D5E3636544ABFC356B361024CA882EC6C5","MATCH"
"day12\06_GD25Q32_FLASH_Library\Hardware\spi_flash.c","projects\05_SPI_I2C\gd25q32-spi-flash\course\Hardware\spi_flash.c","4949","44BF5BFB4B940BC773E586FB8FFB678048507DEDC527DD9837FE2E1468B83D22","44BF5BFB4B940BC773E586FB8FFB678048507DEDC527DD9837FE2E1468B83D22","MATCH"
"day12\06_GD25Q32_FLASH_Library\Hardware\spi_flash.h","projects\05_SPI_I2C\gd25q32-spi-flash\course\Hardware\spi_flash.h","706","A4B00F6D47818E0C291F7A3641B57721C271391AC35F371F31CA06A23B64859F","A4B00F6D47818E0C291F7A3641B57721C271391AC35F371F31CA06A23B64859F","MATCH"
"day12\06_GD25Q32_FLASH_Library\Hardware\spi_oled\bmp.h","projects\05_SPI_I2C\gd25q32-spi-flash\course\Hardware\spi_oled\bmp.h","5892","41B47ABF87F28E541BCE47E6CF50E9E305764B99F532E8C59EEB5D2DA9C5BB87","41B47ABF87F28E541BCE47E6CF50E9E305764B99F532E8C59EEB5D2DA9C5BB87","MATCH"
"day12\06_GD25Q32_FLASH_Library\Hardware\spi_oled\oled.c","projects\05_SPI_I2C\gd25q32-spi-flash\course\Hardware\spi_oled\oled.c","10082","2BDC09F4AA58985F6CF9C9D0A198C20DDFE3F324532F2D3B016BBE912F9795CA","2BDC09F4AA58985F6CF9C9D0A198C20DDFE3F324532F2D3B016BBE912F9795CA","MATCH"
"day12\06_GD25Q32_FLASH_Library\Hardware\spi_oled\oled.h","projects\05_SPI_I2C\gd25q32-spi-flash\course\Hardware\spi_oled\oled.h","1797","7A2125FC4D5260CA5FB192C6EC9068A35587DBBD20C038F42D6960BB994ED857","7A2125FC4D5260CA5FB192C6EC9068A35587DBBD20C038F42D6960BB994ED857","MATCH"
"day12\06_GD25Q32_FLASH_Library\Library\EXTI_config.h","projects\05_SPI_I2C\gd25q32-spi-flash\course\Library\EXTI_config.h","1634","0FD94A8DF148AC6618D5CAA1F2788003CE63E2B27E13A31000428E29D095542B","0FD94A8DF148AC6618D5CAA1F2788003CE63E2B27E13A31000428E29D095542B","MATCH"
"day12\06_GD25Q32_FLASH_Library\Library\EXTI.c","projects\05_SPI_I2C\gd25q32-spi-flash\course\Library\EXTI.c","3132","528D0B3C2AC1F1661095497895FDB15FF878723CF351D28F3D3EE13F79DF8AE2","528D0B3C2AC1F1661095497895FDB15FF878723CF351D28F3D3EE13F79DF8AE2","MATCH"
"day12\06_GD25Q32_FLASH_Library\Library\EXTI.h","projects\05_SPI_I2C\gd25q32-spi-flash\course\Library\EXTI.h","246","63711925072BE76CE24B295341905A97BDD73234E1EFB33A28A0CEC82E3CD6C2","63711925072BE76CE24B295341905A97BDD73234E1EFB33A28A0CEC82E3CD6C2","MATCH"
"day12\06_GD25Q32_FLASH_Library\Library\I2C0.c","projects\05_SPI_I2C\gd25q32-spi-flash\course\Library\I2C0.c","11837","1902450E399F26AB11BABACB640C9C56389B2188FF852E3E6A58D60E16AF528E","1902450E399F26AB11BABACB640C9C56389B2188FF852E3E6A58D60E16AF528E","MATCH"
"day12\06_GD25Q32_FLASH_Library\Library\I2C0.h","projects\05_SPI_I2C\gd25q32-spi-flash\course\Library\I2C0.h","1258","E30F8BA27DF76E3682B8D0325EB2B9DAAF13A20CFF0E1FC59A4625625996AF42","E30F8BA27DF76E3682B8D0325EB2B9DAAF13A20CFF0E1FC59A4625625996AF42","MATCH"
"day12\06_GD25Q32_FLASH_Library\Library\SPI0.c","projects\05_SPI_I2C\gd25q32-spi-flash\course\Library\SPI0.c","5277","05ABB9FC634EC19ABB3300F6A69E0FD0E99EF08B423AFED75D102309A2E3CBEF","05ABB9FC634EC19ABB3300F6A69E0FD0E99EF08B423AFED75D102309A2E3CBEF","MATCH"
"day12\06_GD25Q32_FLASH_Library\Library\SPI0.h","projects\05_SPI_I2C\gd25q32-spi-flash\course\Library\SPI0.h","546","484C159F75CA7C537789E3DB62F2E9758505CEE54C4C5AFA7640ED8BAF3E08E6","484C159F75CA7C537789E3DB62F2E9758505CEE54C4C5AFA7640ED8BAF3E08E6","MATCH"
"day12\06_GD25Q32_FLASH_Library\Library\TIMER_config.h","projects\05_SPI_I2C\gd25q32-spi-flash\course\Library\TIMER_config.h","1813","BD74AB72F9068615F9AB44169B11F6EF25CD9BC3D4CD0E27A95BE4AE24608766","BD74AB72F9068615F9AB44169B11F6EF25CD9BC3D4CD0E27A95BE4AE24608766","MATCH"
"day12\06_GD25Q32_FLASH_Library\Library\TIMER.c","projects\05_SPI_I2C\gd25q32-spi-flash\course\Library\TIMER.c","5924","68A9D9BBDB446C51E0C577B7E7969E8F3513AF7E4736C10BC6D579FBF5661435","68A9D9BBDB446C51E0C577B7E7969E8F3513AF7E4736C10BC6D579FBF5661435","MATCH"
"day12\06_GD25Q32_FLASH_Library\Library\TIMER.h","projects\05_SPI_I2C\gd25q32-spi-flash\course\Library\TIMER.h","759","51A72D9863C245195AD3CD40ADDB0D573930D5AB540B30D3D971AD2AF6B2E80E","51A72D9863C245195AD3CD40ADDB0D573930D5AB540B30D3D971AD2AF6B2E80E","MATCH"
"day12\06_GD25Q32_FLASH_Library\Library\USART_config.h","projects\05_SPI_I2C\gd25q32-spi-flash\course\Library\USART_config.h","1220","73E72408B41955E419784B2A24B0FBD8AD81A334AA38EB9DB60A7DDAE97AD633","73E72408B41955E419784B2A24B0FBD8AD81A334AA38EB9DB60A7DDAE97AD633","MATCH"
"day12\06_GD25Q32_FLASH_Library\Library\USART0.c","projects\05_SPI_I2C\gd25q32-spi-flash\course\Library\USART0.c","10194","325E153A7388566303CC9DA901A87ED2A3D158D0238FA4A36A20EB17B1067606","325E153A7388566303CC9DA901A87ED2A3D158D0238FA4A36A20EB17B1067606","MATCH"
"day12\06_GD25Q32_FLASH_Library\Library\USART0.h","projects\05_SPI_I2C\gd25q32-spi-flash\course\Library\USART0.h","658","6016FD90E22446BB90BE0996EA5EE6493AB9CDF6E7F71024ED583F05C4860399","6016FD90E22446BB90BE0996EA5EE6493AB9CDF6E7F71024ED583F05C4860399","MATCH"
"day12\06_GD25Q32_FLASH_Library\Project\GD32F407.uvprojx","projects\05_SPI_I2C\gd25q32-spi-flash\course\Project\GD32F407.uvprojx","19608","B2A96711DF7BA7DFEC3EFDA654F77571F9B9E7E8D1F4478C68064A7E2295761C","B2A96711DF7BA7DFEC3EFDA654F77571F9B9E7E8D1F4478C68064A7E2295761C","MATCH"
"day12\06_GD25Q32_FLASH_Library\User\gd32f4xx_it.c","projects\05_SPI_I2C\gd25q32-spi-flash\course\User\gd32f4xx_it.c","3980","5BE8E65B392A41354E513056974D1869598AF02739A7CE6419E611D6AA3979C6","5BE8E65B392A41354E513056974D1869598AF02739A7CE6419E611D6AA3979C6","MATCH"
"day12\06_GD25Q32_FLASH_Library\User\gd32f4xx_it.h","projects\05_SPI_I2C\gd25q32-spi-flash\course\User\gd32f4xx_it.h","2524","B4995762AE5CEB7125CC9720CEA7E2BAD8640C23B87ED1856D9B8A380A5FC8C3","B4995762AE5CEB7125CC9720CEA7E2BAD8640C23B87ED1856D9B8A380A5FC8C3","MATCH"
"day12\06_GD25Q32_FLASH_Library\User\gd32f4xx_libopt.h","projects\05_SPI_I2C\gd25q32-spi-flash\course\User\gd32f4xx_libopt.h","2917","702C6D85987BCDDDD363A8412C5806255F6C746065DA984EB21896C5DDD6BF09","702C6D85987BCDDDD363A8412C5806255F6C746065DA984EB21896C5DDD6BF09","MATCH"
"day12\06_GD25Q32_FLASH_Library\User\main.c","projects\05_SPI_I2C\gd25q32-spi-flash\course\User\main.c","3546","63BBC183ED8F1094CC71B2DA7C43F6AD7AE569429FF75BF914F05E1933495D76","63BBC183ED8F1094CC71B2DA7C43F6AD7AE569429FF75BF914F05E1933495D76","MATCH"
"day12\06_GD25Q32_FLASH_Library\User\main.h","projects\05_SPI_I2C\gd25q32-spi-flash\course\User\main.h","1814","32C273B119ABF22DA51E2782C09853A1545B1DF1364A13EFFA2B465379E1A53C","32C273B119ABF22DA51E2782C09853A1545B1DF1364A13EFFA2B465379E1A53C","MATCH"
"day12\06_GD25Q32_FLASH_Library\User\readme.txt","projects\05_SPI_I2C\gd25q32-spi-flash\course\User\readme.txt","1862","A45BD1E14D470B46BE2D57C9D35147E41204556CC4BB4E25EA3C7B6B424A0B7C","A45BD1E14D470B46BE2D57C9D35147E41204556CC4BB4E25EA3C7B6B424A0B7C","MATCH"
"day12\06_GD25Q32_FLASH_Library\User\systick.c","projects\05_SPI_I2C\gd25q32-spi-flash\course\User\systick.c","2835","3BFDC9D654AEE46AFAE59529984C667193CD9098D01115CFB80DB9AC96D37E14","3BFDC9D654AEE46AFAE59529984C667193CD9098D01115CFB80DB9AC96D37E14","MATCH"
"day12\06_GD25Q32_FLASH_Library\User\systick.h","projects\05_SPI_I2C\gd25q32-spi-flash\course\User\systick.h","2034","E74F1981340E6162CCE52F39F73009B1570EFB7F024410652F494E77997DA025","E74F1981340E6162CCE52F39F73009B1570EFB7F024410652F494E77997DA025","MATCH"
"day09\05_I2C_Library\Firmware\CMSIS\core_cm4_simd.h","projects\05_SPI_I2C\i2c-pcf8563\course\Firmware\CMSIS\core_cm4_simd.h","22959","0C2A0C2D66C7791B82CA19D10336C96518830EF359F6BFD9DA7477BC2CBCCBBB","0C2A0C2D66C7791B82CA19D10336C96518830EF359F6BFD9DA7477BC2CBCCBBB","MATCH"
"day09\05_I2C_Library\Firmware\CMSIS\core_cm4.h","projects\05_SPI_I2C\i2c-pcf8563\course\Firmware\CMSIS\core_cm4.h","109878","4756546E1449D17B1A7DEE2F3307F2C92C9F1D669C3F5DFC3EE1DEC8AEE9A8F7","4756546E1449D17B1A7DEE2F3307F2C92C9F1D669C3F5DFC3EE1DEC8AEE9A8F7","MATCH"
"day09\05_I2C_Library\Firmware\CMSIS\core_cmFunc.h","projects\05_SPI_I2C\i2c-pcf8563\course\Firmware\CMSIS\core_cmFunc.h","15828","5075FF67C8E264B83D9B391C07C6512E26ABBC189E321DE0D8B4375476980E5E","5075FF67C8E264B83D9B391C07C6512E26ABBC189E321DE0D8B4375476980E5E","MATCH"
"day09\05_I2C_Library\Firmware\CMSIS\core_cmInstr.h","projects\05_SPI_I2C\i2c-pcf8563\course\Firmware\CMSIS\core_cmInstr.h","17205","C35DDCA16CA04646DC70ACF2D592AD9EAEAAECD8125A32ABB710069648266EB5","C35DDCA16CA04646DC70ACF2D592AD9EAEAAECD8125A32ABB710069648266EB5","MATCH"
"day09\05_I2C_Library\Firmware\CMSIS\GD\GD32F4xx\Include\gd32f4xx.h","projects\05_SPI_I2C\i2c-pcf8563\course\Firmware\CMSIS\GD\GD32F4xx\Include\gd32f4xx.h","28854","96F1F6884C9885D32DF760A385CA0B5E8E9B20C066F71B946771A00503623A62","96F1F6884C9885D32DF760A385CA0B5E8E9B20C066F71B946771A00503623A62","MATCH"
"day09\05_I2C_Library\Firmware\CMSIS\GD\GD32F4xx\Include\system_gd32f4xx.h","projects\05_SPI_I2C\i2c-pcf8563\course\Firmware\CMSIS\GD\GD32F4xx\Include\system_gd32f4xx.h","2484","98EF2DD6DD7F6D2542C4D5CA83E9869BE3630B43300CB9AB453703E4277913BD","98EF2DD6DD7F6D2542C4D5CA83E9869BE3630B43300CB9AB453703E4277913BD","MATCH"
"day09\05_I2C_Library\Firmware\CMSIS\GD\GD32F4xx\Source\ARM\startup_gd32f405_425.s","projects\05_SPI_I2C\i2c-pcf8563\course\Firmware\CMSIS\GD\GD32F4xx\Source\ARM\startup_gd32f405_425.s","21757","AEF6290F6950C0B7FB922FD12B91B3FC34ADA707A6846AA5D7A1277FDD50FBD9","AEF6290F6950C0B7FB922FD12B91B3FC34ADA707A6846AA5D7A1277FDD50FBD9","MATCH"
"day09\05_I2C_Library\Firmware\CMSIS\GD\GD32F4xx\Source\ARM\startup_gd32f407_427.s","projects\05_SPI_I2C\i2c-pcf8563\course\Firmware\CMSIS\GD\GD32F4xx\Source\ARM\startup_gd32f407_427.s","22101","65127CC1FFC7BB0C6E3AB3E1EF32C8F935D09EF4A83AC4914E089D40C39B8B5B","65127CC1FFC7BB0C6E3AB3E1EF32C8F935D09EF4A83AC4914E089D40C39B8B5B","MATCH"
"day09\05_I2C_Library\Firmware\CMSIS\GD\GD32F4xx\Source\ARM\startup_gd32f450_470.s","projects\05_SPI_I2C\i2c-pcf8563\course\Firmware\CMSIS\GD\GD32F4xx\Source\ARM\startup_gd32f450_470.s","23659","A4E9852BA47AAD025DE9645D067FAB33DDA87B8E82DEA6D77B3364F902345299","A4E9852BA47AAD025DE9645D067FAB33DDA87B8E82DEA6D77B3364F902345299","MATCH"
"day09\05_I2C_Library\Firmware\CMSIS\GD\GD32F4xx\Source\IAR\startup_gd32f405_425.s","projects\05_SPI_I2C\i2c-pcf8563\course\Firmware\CMSIS\GD\GD32F4xx\Source\IAR\startup_gd32f405_425.s","25159","70E76C6AD0182A5682773261E308008BC1102C09839605A0E058851173026836","70E76C6AD0182A5682773261E308008BC1102C09839605A0E058851173026836","MATCH"
"day09\05_I2C_Library\Firmware\CMSIS\GD\GD32F4xx\Source\IAR\startup_gd32f407_427.s","projects\05_SPI_I2C\i2c-pcf8563\course\Firmware\CMSIS\GD\GD32F4xx\Source\IAR\startup_gd32f407_427.s","25736","550D6CA54DE7F8FCB2791AAF9141666BA15978C55017FA6798BF0CA80A2864C6","550D6CA54DE7F8FCB2791AAF9141666BA15978C55017FA6798BF0CA80A2864C6","MATCH"
"day09\05_I2C_Library\Firmware\CMSIS\GD\GD32F4xx\Source\IAR\startup_gd32f450_470.s","projects\05_SPI_I2C\i2c-pcf8563\course\Firmware\CMSIS\GD\GD32F4xx\Source\IAR\startup_gd32f450_470.s","27837","EE6654F1D551C6937D014FE943342B0395A32076E5AC8DD688C600EACB9BD343","EE6654F1D551C6937D014FE943342B0395A32076E5AC8DD688C600EACB9BD343","MATCH"
"day09\05_I2C_Library\Firmware\CMSIS\GD\GD32F4xx\Source\system_gd32f4xx.c","projects\05_SPI_I2C\i2c-pcf8563\course\Firmware\CMSIS\GD\GD32F4xx\Source\system_gd32f4xx.c","36416","8F66A123756716CF74297A7B54EEC616F230CBBC37DFB60F21BF05D1BC070836","8F66A123756716CF74297A7B54EEC616F230CBBC37DFB60F21BF05D1BC070836","MATCH"
"day09\05_I2C_Library\Firmware\GD32F4xx_standard_peripheral\Include\gd32f4xx_adc.h","projects\05_SPI_I2C\i2c-pcf8563\course\Firmware\GD32F4xx_standard_peripheral\Include\gd32f4xx_adc.h","41521","D6B41E007F1EE95E5FA1B495F94924F7E6166439FBF3E9234A26B5FA6C32F1DE","D6B41E007F1EE95E5FA1B495F94924F7E6166439FBF3E9234A26B5FA6C32F1DE","MATCH"
"day09\05_I2C_Library\Firmware\GD32F4xx_standard_peripheral\Include\gd32f4xx_can.h","projects\05_SPI_I2C\i2c-pcf8563\course\Firmware\GD32F4xx_standard_peripheral\Include\gd32f4xx_can.h","54440","62A96066D7B8A1CEF45AB4092FCE5058B962050EB1C9E4B3585F0E19B9F30578","62A96066D7B8A1CEF45AB4092FCE5058B962050EB1C9E4B3585F0E19B9F30578","MATCH"
"day09\05_I2C_Library\Firmware\GD32F4xx_standard_peripheral\Include\gd32f4xx_crc.h","projects\05_SPI_I2C\i2c-pcf8563\course\Firmware\GD32F4xx_standard_peripheral\Include\gd32f4xx_crc.h","3380","4870F145AEEC968F3A7A0A5068105591E1ADEB9A37A5E47FDCC9D27D7D3AFBD6","4870F145AEEC968F3A7A0A5068105591E1ADEB9A37A5E47FDCC9D27D7D3AFBD6","MATCH"
"day09\05_I2C_Library\Firmware\GD32F4xx_standard_peripheral\Include\gd32f4xx_ctc.h","projects\05_SPI_I2C\i2c-pcf8563\course\Firmware\GD32F4xx_standard_peripheral\Include\gd32f4xx_ctc.h","11513","900AB7D5F9C585834166A58966C8D523FF91D410066D00BBED3E6522C25782D7","900AB7D5F9C585834166A58966C8D523FF91D410066D00BBED3E6522C25782D7","MATCH"
"day09\05_I2C_Library\Firmware\GD32F4xx_standard_peripheral\Include\gd32f4xx_dac.h","projects\05_SPI_I2C\i2c-pcf8563\course\Firmware\GD32F4xx_standard_peripheral\Include\gd32f4xx_dac.h","18761","86057CC0C52A32F955A12F47ABA1E4997AC2DABA13B10A686D8777579F638AFB","86057CC0C52A32F955A12F47ABA1E4997AC2DABA13B10A686D8777579F638AFB","MATCH"
"day09\05_I2C_Library\Firmware\GD32F4xx_standard_peripheral\Include\gd32f4xx_dbg.h","projects\05_SPI_I2C\i2c-pcf8563\course\Firmware\GD32F4xx_standard_peripheral\Include\gd32f4xx_dbg.h","9890","21A089B5880F1D101116BD37EAAC7A085A103901A40900E75941130D901B150E","21A089B5880F1D101116BD37EAAC7A085A103901A40900E75941130D901B150E","MATCH"
"day09\05_I2C_Library\Firmware\GD32F4xx_standard_peripheral\Include\gd32f4xx_dci.h","projects\05_SPI_I2C\i2c-pcf8563\course\Firmware\GD32F4xx_standard_peripheral\Include\gd32f4xx_dci.h","13665","787F449F0B2EBA5BBCC92B0D50899FA668CEA6ED9CCAB3960EBA0B2253CC7748","787F449F0B2EBA5BBCC92B0D50899FA668CEA6ED9CCAB3960EBA0B2253CC7748","MATCH"
"day09\05_I2C_Library\Firmware\GD32F4xx_standard_peripheral\Include\gd32f4xx_dma.h","projects\05_SPI_I2C\i2c-pcf8563\course\Firmware\GD32F4xx_standard_peripheral\Include\gd32f4xx_dma.h","32675","F358957EBF98C4C449480A088E349CDAC2716394C24FA4111DE08B06FCDC5094","F358957EBF98C4C449480A088E349CDAC2716394C24FA4111DE08B06FCDC5094","MATCH"
"day09\05_I2C_Library\Firmware\GD32F4xx_standard_peripheral\Include\gd32f4xx_enet.h","projects\05_SPI_I2C\i2c-pcf8563\course\Firmware\GD32F4xx_standard_peripheral\Include\gd32f4xx_enet.h","144084","2BDBC2BE9B0E3BA398DEEAB38021442A2CFEEDFF21FC353CF3B16C717A2CDF9B","2BDBC2BE9B0E3BA398DEEAB38021442A2CFEEDFF21FC353CF3B16C717A2CDF9B","MATCH"
"day09\05_I2C_Library\Firmware\GD32F4xx_standard_peripheral\Include\gd32f4xx_exmc.h","projects\05_SPI_I2C\i2c-pcf8563\course\Firmware\GD32F4xx_standard_peripheral\Include\gd32f4xx_exmc.h","64299","68482B678DD868085A6BE6317EEC18873D43F895936E503487E843E561A0D55E","68482B678DD868085A6BE6317EEC18873D43F895936E503487E843E561A0D55E","MATCH"
"day09\05_I2C_Library\Firmware\GD32F4xx_standard_peripheral\Include\gd32f4xx_exti.h","projects\05_SPI_I2C\i2c-pcf8563\course\Firmware\GD32F4xx_standard_peripheral\Include\gd32f4xx_exti.h","20470","705948F029F63A5995D9849A60E417D6210ECE34C8E942C76A2D4E7A2B927426","705948F029F63A5995D9849A60E417D6210ECE34C8E942C76A2D4E7A2B927426","MATCH"
"day09\05_I2C_Library\Firmware\GD32F4xx_standard_peripheral\Include\gd32f4xx_fmc.h","projects\05_SPI_I2C\i2c-pcf8563\course\Firmware\GD32F4xx_standard_peripheral\Include\gd32f4xx_fmc.h","28322","5A5D9F0B1CE1E7486206130F80048F81A6D3E9E6337BF0A4C69D4A1D5EDC9F7E","5A5D9F0B1CE1E7486206130F80048F81A6D3E9E6337BF0A4C69D4A1D5EDC9F7E","MATCH"
"day09\05_I2C_Library\Firmware\GD32F4xx_standard_peripheral\Include\gd32f4xx_fwdgt.h","projects\05_SPI_I2C\i2c-pcf8563\course\Firmware\GD32F4xx_standard_peripheral\Include\gd32f4xx_fwdgt.h","5876","04CB4EE0D6526910CF9CA8BEFC437FC6DF3FDFE09FB0BC418AB7EA5C19611A50","04CB4EE0D6526910CF9CA8BEFC437FC6DF3FDFE09FB0BC418AB7EA5C19611A50","MATCH"
"day09\05_I2C_Library\Firmware\GD32F4xx_standard_peripheral\Include\gd32f4xx_gpio.h","projects\05_SPI_I2C\i2c-pcf8563\course\Firmware\GD32F4xx_standard_peripheral\Include\gd32f4xx_gpio.h","29164","A20501A28644BF45B8E3C4AB2A7237466805C1480B06E7D6C8585296D7F08787","A20501A28644BF45B8E3C4AB2A7237466805C1480B06E7D6C8585296D7F08787","MATCH"
"day09\05_I2C_Library\Firmware\GD32F4xx_standard_peripheral\Include\gd32f4xx_i2c.h","projects\05_SPI_I2C\i2c-pcf8563\course\Firmware\GD32F4xx_standard_peripheral\Include\gd32f4xx_i2c.h","29826","6CF4053E2452263CDFCB98DA0832CE1F2F1B0380C1BEA5D4284C1DF0D5CBBB05","6CF4053E2452263CDFCB98DA0832CE1F2F1B0380C1BEA5D4284C1DF0D5CBBB05","MATCH"
"day09\05_I2C_Library\Firmware\GD32F4xx_standard_peripheral\Include\gd32f4xx_ipa.h","projects\05_SPI_I2C\i2c-pcf8563\course\Firmware\GD32F4xx_standard_peripheral\Include\gd32f4xx_ipa.h","25918","1AD22068402E09BAE4117E637ED972FCD7452751CCBE01C7829AEA7DF45AE8AE","1AD22068402E09BAE4117E637ED972FCD7452751CCBE01C7829AEA7DF45AE8AE","MATCH"
"day09\05_I2C_Library\Firmware\GD32F4xx_standard_peripheral\Include\gd32f4xx_iref.h","projects\05_SPI_I2C\i2c-pcf8563\course\Firmware\GD32F4xx_standard_peripheral\Include\gd32f4xx_iref.h","13448","D9D1E67FD4473F44B2F7E22BB78C3DFA9B5109D083AF1B0FDC63EC657B241C4A","D9D1E67FD4473F44B2F7E22BB78C3DFA9B5109D083AF1B0FDC63EC657B241C4A","MATCH"
"day09\05_I2C_Library\Firmware\GD32F4xx_standard_peripheral\Include\gd32f4xx_misc.h","projects\05_SPI_I2C\i2c-pcf8563\course\Firmware\GD32F4xx_standard_peripheral\Include\gd32f4xx_misc.h","4691","0A918F830F0200C0E806DFB50594259783E69D8ADBC27708705567F7193D35FB","0A918F830F0200C0E806DFB50594259783E69D8ADBC27708705567F7193D35FB","MATCH"
"day09\05_I2C_Library\Firmware\GD32F4xx_standard_peripheral\Include\gd32f4xx_pmu.h","projects\05_SPI_I2C\i2c-pcf8563\course\Firmware\GD32F4xx_standard_peripheral\Include\gd32f4xx_pmu.h","11878","B9A72B6E42083EFD170C0C5FBE579C5D6417F9BBF674DB36041BE96FCBD84636","B9A72B6E42083EFD170C0C5FBE579C5D6417F9BBF674DB36041BE96FCBD84636","MATCH"
"day09\05_I2C_Library\Firmware\GD32F4xx_standard_peripheral\Include\gd32f4xx_rcu.h","projects\05_SPI_I2C\i2c-pcf8563\course\Firmware\GD32F4xx_standard_peripheral\Include\gd32f4xx_rcu.h","95768","AC2B2AE653EDC89E674EDA24E1CFE8B511B73984AE0CABED3DF60BA61F8EEF08","AC2B2AE653EDC89E674EDA24E1CFE8B511B73984AE0CABED3DF60BA61F8EEF08","MATCH"
"day09\05_I2C_Library\Firmware\GD32F4xx_standard_peripheral\Include\gd32f4xx_rtc.h","projects\05_SPI_I2C\i2c-pcf8563\course\Firmware\GD32F4xx_standard_peripheral\Include\gd32f4xx_rtc.h","52407","1798B1B495683096D4491CF0F854957D2AD60612F65A801ED0E7A4BEE49FA549","1798B1B495683096D4491CF0F854957D2AD60612F65A801ED0E7A4BEE49FA549","MATCH"
"day09\05_I2C_Library\Firmware\GD32F4xx_standard_peripheral\Include\gd32f4xx_sdio.h","projects\05_SPI_I2C\i2c-pcf8563\course\Firmware\GD32F4xx_standard_peripheral\Include\gd32f4xx_sdio.h","30655","8D6813EFC565E3085611D767EA4E670E0C76A256C6F17FC93F313BCB11D0385A","8D6813EFC565E3085611D767EA4E670E0C76A256C6F17FC93F313BCB11D0385A","MATCH"
"day09\05_I2C_Library\Firmware\GD32F4xx_standard_peripheral\Include\gd32f4xx_spi.h","projects\05_SPI_I2C\i2c-pcf8563\course\Firmware\GD32F4xx_standard_peripheral\Include\gd32f4xx_spi.h","25831","4C6360C8FE58D4A38E4870BCBA17630857551D3EC7B4BD3DDEB5085C31240B1C","4C6360C8FE58D4A38E4870BCBA17630857551D3EC7B4BD3DDEB5085C31240B1C","MATCH"
"day09\05_I2C_Library\Firmware\GD32F4xx_standard_peripheral\Include\gd32f4xx_syscfg.h","projects\05_SPI_I2C\i2c-pcf8563\course\Firmware\GD32F4xx_standard_peripheral\Include\gd32f4xx_syscfg.h","11558","5060FEF0A07A3FC1396A31F09F95FE1D134F8A1FB1581E3DD98BB6078108C447","5060FEF0A07A3FC1396A31F09F95FE1D134F8A1FB1581E3DD98BB6078108C447","MATCH"
"day09\05_I2C_Library\Firmware\GD32F4xx_standard_peripheral\Include\gd32f4xx_timer.h","projects\05_SPI_I2C\i2c-pcf8563\course\Firmware\GD32F4xx_standard_peripheral\Include\gd32f4xx_timer.h","59717","7A79F81F1D862A1B49F23BFE05B1AC751A71E761B6E63C2DFFABE6C7BC69AC49","7A79F81F1D862A1B49F23BFE05B1AC751A71E761B6E63C2DFFABE6C7BC69AC49","MATCH"
"day09\05_I2C_Library\Firmware\GD32F4xx_standard_peripheral\Include\gd32f4xx_tli.h","projects\05_SPI_I2C\i2c-pcf8563\course\Firmware\GD32F4xx_standard_peripheral\Include\gd32f4xx_tli.h","23557","1B94EA157AC8CE2FED962B0C4FF95B6702C6194300AA51B04C3AAFE493768D2A","1B94EA157AC8CE2FED962B0C4FF95B6702C6194300AA51B04C3AAFE493768D2A","MATCH"
"day09\05_I2C_Library\Firmware\GD32F4xx_standard_peripheral\Include\gd32f4xx_trng.h","projects\05_SPI_I2C\i2c-pcf8563\course\Firmware\GD32F4xx_standard_peripheral\Include\gd32f4xx_trng.h","4431","91E2BB5AFFEFA65F90927FAD795FAA0F4204516284ECA38E461506F0CD9CA924","91E2BB5AFFEFA65F90927FAD795FAA0F4204516284ECA38E461506F0CD9CA924","MATCH"
"day09\05_I2C_Library\Firmware\GD32F4xx_standard_peripheral\Include\gd32f4xx_usart.h","projects\05_SPI_I2C\i2c-pcf8563\course\Firmware\GD32F4xx_standard_peripheral\Include\gd32f4xx_usart.h","31652","6CF40E957A1216C99E3663D667DE1944C42272897011834BF20ADCD97E791074","6CF40E957A1216C99E3663D667DE1944C42272897011834BF20ADCD97E791074","MATCH"
"day09\05_I2C_Library\Firmware\GD32F4xx_standard_peripheral\Include\gd32f4xx_wwdgt.h","projects\05_SPI_I2C\i2c-pcf8563\course\Firmware\GD32F4xx_standard_peripheral\Include\gd32f4xx_wwdgt.h","4561","01EECFC98B4507AEB8F0AFBE7D994EA0A617A79E5D4EB2D1D4A85979BA014EFE","01EECFC98B4507AEB8F0AFBE7D994EA0A617A79E5D4EB2D1D4A85979BA014EFE","MATCH"
"day09\05_I2C_Library\Firmware\GD32F4xx_standard_peripheral\Source\gd32f4xx_adc.c","projects\05_SPI_I2C\i2c-pcf8563\course\Firmware\GD32F4xx_standard_peripheral\Source\gd32f4xx_adc.c","49331","8A5C91EC7A397B53EFD086646674D273ECE00F36C9610AB50715FE1521BA4112","8A5C91EC7A397B53EFD086646674D273ECE00F36C9610AB50715FE1521BA4112","MATCH"
"day09\05_I2C_Library\Firmware\GD32F4xx_standard_peripheral\Source\gd32f4xx_can.c","projects\05_SPI_I2C\i2c-pcf8563\course\Firmware\GD32F4xx_standard_peripheral\Source\gd32f4xx_can.c","40297","CE0E343B00856972EABACCC1F4D88C051796A8D1E30C4596312FC29A533DB8BA","CE0E343B00856972EABACCC1F4D88C051796A8D1E30C4596312FC29A533DB8BA","MATCH"
"day09\05_I2C_Library\Firmware\GD32F4xx_standard_peripheral\Source\gd32f4xx_crc.c","projects\05_SPI_I2C\i2c-pcf8563\course\Firmware\GD32F4xx_standard_peripheral\Source\gd32f4xx_crc.c","3904","C14034159E72E082AA70E2A8CBA60FFCF950B63D75AE467706632F32EC00F315","C14034159E72E082AA70E2A8CBA60FFCF950B63D75AE467706632F32EC00F315","MATCH"
"day09\05_I2C_Library\Firmware\GD32F4xx_standard_peripheral\Source\gd32f4xx_ctc.c","projects\05_SPI_I2C\i2c-pcf8563\course\Firmware\GD32F4xx_standard_peripheral\Source\gd32f4xx_ctc.c","12892","07F4A6385C6FFB2E18ECF95DAAE6A431FB91262FA988835A249A64F4002280A1","07F4A6385C6FFB2E18ECF95DAAE6A431FB91262FA988835A249A64F4002280A1","MATCH"
"day09\05_I2C_Library\Firmware\GD32F4xx_standard_peripheral\Source\gd32f4xx_dac.c","projects\05_SPI_I2C\i2c-pcf8563\course\Firmware\GD32F4xx_standard_peripheral\Source\gd32f4xx_dac.c","22641","ACE5C99F1E2774D955CA4E4D5D6E81B2D831F718098487EA3E8C2C34C960E160","ACE5C99F1E2774D955CA4E4D5D6E81B2D831F718098487EA3E8C2C34C960E160","MATCH"
"day09\05_I2C_Library\Firmware\GD32F4xx_standard_peripheral\Source\gd32f4xx_dbg.c","projects\05_SPI_I2C\i2c-pcf8563\course\Firmware\GD32F4xx_standard_peripheral\Source\gd32f4xx_dbg.c","7772","6EEC659FD6B5C549226BAE8E9C9C78785B064D557434189BB221287D550FE291","6EEC659FD6B5C549226BAE8E9C9C78785B064D557434189BB221287D550FE291","MATCH"
"day09\05_I2C_Library\Firmware\GD32F4xx_standard_peripheral\Source\gd32f4xx_dci.c","projects\05_SPI_I2C\i2c-pcf8563\course\Firmware\GD32F4xx_standard_peripheral\Source\gd32f4xx_dci.c","10290","B99613D9A21A02DD39117F30B9A488B859209AB3489DCFDE7361D147CDF76516","B99613D9A21A02DD39117F30B9A488B859209AB3489DCFDE7361D147CDF76516","MATCH"
"day09\05_I2C_Library\Firmware\GD32F4xx_standard_peripheral\Source\gd32f4xx_dma.c","projects\05_SPI_I2C\i2c-pcf8563\course\Firmware\GD32F4xx_standard_peripheral\Source\gd32f4xx_dma.c","36449","2D943A169ABABCC22CBC6C41665F5CE375C30B63005954E1D34BB3218CB63FAF","2D943A169ABABCC22CBC6C41665F5CE375C30B63005954E1D34BB3218CB63FAF","MATCH"
"day09\05_I2C_Library\Firmware\GD32F4xx_standard_peripheral\Source\gd32f4xx_enet.c","projects\05_SPI_I2C\i2c-pcf8563\course\Firmware\GD32F4xx_standard_peripheral\Source\gd32f4xx_enet.c","151999","3051E8737C463D23D07B9C9AD937BC7C488BB573738B2313982870DAA670E87E","3051E8737C463D23D07B9C9AD937BC7C488BB573738B2313982870DAA670E87E","MATCH"
"day09\05_I2C_Library\Firmware\GD32F4xx_standard_peripheral\Source\gd32f4xx_exmc.c","projects\05_SPI_I2C\i2c-pcf8563\course\Firmware\GD32F4xx_standard_peripheral\Source\gd32f4xx_exmc.c","57117","E4A79B377C89D9EB8BD5BE101E273AD5EFBA0C2A24FB4621AB7BC124BEEEAEBF","E4A79B377C89D9EB8BD5BE101E273AD5EFBA0C2A24FB4621AB7BC124BEEEAEBF","MATCH"
"day09\05_I2C_Library\Firmware\GD32F4xx_standard_peripheral\Source\gd32f4xx_exti.c","projects\05_SPI_I2C\i2c-pcf8563\course\Firmware\GD32F4xx_standard_peripheral\Source\gd32f4xx_exti.c","8423","FCE4A7ECA93486D71A9E5758642F2282AE7F8805DBB559312837A0B17577FE58","FCE4A7ECA93486D71A9E5758642F2282AE7F8805DBB559312837A0B17577FE58","MATCH"
"day09\05_I2C_Library\Firmware\GD32F4xx_standard_peripheral\Source\gd32f4xx_fmc.c","projects\05_SPI_I2C\i2c-pcf8563\course\Firmware\GD32F4xx_standard_peripheral\Source\gd32f4xx_fmc.c","34852","15408829D2405432FC8ED73D5D8C6BBB1E6C74540F1B817983BABD62E22CAB16","15408829D2405432FC8ED73D5D8C6BBB1E6C74540F1B817983BABD62E22CAB16","MATCH"
"day09\05_I2C_Library\Firmware\GD32F4xx_standard_peripheral\Source\gd32f4xx_fwdgt.c","projects\05_SPI_I2C\i2c-pcf8563\course\Firmware\GD32F4xx_standard_peripheral\Source\gd32f4xx_fwdgt.c","7007","05B67D15069CED6F0472E4115ECD16064402E0D6220561499000025A8CD189B7","05B67D15069CED6F0472E4115ECD16064402E0D6220561499000025A8CD189B7","MATCH"
"day09\05_I2C_Library\Firmware\GD32F4xx_standard_peripheral\Source\gd32f4xx_gpio.c","projects\05_SPI_I2C\i2c-pcf8563\course\Firmware\GD32F4xx_standard_peripheral\Source\gd32f4xx_gpio.c","15061","262BEFE864D5DA3BADA64D0B3DAB29E5C2747E46B154EDE8BCAB0B788DB614E0","262BEFE864D5DA3BADA64D0B3DAB29E5C2747E46B154EDE8BCAB0B788DB614E0","MATCH"
"day09\05_I2C_Library\Firmware\GD32F4xx_standard_peripheral\Source\gd32f4xx_i2c.c","projects\05_SPI_I2C\i2c-pcf8563\course\Firmware\GD32F4xx_standard_peripheral\Source\gd32f4xx_i2c.c","30805","8EDFAF1A8F0BF2833923D0072FE1B9D0467382B3EC1D243E918D0DE9711CCCD2","8EDFAF1A8F0BF2833923D0072FE1B9D0467382B3EC1D243E918D0DE9711CCCD2","MATCH"
"day09\05_I2C_Library\Firmware\GD32F4xx_standard_peripheral\Source\gd32f4xx_ipa.c","projects\05_SPI_I2C\i2c-pcf8563\course\Firmware\GD32F4xx_standard_peripheral\Source\gd32f4xx_ipa.c","26662","38A8350304763C1C83B4D2341F6782B090CA09ABE541AC360089B5CB454BCF57","38A8350304763C1C83B4D2341F6782B090CA09ABE541AC360089B5CB454BCF57","MATCH"
"day09\05_I2C_Library\Firmware\GD32F4xx_standard_peripheral\Source\gd32f4xx_iref.c","projects\05_SPI_I2C\i2c-pcf8563\course\Firmware\GD32F4xx_standard_peripheral\Source\gd32f4xx_iref.c","3544","24F2FCFCD20882FD3E65773A281A827BF5391A0A8054324EEF7C98BB3F2B9B80","24F2FCFCD20882FD3E65773A281A827BF5391A0A8054324EEF7C98BB3F2B9B80","MATCH"
"day09\05_I2C_Library\Firmware\GD32F4xx_standard_peripheral\Source\gd32f4xx_misc.c","projects\05_SPI_I2C\i2c-pcf8563\course\Firmware\GD32F4xx_standard_peripheral\Source\gd32f4xx_misc.c","7136","1CD262F295155428C25DEDC69BFBAB99F7A99DE09E0B602ECA1F2C6017CFE2DA","1CD262F295155428C25DEDC69BFBAB99F7A99DE09E0B602ECA1F2C6017CFE2DA","MATCH"
"day09\05_I2C_Library\Firmware\GD32F4xx_standard_peripheral\Source\gd32f4xx_pmu.c","projects\05_SPI_I2C\i2c-pcf8563\course\Firmware\GD32F4xx_standard_peripheral\Source\gd32f4xx_pmu.c","11909","DAFA94838A55132E3313234C5AC2BE6172116DC26574347363D554EFFB186D79","DAFA94838A55132E3313234C5AC2BE6172116DC26574347363D554EFFB186D79","MATCH"
"day09\05_I2C_Library\Firmware\GD32F4xx_standard_peripheral\Source\gd32f4xx_rcu.c","projects\05_SPI_I2C\i2c-pcf8563\course\Firmware\GD32F4xx_standard_peripheral\Source\gd32f4xx_rcu.c","50047","6C1030EB58EC7CB9C41E2A1FF31DDEF87F70DD083222327978234004C4E95B98","6C1030EB58EC7CB9C41E2A1FF31DDEF87F70DD083222327978234004C4E95B98","MATCH"
"day09\05_I2C_Library\Firmware\GD32F4xx_standard_peripheral\Source\gd32f4xx_rtc.c","projects\05_SPI_I2C\i2c-pcf8563\course\Firmware\GD32F4xx_standard_peripheral\Source\gd32f4xx_rtc.c","46946","EEA5BCB92C88A7BAB9F3740F8E9408236412A546B03A5467F21B0F94A01183E7","EEA5BCB92C88A7BAB9F3740F8E9408236412A546B03A5467F21B0F94A01183E7","MATCH"
"day09\05_I2C_Library\Firmware\GD32F4xx_standard_peripheral\Source\gd32f4xx_sdio.c","projects\05_SPI_I2C\i2c-pcf8563\course\Firmware\GD32F4xx_standard_peripheral\Source\gd32f4xx_sdio.c","28412","9D8F3E488C74C44A30C4D0BBB9CD8D86555D898CA9C36F259CE57609959B9854","9D8F3E488C74C44A30C4D0BBB9CD8D86555D898CA9C36F259CE57609959B9854","MATCH"
"day09\05_I2C_Library\Firmware\GD32F4xx_standard_peripheral\Source\gd32f4xx_spi.c","projects\05_SPI_I2C\i2c-pcf8563\course\Firmware\GD32F4xx_standard_peripheral\Source\gd32f4xx_spi.c","30670","CE06438E9AD5882A0FCA88DFE658DD925ED3320BA574C2797E2F93ACF6142459","CE06438E9AD5882A0FCA88DFE658DD925ED3320BA574C2797E2F93ACF6142459","MATCH"
"day09\05_I2C_Library\Firmware\GD32F4xx_standard_peripheral\Source\gd32f4xx_syscfg.c","projects\05_SPI_I2C\i2c-pcf8563\course\Firmware\GD32F4xx_standard_peripheral\Source\gd32f4xx_syscfg.c","7949","51A7A5E70F3064424CC6E2F6A06942B47ADAAC8C36A6612EE08B1643557B3CA3","51A7A5E70F3064424CC6E2F6A06942B47ADAAC8C36A6612EE08B1643557B3CA3","MATCH"
"day09\05_I2C_Library\Firmware\GD32F4xx_standard_peripheral\Source\gd32f4xx_timer.c","projects\05_SPI_I2C\i2c-pcf8563\course\Firmware\GD32F4xx_standard_peripheral\Source\gd32f4xx_timer.c","89361","3961465CF6BA39554E34C02183C50676A4AB9B3991A6AAD32D271754B2506B14","3961465CF6BA39554E34C02183C50676A4AB9B3991A6AAD32D271754B2506B14","MATCH"
"day09\05_I2C_Library\Firmware\GD32F4xx_standard_peripheral\Source\gd32f4xx_tli.c","projects\05_SPI_I2C\i2c-pcf8563\course\Firmware\GD32F4xx_standard_peripheral\Source\gd32f4xx_tli.c","24645","881A02E692AFD4A0B6848A929B0B8C79148911AD7543CF611287C45E82372541","881A02E692AFD4A0B6848A929B0B8C79148911AD7543CF611287C45E82372541","MATCH"
"day09\05_I2C_Library\Firmware\GD32F4xx_standard_peripheral\Source\gd32f4xx_trng.c","projects\05_SPI_I2C\i2c-pcf8563\course\Firmware\GD32F4xx_standard_peripheral\Source\gd32f4xx_trng.c","4471","BA9093D046A01C997AA54D2DE9F663E8AF32FB9E53C950CFC640F1033FCD6C53","BA9093D046A01C997AA54D2DE9F663E8AF32FB9E53C950CFC640F1033FCD6C53","MATCH"
"day09\05_I2C_Library\Firmware\GD32F4xx_standard_peripheral\Source\gd32f4xx_usart.c","projects\05_SPI_I2C\i2c-pcf8563\course\Firmware\GD32F4xx_standard_peripheral\Source\gd32f4xx_usart.c","34715","F67FA54D9C9537317BE92D95FD880A394D9ABE98DF708E5AA821FBFA392AE9B0","F67FA54D9C9537317BE92D95FD880A394D9ABE98DF708E5AA821FBFA392AE9B0","MATCH"
"day09\05_I2C_Library\Firmware\GD32F4xx_standard_peripheral\Source\gd32f4xx_wwdgt.c","projects\05_SPI_I2C\i2c-pcf8563\course\Firmware\GD32F4xx_standard_peripheral\Source\gd32f4xx_wwdgt.c","4154","0ED39DE6F0101E10DDCB476E6EF21C44D2282D4F689D0D0D70F9E04940E6F0FE","0ED39DE6F0101E10DDCB476E6EF21C44D2282D4F689D0D0D70F9E04940E6F0FE","MATCH"
"day09\05_I2C_Library\Hardware\bsp_buzzer.c","projects\05_SPI_I2C\i2c-pcf8563\course\Hardware\bsp_buzzer.c","3700","DB132610BB9FD25BB3606FEE7C189AD01FB3F68FEF38D105A74C0609C66B5CEE","DB132610BB9FD25BB3606FEE7C189AD01FB3F68FEF38D105A74C0609C66B5CEE","MATCH"
"day09\05_I2C_Library\Hardware\bsp_buzzer.h","projects\05_SPI_I2C\i2c-pcf8563\course\Hardware\bsp_buzzer.h","291","A849E5A19D17A5DED0E7438846AFA0D5E3636544ABFC356B361024CA882EC6C5","A849E5A19D17A5DED0E7438846AFA0D5E3636544ABFC356B361024CA882EC6C5","MATCH"
"day09\05_I2C_Library\Hardware\bsp_buzzer2.c","projects\05_SPI_I2C\i2c-pcf8563\course\Hardware\bsp_buzzer2.c","1429","D4F400CA00C8ACE082181E1D587A2B1CE7CC29C870BCA80C8A920BF78710B2C1","D4F400CA00C8ACE082181E1D587A2B1CE7CC29C870BCA80C8A920BF78710B2C1","MATCH"
"day09\05_I2C_Library\Hardware\bsp_buzzer2.h","projects\05_SPI_I2C\i2c-pcf8563\course\Hardware\bsp_buzzer2.h","291","A849E5A19D17A5DED0E7438846AFA0D5E3636544ABFC356B361024CA882EC6C5","A849E5A19D17A5DED0E7438846AFA0D5E3636544ABFC356B361024CA882EC6C5","MATCH"
"day09\05_I2C_Library\Hardware\PCF8563.c","projects\05_SPI_I2C\i2c-pcf8563\course\Hardware\PCF8563.c","5202","2E94091AD8E1FAB5E813F61A839F96B14BD60FB26EB318EB72429414690719F5","2E94091AD8E1FAB5E813F61A839F96B14BD60FB26EB318EB72429414690719F5","MATCH"
"day09\05_I2C_Library\Hardware\PCF8563.h","projects\05_SPI_I2C\i2c-pcf8563\course\Hardware\PCF8563.h","1618","19991DC9FBF8F48B64ED662868B937FBA9D27E6447A0ACBBDEC705AA8A68C793","19991DC9FBF8F48B64ED662868B937FBA9D27E6447A0ACBBDEC705AA8A68C793","MATCH"
"day09\05_I2C_Library\Library\EXTI_config.h","projects\05_SPI_I2C\i2c-pcf8563\course\Library\EXTI_config.h","1634","0FD94A8DF148AC6618D5CAA1F2788003CE63E2B27E13A31000428E29D095542B","0FD94A8DF148AC6618D5CAA1F2788003CE63E2B27E13A31000428E29D095542B","MATCH"
"day09\05_I2C_Library\Library\EXTI.c","projects\05_SPI_I2C\i2c-pcf8563\course\Library\EXTI.c","3132","528D0B3C2AC1F1661095497895FDB15FF878723CF351D28F3D3EE13F79DF8AE2","528D0B3C2AC1F1661095497895FDB15FF878723CF351D28F3D3EE13F79DF8AE2","MATCH"
"day09\05_I2C_Library\Library\EXTI.h","projects\05_SPI_I2C\i2c-pcf8563\course\Library\EXTI.h","246","63711925072BE76CE24B295341905A97BDD73234E1EFB33A28A0CEC82E3CD6C2","63711925072BE76CE24B295341905A97BDD73234E1EFB33A28A0CEC82E3CD6C2","MATCH"
"day09\05_I2C_Library\Library\I2C_soft.c","projects\05_SPI_I2C\i2c-pcf8563\course\Library\I2C_soft.c","6051","0BF6CE9D5B1AD419D72A758DF781849301B36651D6FC7EA9BB60E2E9BD080E90","0BF6CE9D5B1AD419D72A758DF781849301B36651D6FC7EA9BB60E2E9BD080E90","MATCH"
"day09\05_I2C_Library\Library\I2C_soft.h","projects\05_SPI_I2C\i2c-pcf8563\course\Library\I2C_soft.h","306","FACD1DA01B10E8391D4F2984F4EF16046A8A052BEDE1CF3EF3E517EEC99AFD38","FACD1DA01B10E8391D4F2984F4EF16046A8A052BEDE1CF3EF3E517EEC99AFD38","MATCH"
"day09\05_I2C_Library\Library\I2C0.c","projects\05_SPI_I2C\i2c-pcf8563\course\Library\I2C0.c","11837","1902450E399F26AB11BABACB640C9C56389B2188FF852E3E6A58D60E16AF528E","1902450E399F26AB11BABACB640C9C56389B2188FF852E3E6A58D60E16AF528E","MATCH"
"day09\05_I2C_Library\Library\I2C0.h","projects\05_SPI_I2C\i2c-pcf8563\course\Library\I2C0.h","1258","E30F8BA27DF76E3682B8D0325EB2B9DAAF13A20CFF0E1FC59A4625625996AF42","E30F8BA27DF76E3682B8D0325EB2B9DAAF13A20CFF0E1FC59A4625625996AF42","MATCH"
"day09\05_I2C_Library\Library\TIMER_config.h","projects\05_SPI_I2C\i2c-pcf8563\course\Library\TIMER_config.h","1813","BD74AB72F9068615F9AB44169B11F6EF25CD9BC3D4CD0E27A95BE4AE24608766","BD74AB72F9068615F9AB44169B11F6EF25CD9BC3D4CD0E27A95BE4AE24608766","MATCH"
"day09\05_I2C_Library\Library\TIMER.c","projects\05_SPI_I2C\i2c-pcf8563\course\Library\TIMER.c","5924","68A9D9BBDB446C51E0C577B7E7969E8F3513AF7E4736C10BC6D579FBF5661435","68A9D9BBDB446C51E0C577B7E7969E8F3513AF7E4736C10BC6D579FBF5661435","MATCH"
"day09\05_I2C_Library\Library\TIMER.h","projects\05_SPI_I2C\i2c-pcf8563\course\Library\TIMER.h","759","51A72D9863C245195AD3CD40ADDB0D573930D5AB540B30D3D971AD2AF6B2E80E","51A72D9863C245195AD3CD40ADDB0D573930D5AB540B30D3D971AD2AF6B2E80E","MATCH"
"day09\05_I2C_Library\Library\USART_config.h","projects\05_SPI_I2C\i2c-pcf8563\course\Library\USART_config.h","1220","73E72408B41955E419784B2A24B0FBD8AD81A334AA38EB9DB60A7DDAE97AD633","73E72408B41955E419784B2A24B0FBD8AD81A334AA38EB9DB60A7DDAE97AD633","MATCH"
"day09\05_I2C_Library\Library\USART0.c","projects\05_SPI_I2C\i2c-pcf8563\course\Library\USART0.c","10194","325E153A7388566303CC9DA901A87ED2A3D158D0238FA4A36A20EB17B1067606","325E153A7388566303CC9DA901A87ED2A3D158D0238FA4A36A20EB17B1067606","MATCH"
"day09\05_I2C_Library\Library\USART0.h","projects\05_SPI_I2C\i2c-pcf8563\course\Library\USART0.h","658","6016FD90E22446BB90BE0996EA5EE6493AB9CDF6E7F71024ED583F05C4860399","6016FD90E22446BB90BE0996EA5EE6493AB9CDF6E7F71024ED583F05C4860399","MATCH"
"day09\05_I2C_Library\Project\GD32F407.uvprojx","projects\05_SPI_I2C\i2c-pcf8563\course\Project\GD32F407.uvprojx","19545","D9272A289A9CC0BA4B13A4D2F1CA21826BC0B7BB3321713012E8A191223F91E2","D9272A289A9CC0BA4B13A4D2F1CA21826BC0B7BB3321713012E8A191223F91E2","MATCH"
"day09\05_I2C_Library\User\gd32f4xx_it.c","projects\05_SPI_I2C\i2c-pcf8563\course\User\gd32f4xx_it.c","3980","5BE8E65B392A41354E513056974D1869598AF02739A7CE6419E611D6AA3979C6","5BE8E65B392A41354E513056974D1869598AF02739A7CE6419E611D6AA3979C6","MATCH"
"day09\05_I2C_Library\User\gd32f4xx_it.h","projects\05_SPI_I2C\i2c-pcf8563\course\User\gd32f4xx_it.h","2524","B4995762AE5CEB7125CC9720CEA7E2BAD8640C23B87ED1856D9B8A380A5FC8C3","B4995762AE5CEB7125CC9720CEA7E2BAD8640C23B87ED1856D9B8A380A5FC8C3","MATCH"
"day09\05_I2C_Library\User\gd32f4xx_libopt.h","projects\05_SPI_I2C\i2c-pcf8563\course\User\gd32f4xx_libopt.h","2917","702C6D85987BCDDDD363A8412C5806255F6C746065DA984EB21896C5DDD6BF09","702C6D85987BCDDDD363A8412C5806255F6C746065DA984EB21896C5DDD6BF09","MATCH"
"day09\05_I2C_Library\User\main.c","projects\05_SPI_I2C\i2c-pcf8563\course\User\main.c","1470","113BA61911ECD22DCC4B2BA1A17CD427DCDEC14F647989CEE6B40816721303B9","113BA61911ECD22DCC4B2BA1A17CD427DCDEC14F647989CEE6B40816721303B9","MATCH"
"day09\05_I2C_Library\User\main.h","projects\05_SPI_I2C\i2c-pcf8563\course\User\main.h","1814","32C273B119ABF22DA51E2782C09853A1545B1DF1364A13EFFA2B465379E1A53C","32C273B119ABF22DA51E2782C09853A1545B1DF1364A13EFFA2B465379E1A53C","MATCH"
"day09\05_I2C_Library\User\readme.txt","projects\05_SPI_I2C\i2c-pcf8563\course\User\readme.txt","1862","A45BD1E14D470B46BE2D57C9D35147E41204556CC4BB4E25EA3C7B6B424A0B7C","A45BD1E14D470B46BE2D57C9D35147E41204556CC4BB4E25EA3C7B6B424A0B7C","MATCH"
"day09\05_I2C_Library\User\systick.c","projects\05_SPI_I2C\i2c-pcf8563\course\User\systick.c","2835","3BFDC9D654AEE46AFAE59529984C667193CD9098D01115CFB80DB9AC96D37E14","3BFDC9D654AEE46AFAE59529984C667193CD9098D01115CFB80DB9AC96D37E14","MATCH"
"day09\05_I2C_Library\User\systick.h","projects\05_SPI_I2C\i2c-pcf8563\course\User\systick.h","2034","E74F1981340E6162CCE52F39F73009B1570EFB7F024410652F494E77997DA025","E74F1981340E6162CCE52F39F73009B1570EFB7F024410652F494E77997DA025","MATCH"
"day10\06_OLED_GD32_IIC_optimize\Firmware\CMSIS\core_cm4_simd.h","projects\05_SPI_I2C\oled-i2c-buffered\course\Firmware\CMSIS\core_cm4_simd.h","22959","0C2A0C2D66C7791B82CA19D10336C96518830EF359F6BFD9DA7477BC2CBCCBBB","0C2A0C2D66C7791B82CA19D10336C96518830EF359F6BFD9DA7477BC2CBCCBBB","MATCH"
"day10\06_OLED_GD32_IIC_optimize\Firmware\CMSIS\core_cm4.h","projects\05_SPI_I2C\oled-i2c-buffered\course\Firmware\CMSIS\core_cm4.h","109878","4756546E1449D17B1A7DEE2F3307F2C92C9F1D669C3F5DFC3EE1DEC8AEE9A8F7","4756546E1449D17B1A7DEE2F3307F2C92C9F1D669C3F5DFC3EE1DEC8AEE9A8F7","MATCH"
"day10\06_OLED_GD32_IIC_optimize\Firmware\CMSIS\core_cmFunc.h","projects\05_SPI_I2C\oled-i2c-buffered\course\Firmware\CMSIS\core_cmFunc.h","15828","5075FF67C8E264B83D9B391C07C6512E26ABBC189E321DE0D8B4375476980E5E","5075FF67C8E264B83D9B391C07C6512E26ABBC189E321DE0D8B4375476980E5E","MATCH"
"day10\06_OLED_GD32_IIC_optimize\Firmware\CMSIS\core_cmInstr.h","projects\05_SPI_I2C\oled-i2c-buffered\course\Firmware\CMSIS\core_cmInstr.h","17205","C35DDCA16CA04646DC70ACF2D592AD9EAEAAECD8125A32ABB710069648266EB5","C35DDCA16CA04646DC70ACF2D592AD9EAEAAECD8125A32ABB710069648266EB5","MATCH"
"day10\06_OLED_GD32_IIC_optimize\Firmware\CMSIS\GD\GD32F4xx\Include\gd32f4xx.h","projects\05_SPI_I2C\oled-i2c-buffered\course\Firmware\CMSIS\GD\GD32F4xx\Include\gd32f4xx.h","28854","96F1F6884C9885D32DF760A385CA0B5E8E9B20C066F71B946771A00503623A62","96F1F6884C9885D32DF760A385CA0B5E8E9B20C066F71B946771A00503623A62","MATCH"
"day10\06_OLED_GD32_IIC_optimize\Firmware\CMSIS\GD\GD32F4xx\Include\system_gd32f4xx.h","projects\05_SPI_I2C\oled-i2c-buffered\course\Firmware\CMSIS\GD\GD32F4xx\Include\system_gd32f4xx.h","2484","98EF2DD6DD7F6D2542C4D5CA83E9869BE3630B43300CB9AB453703E4277913BD","98EF2DD6DD7F6D2542C4D5CA83E9869BE3630B43300CB9AB453703E4277913BD","MATCH"
"day10\06_OLED_GD32_IIC_optimize\Firmware\CMSIS\GD\GD32F4xx\Source\ARM\startup_gd32f405_425.s","projects\05_SPI_I2C\oled-i2c-buffered\course\Firmware\CMSIS\GD\GD32F4xx\Source\ARM\startup_gd32f405_425.s","21757","AEF6290F6950C0B7FB922FD12B91B3FC34ADA707A6846AA5D7A1277FDD50FBD9","AEF6290F6950C0B7FB922FD12B91B3FC34ADA707A6846AA5D7A1277FDD50FBD9","MATCH"
"day10\06_OLED_GD32_IIC_optimize\Firmware\CMSIS\GD\GD32F4xx\Source\ARM\startup_gd32f407_427.s","projects\05_SPI_I2C\oled-i2c-buffered\course\Firmware\CMSIS\GD\GD32F4xx\Source\ARM\startup_gd32f407_427.s","22101","65127CC1FFC7BB0C6E3AB3E1EF32C8F935D09EF4A83AC4914E089D40C39B8B5B","65127CC1FFC7BB0C6E3AB3E1EF32C8F935D09EF4A83AC4914E089D40C39B8B5B","MATCH"
"day10\06_OLED_GD32_IIC_optimize\Firmware\CMSIS\GD\GD32F4xx\Source\ARM\startup_gd32f450_470.s","projects\05_SPI_I2C\oled-i2c-buffered\course\Firmware\CMSIS\GD\GD32F4xx\Source\ARM\startup_gd32f450_470.s","23659","A4E9852BA47AAD025DE9645D067FAB33DDA87B8E82DEA6D77B3364F902345299","A4E9852BA47AAD025DE9645D067FAB33DDA87B8E82DEA6D77B3364F902345299","MATCH"
"day10\06_OLED_GD32_IIC_optimize\Firmware\CMSIS\GD\GD32F4xx\Source\IAR\startup_gd32f405_425.s","projects\05_SPI_I2C\oled-i2c-buffered\course\Firmware\CMSIS\GD\GD32F4xx\Source\IAR\startup_gd32f405_425.s","25159","70E76C6AD0182A5682773261E308008BC1102C09839605A0E058851173026836","70E76C6AD0182A5682773261E308008BC1102C09839605A0E058851173026836","MATCH"
"day10\06_OLED_GD32_IIC_optimize\Firmware\CMSIS\GD\GD32F4xx\Source\IAR\startup_gd32f407_427.s","projects\05_SPI_I2C\oled-i2c-buffered\course\Firmware\CMSIS\GD\GD32F4xx\Source\IAR\startup_gd32f407_427.s","25736","550D6CA54DE7F8FCB2791AAF9141666BA15978C55017FA6798BF0CA80A2864C6","550D6CA54DE7F8FCB2791AAF9141666BA15978C55017FA6798BF0CA80A2864C6","MATCH"
"day10\06_OLED_GD32_IIC_optimize\Firmware\CMSIS\GD\GD32F4xx\Source\IAR\startup_gd32f450_470.s","projects\05_SPI_I2C\oled-i2c-buffered\course\Firmware\CMSIS\GD\GD32F4xx\Source\IAR\startup_gd32f450_470.s","27837","EE6654F1D551C6937D014FE943342B0395A32076E5AC8DD688C600EACB9BD343","EE6654F1D551C6937D014FE943342B0395A32076E5AC8DD688C600EACB9BD343","MATCH"
"day10\06_OLED_GD32_IIC_optimize\Firmware\CMSIS\GD\GD32F4xx\Source\system_gd32f4xx.c","projects\05_SPI_I2C\oled-i2c-buffered\course\Firmware\CMSIS\GD\GD32F4xx\Source\system_gd32f4xx.c","36416","8F66A123756716CF74297A7B54EEC616F230CBBC37DFB60F21BF05D1BC070836","8F66A123756716CF74297A7B54EEC616F230CBBC37DFB60F21BF05D1BC070836","MATCH"
"day10\06_OLED_GD32_IIC_optimize\Firmware\GD32F4xx_standard_peripheral\Include\gd32f4xx_adc.h","projects\05_SPI_I2C\oled-i2c-buffered\course\Firmware\GD32F4xx_standard_peripheral\Include\gd32f4xx_adc.h","41521","D6B41E007F1EE95E5FA1B495F94924F7E6166439FBF3E9234A26B5FA6C32F1DE","D6B41E007F1EE95E5FA1B495F94924F7E6166439FBF3E9234A26B5FA6C32F1DE","MATCH"
"day10\06_OLED_GD32_IIC_optimize\Firmware\GD32F4xx_standard_peripheral\Include\gd32f4xx_can.h","projects\05_SPI_I2C\oled-i2c-buffered\course\Firmware\GD32F4xx_standard_peripheral\Include\gd32f4xx_can.h","54440","62A96066D7B8A1CEF45AB4092FCE5058B962050EB1C9E4B3585F0E19B9F30578","62A96066D7B8A1CEF45AB4092FCE5058B962050EB1C9E4B3585F0E19B9F30578","MATCH"
"day10\06_OLED_GD32_IIC_optimize\Firmware\GD32F4xx_standard_peripheral\Include\gd32f4xx_crc.h","projects\05_SPI_I2C\oled-i2c-buffered\course\Firmware\GD32F4xx_standard_peripheral\Include\gd32f4xx_crc.h","3380","4870F145AEEC968F3A7A0A5068105591E1ADEB9A37A5E47FDCC9D27D7D3AFBD6","4870F145AEEC968F3A7A0A5068105591E1ADEB9A37A5E47FDCC9D27D7D3AFBD6","MATCH"
"day10\06_OLED_GD32_IIC_optimize\Firmware\GD32F4xx_standard_peripheral\Include\gd32f4xx_ctc.h","projects\05_SPI_I2C\oled-i2c-buffered\course\Firmware\GD32F4xx_standard_peripheral\Include\gd32f4xx_ctc.h","11513","900AB7D5F9C585834166A58966C8D523FF91D410066D00BBED3E6522C25782D7","900AB7D5F9C585834166A58966C8D523FF91D410066D00BBED3E6522C25782D7","MATCH"
"day10\06_OLED_GD32_IIC_optimize\Firmware\GD32F4xx_standard_peripheral\Include\gd32f4xx_dac.h","projects\05_SPI_I2C\oled-i2c-buffered\course\Firmware\GD32F4xx_standard_peripheral\Include\gd32f4xx_dac.h","18761","86057CC0C52A32F955A12F47ABA1E4997AC2DABA13B10A686D8777579F638AFB","86057CC0C52A32F955A12F47ABA1E4997AC2DABA13B10A686D8777579F638AFB","MATCH"
"day10\06_OLED_GD32_IIC_optimize\Firmware\GD32F4xx_standard_peripheral\Include\gd32f4xx_dbg.h","projects\05_SPI_I2C\oled-i2c-buffered\course\Firmware\GD32F4xx_standard_peripheral\Include\gd32f4xx_dbg.h","9890","21A089B5880F1D101116BD37EAAC7A085A103901A40900E75941130D901B150E","21A089B5880F1D101116BD37EAAC7A085A103901A40900E75941130D901B150E","MATCH"
"day10\06_OLED_GD32_IIC_optimize\Firmware\GD32F4xx_standard_peripheral\Include\gd32f4xx_dci.h","projects\05_SPI_I2C\oled-i2c-buffered\course\Firmware\GD32F4xx_standard_peripheral\Include\gd32f4xx_dci.h","13665","787F449F0B2EBA5BBCC92B0D50899FA668CEA6ED9CCAB3960EBA0B2253CC7748","787F449F0B2EBA5BBCC92B0D50899FA668CEA6ED9CCAB3960EBA0B2253CC7748","MATCH"
"day10\06_OLED_GD32_IIC_optimize\Firmware\GD32F4xx_standard_peripheral\Include\gd32f4xx_dma.h","projects\05_SPI_I2C\oled-i2c-buffered\course\Firmware\GD32F4xx_standard_peripheral\Include\gd32f4xx_dma.h","32675","F358957EBF98C4C449480A088E349CDAC2716394C24FA4111DE08B06FCDC5094","F358957EBF98C4C449480A088E349CDAC2716394C24FA4111DE08B06FCDC5094","MATCH"
"day10\06_OLED_GD32_IIC_optimize\Firmware\GD32F4xx_standard_peripheral\Include\gd32f4xx_enet.h","projects\05_SPI_I2C\oled-i2c-buffered\course\Firmware\GD32F4xx_standard_peripheral\Include\gd32f4xx_enet.h","144084","2BDBC2BE9B0E3BA398DEEAB38021442A2CFEEDFF21FC353CF3B16C717A2CDF9B","2BDBC2BE9B0E3BA398DEEAB38021442A2CFEEDFF21FC353CF3B16C717A2CDF9B","MATCH"
"day10\06_OLED_GD32_IIC_optimize\Firmware\GD32F4xx_standard_peripheral\Include\gd32f4xx_exmc.h","projects\05_SPI_I2C\oled-i2c-buffered\course\Firmware\GD32F4xx_standard_peripheral\Include\gd32f4xx_exmc.h","64299","68482B678DD868085A6BE6317EEC18873D43F895936E503487E843E561A0D55E","68482B678DD868085A6BE6317EEC18873D43F895936E503487E843E561A0D55E","MATCH"
"day10\06_OLED_GD32_IIC_optimize\Firmware\GD32F4xx_standard_peripheral\Include\gd32f4xx_exti.h","projects\05_SPI_I2C\oled-i2c-buffered\course\Firmware\GD32F4xx_standard_peripheral\Include\gd32f4xx_exti.h","20470","705948F029F63A5995D9849A60E417D6210ECE34C8E942C76A2D4E7A2B927426","705948F029F63A5995D9849A60E417D6210ECE34C8E942C76A2D4E7A2B927426","MATCH"
"day10\06_OLED_GD32_IIC_optimize\Firmware\GD32F4xx_standard_peripheral\Include\gd32f4xx_fmc.h","projects\05_SPI_I2C\oled-i2c-buffered\course\Firmware\GD32F4xx_standard_peripheral\Include\gd32f4xx_fmc.h","28322","5A5D9F0B1CE1E7486206130F80048F81A6D3E9E6337BF0A4C69D4A1D5EDC9F7E","5A5D9F0B1CE1E7486206130F80048F81A6D3E9E6337BF0A4C69D4A1D5EDC9F7E","MATCH"
"day10\06_OLED_GD32_IIC_optimize\Firmware\GD32F4xx_standard_peripheral\Include\gd32f4xx_fwdgt.h","projects\05_SPI_I2C\oled-i2c-buffered\course\Firmware\GD32F4xx_standard_peripheral\Include\gd32f4xx_fwdgt.h","5876","04CB4EE0D6526910CF9CA8BEFC437FC6DF3FDFE09FB0BC418AB7EA5C19611A50","04CB4EE0D6526910CF9CA8BEFC437FC6DF3FDFE09FB0BC418AB7EA5C19611A50","MATCH"
"day10\06_OLED_GD32_IIC_optimize\Firmware\GD32F4xx_standard_peripheral\Include\gd32f4xx_gpio.h","projects\05_SPI_I2C\oled-i2c-buffered\course\Firmware\GD32F4xx_standard_peripheral\Include\gd32f4xx_gpio.h","29164","A20501A28644BF45B8E3C4AB2A7237466805C1480B06E7D6C8585296D7F08787","A20501A28644BF45B8E3C4AB2A7237466805C1480B06E7D6C8585296D7F08787","MATCH"
"day10\06_OLED_GD32_IIC_optimize\Firmware\GD32F4xx_standard_peripheral\Include\gd32f4xx_i2c.h","projects\05_SPI_I2C\oled-i2c-buffered\course\Firmware\GD32F4xx_standard_peripheral\Include\gd32f4xx_i2c.h","29826","6CF4053E2452263CDFCB98DA0832CE1F2F1B0380C1BEA5D4284C1DF0D5CBBB05","6CF4053E2452263CDFCB98DA0832CE1F2F1B0380C1BEA5D4284C1DF0D5CBBB05","MATCH"
"day10\06_OLED_GD32_IIC_optimize\Firmware\GD32F4xx_standard_peripheral\Include\gd32f4xx_ipa.h","projects\05_SPI_I2C\oled-i2c-buffered\course\Firmware\GD32F4xx_standard_peripheral\Include\gd32f4xx_ipa.h","25918","1AD22068402E09BAE4117E637ED972FCD7452751CCBE01C7829AEA7DF45AE8AE","1AD22068402E09BAE4117E637ED972FCD7452751CCBE01C7829AEA7DF45AE8AE","MATCH"
"day10\06_OLED_GD32_IIC_optimize\Firmware\GD32F4xx_standard_peripheral\Include\gd32f4xx_iref.h","projects\05_SPI_I2C\oled-i2c-buffered\course\Firmware\GD32F4xx_standard_peripheral\Include\gd32f4xx_iref.h","13448","D9D1E67FD4473F44B2F7E22BB78C3DFA9B5109D083AF1B0FDC63EC657B241C4A","D9D1E67FD4473F44B2F7E22BB78C3DFA9B5109D083AF1B0FDC63EC657B241C4A","MATCH"
"day10\06_OLED_GD32_IIC_optimize\Firmware\GD32F4xx_standard_peripheral\Include\gd32f4xx_misc.h","projects\05_SPI_I2C\oled-i2c-buffered\course\Firmware\GD32F4xx_standard_peripheral\Include\gd32f4xx_misc.h","4691","0A918F830F0200C0E806DFB50594259783E69D8ADBC27708705567F7193D35FB","0A918F830F0200C0E806DFB50594259783E69D8ADBC27708705567F7193D35FB","MATCH"
"day10\06_OLED_GD32_IIC_optimize\Firmware\GD32F4xx_standard_peripheral\Include\gd32f4xx_pmu.h","projects\05_SPI_I2C\oled-i2c-buffered\course\Firmware\GD32F4xx_standard_peripheral\Include\gd32f4xx_pmu.h","11878","B9A72B6E42083EFD170C0C5FBE579C5D6417F9BBF674DB36041BE96FCBD84636","B9A72B6E42083EFD170C0C5FBE579C5D6417F9BBF674DB36041BE96FCBD84636","MATCH"
"day10\06_OLED_GD32_IIC_optimize\Firmware\GD32F4xx_standard_peripheral\Include\gd32f4xx_rcu.h","projects\05_SPI_I2C\oled-i2c-buffered\course\Firmware\GD32F4xx_standard_peripheral\Include\gd32f4xx_rcu.h","95768","AC2B2AE653EDC89E674EDA24E1CFE8B511B73984AE0CABED3DF60BA61F8EEF08","AC2B2AE653EDC89E674EDA24E1CFE8B511B73984AE0CABED3DF60BA61F8EEF08","MATCH"
"day10\06_OLED_GD32_IIC_optimize\Firmware\GD32F4xx_standard_peripheral\Include\gd32f4xx_rtc.h","projects\05_SPI_I2C\oled-i2c-buffered\course\Firmware\GD32F4xx_standard_peripheral\Include\gd32f4xx_rtc.h","52407","1798B1B495683096D4491CF0F854957D2AD60612F65A801ED0E7A4BEE49FA549","1798B1B495683096D4491CF0F854957D2AD60612F65A801ED0E7A4BEE49FA549","MATCH"
"day10\06_OLED_GD32_IIC_optimize\Firmware\GD32F4xx_standard_peripheral\Include\gd32f4xx_sdio.h","projects\05_SPI_I2C\oled-i2c-buffered\course\Firmware\GD32F4xx_standard_peripheral\Include\gd32f4xx_sdio.h","30655","8D6813EFC565E3085611D767EA4E670E0C76A256C6F17FC93F313BCB11D0385A","8D6813EFC565E3085611D767EA4E670E0C76A256C6F17FC93F313BCB11D0385A","MATCH"
"day10\06_OLED_GD32_IIC_optimize\Firmware\GD32F4xx_standard_peripheral\Include\gd32f4xx_spi.h","projects\05_SPI_I2C\oled-i2c-buffered\course\Firmware\GD32F4xx_standard_peripheral\Include\gd32f4xx_spi.h","25831","4C6360C8FE58D4A38E4870BCBA17630857551D3EC7B4BD3DDEB5085C31240B1C","4C6360C8FE58D4A38E4870BCBA17630857551D3EC7B4BD3DDEB5085C31240B1C","MATCH"
"day10\06_OLED_GD32_IIC_optimize\Firmware\GD32F4xx_standard_peripheral\Include\gd32f4xx_syscfg.h","projects\05_SPI_I2C\oled-i2c-buffered\course\Firmware\GD32F4xx_standard_peripheral\Include\gd32f4xx_syscfg.h","11558","5060FEF0A07A3FC1396A31F09F95FE1D134F8A1FB1581E3DD98BB6078108C447","5060FEF0A07A3FC1396A31F09F95FE1D134F8A1FB1581E3DD98BB6078108C447","MATCH"
"day10\06_OLED_GD32_IIC_optimize\Firmware\GD32F4xx_standard_peripheral\Include\gd32f4xx_timer.h","projects\05_SPI_I2C\oled-i2c-buffered\course\Firmware\GD32F4xx_standard_peripheral\Include\gd32f4xx_timer.h","59717","7A79F81F1D862A1B49F23BFE05B1AC751A71E761B6E63C2DFFABE6C7BC69AC49","7A79F81F1D862A1B49F23BFE05B1AC751A71E761B6E63C2DFFABE6C7BC69AC49","MATCH"
"day10\06_OLED_GD32_IIC_optimize\Firmware\GD32F4xx_standard_peripheral\Include\gd32f4xx_tli.h","projects\05_SPI_I2C\oled-i2c-buffered\course\Firmware\GD32F4xx_standard_peripheral\Include\gd32f4xx_tli.h","23557","1B94EA157AC8CE2FED962B0C4FF95B6702C6194300AA51B04C3AAFE493768D2A","1B94EA157AC8CE2FED962B0C4FF95B6702C6194300AA51B04C3AAFE493768D2A","MATCH"
"day10\06_OLED_GD32_IIC_optimize\Firmware\GD32F4xx_standard_peripheral\Include\gd32f4xx_trng.h","projects\05_SPI_I2C\oled-i2c-buffered\course\Firmware\GD32F4xx_standard_peripheral\Include\gd32f4xx_trng.h","4431","91E2BB5AFFEFA65F90927FAD795FAA0F4204516284ECA38E461506F0CD9CA924","91E2BB5AFFEFA65F90927FAD795FAA0F4204516284ECA38E461506F0CD9CA924","MATCH"
"day10\06_OLED_GD32_IIC_optimize\Firmware\GD32F4xx_standard_peripheral\Include\gd32f4xx_usart.h","projects\05_SPI_I2C\oled-i2c-buffered\course\Firmware\GD32F4xx_standard_peripheral\Include\gd32f4xx_usart.h","31652","6CF40E957A1216C99E3663D667DE1944C42272897011834BF20ADCD97E791074","6CF40E957A1216C99E3663D667DE1944C42272897011834BF20ADCD97E791074","MATCH"
"day10\06_OLED_GD32_IIC_optimize\Firmware\GD32F4xx_standard_peripheral\Include\gd32f4xx_wwdgt.h","projects\05_SPI_I2C\oled-i2c-buffered\course\Firmware\GD32F4xx_standard_peripheral\Include\gd32f4xx_wwdgt.h","4561","01EECFC98B4507AEB8F0AFBE7D994EA0A617A79E5D4EB2D1D4A85979BA014EFE","01EECFC98B4507AEB8F0AFBE7D994EA0A617A79E5D4EB2D1D4A85979BA014EFE","MATCH"
"day10\06_OLED_GD32_IIC_optimize\Firmware\GD32F4xx_standard_peripheral\Source\gd32f4xx_adc.c","projects\05_SPI_I2C\oled-i2c-buffered\course\Firmware\GD32F4xx_standard_peripheral\Source\gd32f4xx_adc.c","49331","8A5C91EC7A397B53EFD086646674D273ECE00F36C9610AB50715FE1521BA4112","8A5C91EC7A397B53EFD086646674D273ECE00F36C9610AB50715FE1521BA4112","MATCH"
"day10\06_OLED_GD32_IIC_optimize\Firmware\GD32F4xx_standard_peripheral\Source\gd32f4xx_can.c","projects\05_SPI_I2C\oled-i2c-buffered\course\Firmware\GD32F4xx_standard_peripheral\Source\gd32f4xx_can.c","40297","CE0E343B00856972EABACCC1F4D88C051796A8D1E30C4596312FC29A533DB8BA","CE0E343B00856972EABACCC1F4D88C051796A8D1E30C4596312FC29A533DB8BA","MATCH"
"day10\06_OLED_GD32_IIC_optimize\Firmware\GD32F4xx_standard_peripheral\Source\gd32f4xx_crc.c","projects\05_SPI_I2C\oled-i2c-buffered\course\Firmware\GD32F4xx_standard_peripheral\Source\gd32f4xx_crc.c","3904","C14034159E72E082AA70E2A8CBA60FFCF950B63D75AE467706632F32EC00F315","C14034159E72E082AA70E2A8CBA60FFCF950B63D75AE467706632F32EC00F315","MATCH"
"day10\06_OLED_GD32_IIC_optimize\Firmware\GD32F4xx_standard_peripheral\Source\gd32f4xx_ctc.c","projects\05_SPI_I2C\oled-i2c-buffered\course\Firmware\GD32F4xx_standard_peripheral\Source\gd32f4xx_ctc.c","12892","07F4A6385C6FFB2E18ECF95DAAE6A431FB91262FA988835A249A64F4002280A1","07F4A6385C6FFB2E18ECF95DAAE6A431FB91262FA988835A249A64F4002280A1","MATCH"
"day10\06_OLED_GD32_IIC_optimize\Firmware\GD32F4xx_standard_peripheral\Source\gd32f4xx_dac.c","projects\05_SPI_I2C\oled-i2c-buffered\course\Firmware\GD32F4xx_standard_peripheral\Source\gd32f4xx_dac.c","22641","ACE5C99F1E2774D955CA4E4D5D6E81B2D831F718098487EA3E8C2C34C960E160","ACE5C99F1E2774D955CA4E4D5D6E81B2D831F718098487EA3E8C2C34C960E160","MATCH"
"day10\06_OLED_GD32_IIC_optimize\Firmware\GD32F4xx_standard_peripheral\Source\gd32f4xx_dbg.c","projects\05_SPI_I2C\oled-i2c-buffered\course\Firmware\GD32F4xx_standard_peripheral\Source\gd32f4xx_dbg.c","7772","6EEC659FD6B5C549226BAE8E9C9C78785B064D557434189BB221287D550FE291","6EEC659FD6B5C549226BAE8E9C9C78785B064D557434189BB221287D550FE291","MATCH"
"day10\06_OLED_GD32_IIC_optimize\Firmware\GD32F4xx_standard_peripheral\Source\gd32f4xx_dci.c","projects\05_SPI_I2C\oled-i2c-buffered\course\Firmware\GD32F4xx_standard_peripheral\Source\gd32f4xx_dci.c","10290","B99613D9A21A02DD39117F30B9A488B859209AB3489DCFDE7361D147CDF76516","B99613D9A21A02DD39117F30B9A488B859209AB3489DCFDE7361D147CDF76516","MATCH"
"day10\06_OLED_GD32_IIC_optimize\Firmware\GD32F4xx_standard_peripheral\Source\gd32f4xx_dma.c","projects\05_SPI_I2C\oled-i2c-buffered\course\Firmware\GD32F4xx_standard_peripheral\Source\gd32f4xx_dma.c","36449","2D943A169ABABCC22CBC6C41665F5CE375C30B63005954E1D34BB3218CB63FAF","2D943A169ABABCC22CBC6C41665F5CE375C30B63005954E1D34BB3218CB63FAF","MATCH"
"day10\06_OLED_GD32_IIC_optimize\Firmware\GD32F4xx_standard_peripheral\Source\gd32f4xx_enet.c","projects\05_SPI_I2C\oled-i2c-buffered\course\Firmware\GD32F4xx_standard_peripheral\Source\gd32f4xx_enet.c","151999","3051E8737C463D23D07B9C9AD937BC7C488BB573738B2313982870DAA670E87E","3051E8737C463D23D07B9C9AD937BC7C488BB573738B2313982870DAA670E87E","MATCH"
"day10\06_OLED_GD32_IIC_optimize\Firmware\GD32F4xx_standard_peripheral\Source\gd32f4xx_exmc.c","projects\05_SPI_I2C\oled-i2c-buffered\course\Firmware\GD32F4xx_standard_peripheral\Source\gd32f4xx_exmc.c","57117","E4A79B377C89D9EB8BD5BE101E273AD5EFBA0C2A24FB4621AB7BC124BEEEAEBF","E4A79B377C89D9EB8BD5BE101E273AD5EFBA0C2A24FB4621AB7BC124BEEEAEBF","MATCH"
"day10\06_OLED_GD32_IIC_optimize\Firmware\GD32F4xx_standard_peripheral\Source\gd32f4xx_exti.c","projects\05_SPI_I2C\oled-i2c-buffered\course\Firmware\GD32F4xx_standard_peripheral\Source\gd32f4xx_exti.c","8423","FCE4A7ECA93486D71A9E5758642F2282AE7F8805DBB559312837A0B17577FE58","FCE4A7ECA93486D71A9E5758642F2282AE7F8805DBB559312837A0B17577FE58","MATCH"
"day10\06_OLED_GD32_IIC_optimize\Firmware\GD32F4xx_standard_peripheral\Source\gd32f4xx_fmc.c","projects\05_SPI_I2C\oled-i2c-buffered\course\Firmware\GD32F4xx_standard_peripheral\Source\gd32f4xx_fmc.c","34852","15408829D2405432FC8ED73D5D8C6BBB1E6C74540F1B817983BABD62E22CAB16","15408829D2405432FC8ED73D5D8C6BBB1E6C74540F1B817983BABD62E22CAB16","MATCH"
"day10\06_OLED_GD32_IIC_optimize\Firmware\GD32F4xx_standard_peripheral\Source\gd32f4xx_fwdgt.c","projects\05_SPI_I2C\oled-i2c-buffered\course\Firmware\GD32F4xx_standard_peripheral\Source\gd32f4xx_fwdgt.c","7007","05B67D15069CED6F0472E4115ECD16064402E0D6220561499000025A8CD189B7","05B67D15069CED6F0472E4115ECD16064402E0D6220561499000025A8CD189B7","MATCH"
"day10\06_OLED_GD32_IIC_optimize\Firmware\GD32F4xx_standard_peripheral\Source\gd32f4xx_gpio.c","projects\05_SPI_I2C\oled-i2c-buffered\course\Firmware\GD32F4xx_standard_peripheral\Source\gd32f4xx_gpio.c","15061","262BEFE864D5DA3BADA64D0B3DAB29E5C2747E46B154EDE8BCAB0B788DB614E0","262BEFE864D5DA3BADA64D0B3DAB29E5C2747E46B154EDE8BCAB0B788DB614E0","MATCH"
"day10\06_OLED_GD32_IIC_optimize\Firmware\GD32F4xx_standard_peripheral\Source\gd32f4xx_i2c.c","projects\05_SPI_I2C\oled-i2c-buffered\course\Firmware\GD32F4xx_standard_peripheral\Source\gd32f4xx_i2c.c","30805","8EDFAF1A8F0BF2833923D0072FE1B9D0467382B3EC1D243E918D0DE9711CCCD2","8EDFAF1A8F0BF2833923D0072FE1B9D0467382B3EC1D243E918D0DE9711CCCD2","MATCH"
"day10\06_OLED_GD32_IIC_optimize\Firmware\GD32F4xx_standard_peripheral\Source\gd32f4xx_ipa.c","projects\05_SPI_I2C\oled-i2c-buffered\course\Firmware\GD32F4xx_standard_peripheral\Source\gd32f4xx_ipa.c","26662","38A8350304763C1C83B4D2341F6782B090CA09ABE541AC360089B5CB454BCF57","38A8350304763C1C83B4D2341F6782B090CA09ABE541AC360089B5CB454BCF57","MATCH"
"day10\06_OLED_GD32_IIC_optimize\Firmware\GD32F4xx_standard_peripheral\Source\gd32f4xx_iref.c","projects\05_SPI_I2C\oled-i2c-buffered\course\Firmware\GD32F4xx_standard_peripheral\Source\gd32f4xx_iref.c","3544","24F2FCFCD20882FD3E65773A281A827BF5391A0A8054324EEF7C98BB3F2B9B80","24F2FCFCD20882FD3E65773A281A827BF5391A0A8054324EEF7C98BB3F2B9B80","MATCH"
"day10\06_OLED_GD32_IIC_optimize\Firmware\GD32F4xx_standard_peripheral\Source\gd32f4xx_misc.c","projects\05_SPI_I2C\oled-i2c-buffered\course\Firmware\GD32F4xx_standard_peripheral\Source\gd32f4xx_misc.c","7136","1CD262F295155428C25DEDC69BFBAB99F7A99DE09E0B602ECA1F2C6017CFE2DA","1CD262F295155428C25DEDC69BFBAB99F7A99DE09E0B602ECA1F2C6017CFE2DA","MATCH"
"day10\06_OLED_GD32_IIC_optimize\Firmware\GD32F4xx_standard_peripheral\Source\gd32f4xx_pmu.c","projects\05_SPI_I2C\oled-i2c-buffered\course\Firmware\GD32F4xx_standard_peripheral\Source\gd32f4xx_pmu.c","11909","DAFA94838A55132E3313234C5AC2BE6172116DC26574347363D554EFFB186D79","DAFA94838A55132E3313234C5AC2BE6172116DC26574347363D554EFFB186D79","MATCH"
"day10\06_OLED_GD32_IIC_optimize\Firmware\GD32F4xx_standard_peripheral\Source\gd32f4xx_rcu.c","projects\05_SPI_I2C\oled-i2c-buffered\course\Firmware\GD32F4xx_standard_peripheral\Source\gd32f4xx_rcu.c","50047","6C1030EB58EC7CB9C41E2A1FF31DDEF87F70DD083222327978234004C4E95B98","6C1030EB58EC7CB9C41E2A1FF31DDEF87F70DD083222327978234004C4E95B98","MATCH"
"day10\06_OLED_GD32_IIC_optimize\Firmware\GD32F4xx_standard_peripheral\Source\gd32f4xx_rtc.c","projects\05_SPI_I2C\oled-i2c-buffered\course\Firmware\GD32F4xx_standard_peripheral\Source\gd32f4xx_rtc.c","46946","EEA5BCB92C88A7BAB9F3740F8E9408236412A546B03A5467F21B0F94A01183E7","EEA5BCB92C88A7BAB9F3740F8E9408236412A546B03A5467F21B0F94A01183E7","MATCH"
"day10\06_OLED_GD32_IIC_optimize\Firmware\GD32F4xx_standard_peripheral\Source\gd32f4xx_sdio.c","projects\05_SPI_I2C\oled-i2c-buffered\course\Firmware\GD32F4xx_standard_peripheral\Source\gd32f4xx_sdio.c","28412","9D8F3E488C74C44A30C4D0BBB9CD8D86555D898CA9C36F259CE57609959B9854","9D8F3E488C74C44A30C4D0BBB9CD8D86555D898CA9C36F259CE57609959B9854","MATCH"
"day10\06_OLED_GD32_IIC_optimize\Firmware\GD32F4xx_standard_peripheral\Source\gd32f4xx_spi.c","projects\05_SPI_I2C\oled-i2c-buffered\course\Firmware\GD32F4xx_standard_peripheral\Source\gd32f4xx_spi.c","30670","CE06438E9AD5882A0FCA88DFE658DD925ED3320BA574C2797E2F93ACF6142459","CE06438E9AD5882A0FCA88DFE658DD925ED3320BA574C2797E2F93ACF6142459","MATCH"
"day10\06_OLED_GD32_IIC_optimize\Firmware\GD32F4xx_standard_peripheral\Source\gd32f4xx_syscfg.c","projects\05_SPI_I2C\oled-i2c-buffered\course\Firmware\GD32F4xx_standard_peripheral\Source\gd32f4xx_syscfg.c","7949","51A7A5E70F3064424CC6E2F6A06942B47ADAAC8C36A6612EE08B1643557B3CA3","51A7A5E70F3064424CC6E2F6A06942B47ADAAC8C36A6612EE08B1643557B3CA3","MATCH"
"day10\06_OLED_GD32_IIC_optimize\Firmware\GD32F4xx_standard_peripheral\Source\gd32f4xx_timer.c","projects\05_SPI_I2C\oled-i2c-buffered\course\Firmware\GD32F4xx_standard_peripheral\Source\gd32f4xx_timer.c","89361","3961465CF6BA39554E34C02183C50676A4AB9B3991A6AAD32D271754B2506B14","3961465CF6BA39554E34C02183C50676A4AB9B3991A6AAD32D271754B2506B14","MATCH"
"day10\06_OLED_GD32_IIC_optimize\Firmware\GD32F4xx_standard_peripheral\Source\gd32f4xx_tli.c","projects\05_SPI_I2C\oled-i2c-buffered\course\Firmware\GD32F4xx_standard_peripheral\Source\gd32f4xx_tli.c","24645","881A02E692AFD4A0B6848A929B0B8C79148911AD7543CF611287C45E82372541","881A02E692AFD4A0B6848A929B0B8C79148911AD7543CF611287C45E82372541","MATCH"
"day10\06_OLED_GD32_IIC_optimize\Firmware\GD32F4xx_standard_peripheral\Source\gd32f4xx_trng.c","projects\05_SPI_I2C\oled-i2c-buffered\course\Firmware\GD32F4xx_standard_peripheral\Source\gd32f4xx_trng.c","4471","BA9093D046A01C997AA54D2DE9F663E8AF32FB9E53C950CFC640F1033FCD6C53","BA9093D046A01C997AA54D2DE9F663E8AF32FB9E53C950CFC640F1033FCD6C53","MATCH"
"day10\06_OLED_GD32_IIC_optimize\Firmware\GD32F4xx_standard_peripheral\Source\gd32f4xx_usart.c","projects\05_SPI_I2C\oled-i2c-buffered\course\Firmware\GD32F4xx_standard_peripheral\Source\gd32f4xx_usart.c","34715","F67FA54D9C9537317BE92D95FD880A394D9ABE98DF708E5AA821FBFA392AE9B0","F67FA54D9C9537317BE92D95FD880A394D9ABE98DF708E5AA821FBFA392AE9B0","MATCH"
"day10\06_OLED_GD32_IIC_optimize\Firmware\GD32F4xx_standard_peripheral\Source\gd32f4xx_wwdgt.c","projects\05_SPI_I2C\oled-i2c-buffered\course\Firmware\GD32F4xx_standard_peripheral\Source\gd32f4xx_wwdgt.c","4154","0ED39DE6F0101E10DDCB476E6EF21C44D2282D4F689D0D0D70F9E04940E6F0FE","0ED39DE6F0101E10DDCB476E6EF21C44D2282D4F689D0D0D70F9E04940E6F0FE","MATCH"
"day10\06_OLED_GD32_IIC_optimize\Hardware\bsp_buzzer.c","projects\05_SPI_I2C\oled-i2c-buffered\course\Hardware\bsp_buzzer.c","3700","DB132610BB9FD25BB3606FEE7C189AD01FB3F68FEF38D105A74C0609C66B5CEE","DB132610BB9FD25BB3606FEE7C189AD01FB3F68FEF38D105A74C0609C66B5CEE","MATCH"
"day10\06_OLED_GD32_IIC_optimize\Hardware\bsp_buzzer.h","projects\05_SPI_I2C\oled-i2c-buffered\course\Hardware\bsp_buzzer.h","291","A849E5A19D17A5DED0E7438846AFA0D5E3636544ABFC356B361024CA882EC6C5","A849E5A19D17A5DED0E7438846AFA0D5E3636544ABFC356B361024CA882EC6C5","MATCH"
"day10\06_OLED_GD32_IIC_optimize\Hardware\bsp_buzzer2.c","projects\05_SPI_I2C\oled-i2c-buffered\course\Hardware\bsp_buzzer2.c","1429","D4F400CA00C8ACE082181E1D587A2B1CE7CC29C870BCA80C8A920BF78710B2C1","D4F400CA00C8ACE082181E1D587A2B1CE7CC29C870BCA80C8A920BF78710B2C1","MATCH"
"day10\06_OLED_GD32_IIC_optimize\Hardware\bsp_buzzer2.h","projects\05_SPI_I2C\oled-i2c-buffered\course\Hardware\bsp_buzzer2.h","291","A849E5A19D17A5DED0E7438846AFA0D5E3636544ABFC356B361024CA882EC6C5","A849E5A19D17A5DED0E7438846AFA0D5E3636544ABFC356B361024CA882EC6C5","MATCH"
"day10\06_OLED_GD32_IIC_optimize\Hardware\OLED\bmp.h","projects\05_SPI_I2C\oled-i2c-buffered\course\Hardware\OLED\bmp.h","10814","E8A27F57936A8D6976253A4B63482A254ADFB5E2626B145F91513C25F10AB986","E8A27F57936A8D6976253A4B63482A254ADFB5E2626B145F91513C25F10AB986","MATCH"
"day10\06_OLED_GD32_IIC_optimize\Hardware\OLED\oled.c","projects\05_SPI_I2C\oled-i2c-buffered\course\Hardware\OLED\oled.c","10433","C1A13A853E51566C51C01407A6CEC65D9ED4BCFF391A298CD4A0BFCC08767E2D","C1A13A853E51566C51C01407A6CEC65D9ED4BCFF391A298CD4A0BFCC08767E2D","MATCH"
"day10\06_OLED_GD32_IIC_optimize\Hardware\OLED\oled.h","projects\05_SPI_I2C\oled-i2c-buffered\course\Hardware\OLED\oled.h","1731","D5EA1100128B8F41EF380965FDC899B6B5E1878E96CDFA2BACB06AD2D04B5E77","D5EA1100128B8F41EF380965FDC899B6B5E1878E96CDFA2BACB06AD2D04B5E77","MATCH"
"day10\06_OLED_GD32_IIC_optimize\Hardware\OLED\oledfont.h","projects\05_SPI_I2C\oled-i2c-buffered\course\Hardware\OLED\oledfont.h","44337","5CAEFB730D7832FE3E84D33D47DD23335DEF7E061562CA442C98D4FEEFDBBAF5","5CAEFB730D7832FE3E84D33D47DD23335DEF7E061562CA442C98D4FEEFDBBAF5","MATCH"
"day10\06_OLED_GD32_IIC_optimize\Library\EXTI_config.h","projects\05_SPI_I2C\oled-i2c-buffered\course\Library\EXTI_config.h","1634","0FD94A8DF148AC6618D5CAA1F2788003CE63E2B27E13A31000428E29D095542B","0FD94A8DF148AC6618D5CAA1F2788003CE63E2B27E13A31000428E29D095542B","MATCH"
"day10\06_OLED_GD32_IIC_optimize\Library\EXTI.c","projects\05_SPI_I2C\oled-i2c-buffered\course\Library\EXTI.c","3132","528D0B3C2AC1F1661095497895FDB15FF878723CF351D28F3D3EE13F79DF8AE2","528D0B3C2AC1F1661095497895FDB15FF878723CF351D28F3D3EE13F79DF8AE2","MATCH"
"day10\06_OLED_GD32_IIC_optimize\Library\EXTI.h","projects\05_SPI_I2C\oled-i2c-buffered\course\Library\EXTI.h","246","63711925072BE76CE24B295341905A97BDD73234E1EFB33A28A0CEC82E3CD6C2","63711925072BE76CE24B295341905A97BDD73234E1EFB33A28A0CEC82E3CD6C2","MATCH"
"day10\06_OLED_GD32_IIC_optimize\Library\I2C\I2C_config.h","projects\05_SPI_I2C\oled-i2c-buffered\course\Library\I2C\I2C_config.h","951","77719210ECA4129074523F632019A03C35BB7F1F1F5525A80DA6F60949D63E6D","77719210ECA4129074523F632019A03C35BB7F1F1F5525A80DA6F60949D63E6D","MATCH"
"day10\06_OLED_GD32_IIC_optimize\Library\I2C\I2C.c","projects\05_SPI_I2C\oled-i2c-buffered\course\Library\I2C\I2C.c","161","235286AE4C6CDA44C93696D03C43BA271001DA56F94814979B272CD3D745B7D1","235286AE4C6CDA44C93696D03C43BA271001DA56F94814979B272CD3D745B7D1","MATCH"
"day10\06_OLED_GD32_IIC_optimize\Library\I2C\I2C.h","projects\05_SPI_I2C\oled-i2c-buffered\course\Library\I2C\I2C.h","183","BABA4B14A0D6F1C626B8B8F279A028A1E0C12F0E8E2D25E3439A7A1911FD14F3","BABA4B14A0D6F1C626B8B8F279A028A1E0C12F0E8E2D25E3439A7A1911FD14F3","MATCH"
"day10\06_OLED_GD32_IIC_optimize\Library\I2C\I2C0.c","projects\05_SPI_I2C\oled-i2c-buffered\course\Library\I2C\I2C0.c","12766","DCA0BDC26DB5F60E16811B6DB92AA572D56ECDF95846BCBC211372EC9666525B","DCA0BDC26DB5F60E16811B6DB92AA572D56ECDF95846BCBC211372EC9666525B","MATCH"
"day10\06_OLED_GD32_IIC_optimize\Library\I2C\I2C0.h","projects\05_SPI_I2C\oled-i2c-buffered\course\Library\I2C\I2C0.h","1094","A2F4C4E66D494778A34ECCEEEF363D967050DAC85B0ED6E7697049117AB0A2E5","A2F4C4E66D494778A34ECCEEEF363D967050DAC85B0ED6E7697049117AB0A2E5","MATCH"
"day10\06_OLED_GD32_IIC_optimize\Library\TIMER_config.h","projects\05_SPI_I2C\oled-i2c-buffered\course\Library\TIMER_config.h","1813","BD74AB72F9068615F9AB44169B11F6EF25CD9BC3D4CD0E27A95BE4AE24608766","BD74AB72F9068615F9AB44169B11F6EF25CD9BC3D4CD0E27A95BE4AE24608766","MATCH"
"day10\06_OLED_GD32_IIC_optimize\Library\TIMER.c","projects\05_SPI_I2C\oled-i2c-buffered\course\Library\TIMER.c","5924","68A9D9BBDB446C51E0C577B7E7969E8F3513AF7E4736C10BC6D579FBF5661435","68A9D9BBDB446C51E0C577B7E7969E8F3513AF7E4736C10BC6D579FBF5661435","MATCH"
"day10\06_OLED_GD32_IIC_optimize\Library\TIMER.h","projects\05_SPI_I2C\oled-i2c-buffered\course\Library\TIMER.h","759","51A72D9863C245195AD3CD40ADDB0D573930D5AB540B30D3D971AD2AF6B2E80E","51A72D9863C245195AD3CD40ADDB0D573930D5AB540B30D3D971AD2AF6B2E80E","MATCH"
"day10\06_OLED_GD32_IIC_optimize\Library\USART_config.h","projects\05_SPI_I2C\oled-i2c-buffered\course\Library\USART_config.h","1220","73E72408B41955E419784B2A24B0FBD8AD81A334AA38EB9DB60A7DDAE97AD633","73E72408B41955E419784B2A24B0FBD8AD81A334AA38EB9DB60A7DDAE97AD633","MATCH"
"day10\06_OLED_GD32_IIC_optimize\Library\USART0.c","projects\05_SPI_I2C\oled-i2c-buffered\course\Library\USART0.c","10194","325E153A7388566303CC9DA901A87ED2A3D158D0238FA4A36A20EB17B1067606","325E153A7388566303CC9DA901A87ED2A3D158D0238FA4A36A20EB17B1067606","MATCH"
"day10\06_OLED_GD32_IIC_optimize\Library\USART0.h","projects\05_SPI_I2C\oled-i2c-buffered\course\Library\USART0.h","658","6016FD90E22446BB90BE0996EA5EE6493AB9CDF6E7F71024ED583F05C4860399","6016FD90E22446BB90BE0996EA5EE6493AB9CDF6E7F71024ED583F05C4860399","MATCH"
"day10\06_OLED_GD32_IIC_optimize\Project\GD32F407.uvprojx","projects\05_SPI_I2C\oled-i2c-buffered\course\Project\GD32F407.uvprojx","19769","04F6A2A959AB69DBB3A88D89B75CFB6110A2683033CE498995A9CEC596C82FD5","04F6A2A959AB69DBB3A88D89B75CFB6110A2683033CE498995A9CEC596C82FD5","MATCH"
"day10\06_OLED_GD32_IIC_optimize\User\gd32f4xx_it.c","projects\05_SPI_I2C\oled-i2c-buffered\course\User\gd32f4xx_it.c","3980","5BE8E65B392A41354E513056974D1869598AF02739A7CE6419E611D6AA3979C6","5BE8E65B392A41354E513056974D1869598AF02739A7CE6419E611D6AA3979C6","MATCH"
"day10\06_OLED_GD32_IIC_optimize\User\gd32f4xx_it.h","projects\05_SPI_I2C\oled-i2c-buffered\course\User\gd32f4xx_it.h","2524","B4995762AE5CEB7125CC9720CEA7E2BAD8640C23B87ED1856D9B8A380A5FC8C3","B4995762AE5CEB7125CC9720CEA7E2BAD8640C23B87ED1856D9B8A380A5FC8C3","MATCH"
"day10\06_OLED_GD32_IIC_optimize\User\gd32f4xx_libopt.h","projects\05_SPI_I2C\oled-i2c-buffered\course\User\gd32f4xx_libopt.h","2917","702C6D85987BCDDDD363A8412C5806255F6C746065DA984EB21896C5DDD6BF09","702C6D85987BCDDDD363A8412C5806255F6C746065DA984EB21896C5DDD6BF09","MATCH"
"day10\06_OLED_GD32_IIC_optimize\User\main.c","projects\05_SPI_I2C\oled-i2c-buffered\course\User\main.c","1869","D0895CE53C6AF83ED97F017C9E8614B9B8B8D929CADA8AA5E917E5159F831789","D0895CE53C6AF83ED97F017C9E8614B9B8B8D929CADA8AA5E917E5159F831789","MATCH"
"day10\06_OLED_GD32_IIC_optimize\User\main.h","projects\05_SPI_I2C\oled-i2c-buffered\course\User\main.h","1814","32C273B119ABF22DA51E2782C09853A1545B1DF1364A13EFFA2B465379E1A53C","32C273B119ABF22DA51E2782C09853A1545B1DF1364A13EFFA2B465379E1A53C","MATCH"
"day10\06_OLED_GD32_IIC_optimize\User\readme.txt","projects\05_SPI_I2C\oled-i2c-buffered\course\User\readme.txt","1862","A45BD1E14D470B46BE2D57C9D35147E41204556CC4BB4E25EA3C7B6B424A0B7C","A45BD1E14D470B46BE2D57C9D35147E41204556CC4BB4E25EA3C7B6B424A0B7C","MATCH"
"day10\06_OLED_GD32_IIC_optimize\User\systick.c","projects\05_SPI_I2C\oled-i2c-buffered\course\User\systick.c","2835","3BFDC9D654AEE46AFAE59529984C667193CD9098D01115CFB80DB9AC96D37E14","3BFDC9D654AEE46AFAE59529984C667193CD9098D01115CFB80DB9AC96D37E14","MATCH"
"day10\06_OLED_GD32_IIC_optimize\User\systick.h","projects\05_SPI_I2C\oled-i2c-buffered\course\User\systick.h","2034","E74F1981340E6162CCE52F39F73009B1570EFB7F024410652F494E77997DA025","E74F1981340E6162CCE52F39F73009B1570EFB7F024410652F494E77997DA025","MATCH"
"day11\05_ADC_inserted_chns\Firmware\CMSIS\core_cm4_simd.h","projects\06_ADC_DMA\adc-injected\course\Firmware\CMSIS\core_cm4_simd.h","22959","0C2A0C2D66C7791B82CA19D10336C96518830EF359F6BFD9DA7477BC2CBCCBBB","0C2A0C2D66C7791B82CA19D10336C96518830EF359F6BFD9DA7477BC2CBCCBBB","MATCH"
"day11\05_ADC_inserted_chns\Firmware\CMSIS\core_cm4.h","projects\06_ADC_DMA\adc-injected\course\Firmware\CMSIS\core_cm4.h","109878","4756546E1449D17B1A7DEE2F3307F2C92C9F1D669C3F5DFC3EE1DEC8AEE9A8F7","4756546E1449D17B1A7DEE2F3307F2C92C9F1D669C3F5DFC3EE1DEC8AEE9A8F7","MATCH"
"day11\05_ADC_inserted_chns\Firmware\CMSIS\core_cmFunc.h","projects\06_ADC_DMA\adc-injected\course\Firmware\CMSIS\core_cmFunc.h","15828","5075FF67C8E264B83D9B391C07C6512E26ABBC189E321DE0D8B4375476980E5E","5075FF67C8E264B83D9B391C07C6512E26ABBC189E321DE0D8B4375476980E5E","MATCH"
"day11\05_ADC_inserted_chns\Firmware\CMSIS\core_cmInstr.h","projects\06_ADC_DMA\adc-injected\course\Firmware\CMSIS\core_cmInstr.h","17205","C35DDCA16CA04646DC70ACF2D592AD9EAEAAECD8125A32ABB710069648266EB5","C35DDCA16CA04646DC70ACF2D592AD9EAEAAECD8125A32ABB710069648266EB5","MATCH"
"day11\05_ADC_inserted_chns\Firmware\CMSIS\GD\GD32F4xx\Include\gd32f4xx.h","projects\06_ADC_DMA\adc-injected\course\Firmware\CMSIS\GD\GD32F4xx\Include\gd32f4xx.h","28854","96F1F6884C9885D32DF760A385CA0B5E8E9B20C066F71B946771A00503623A62","96F1F6884C9885D32DF760A385CA0B5E8E9B20C066F71B946771A00503623A62","MATCH"
"day11\05_ADC_inserted_chns\Firmware\CMSIS\GD\GD32F4xx\Include\system_gd32f4xx.h","projects\06_ADC_DMA\adc-injected\course\Firmware\CMSIS\GD\GD32F4xx\Include\system_gd32f4xx.h","2484","98EF2DD6DD7F6D2542C4D5CA83E9869BE3630B43300CB9AB453703E4277913BD","98EF2DD6DD7F6D2542C4D5CA83E9869BE3630B43300CB9AB453703E4277913BD","MATCH"
"day11\05_ADC_inserted_chns\Firmware\CMSIS\GD\GD32F4xx\Source\ARM\startup_gd32f405_425.s","projects\06_ADC_DMA\adc-injected\course\Firmware\CMSIS\GD\GD32F4xx\Source\ARM\startup_gd32f405_425.s","21757","AEF6290F6950C0B7FB922FD12B91B3FC34ADA707A6846AA5D7A1277FDD50FBD9","AEF6290F6950C0B7FB922FD12B91B3FC34ADA707A6846AA5D7A1277FDD50FBD9","MATCH"
"day11\05_ADC_inserted_chns\Firmware\CMSIS\GD\GD32F4xx\Source\ARM\startup_gd32f407_427.s","projects\06_ADC_DMA\adc-injected\course\Firmware\CMSIS\GD\GD32F4xx\Source\ARM\startup_gd32f407_427.s","22101","65127CC1FFC7BB0C6E3AB3E1EF32C8F935D09EF4A83AC4914E089D40C39B8B5B","65127CC1FFC7BB0C6E3AB3E1EF32C8F935D09EF4A83AC4914E089D40C39B8B5B","MATCH"
"day11\05_ADC_inserted_chns\Firmware\CMSIS\GD\GD32F4xx\Source\ARM\startup_gd32f450_470.s","projects\06_ADC_DMA\adc-injected\course\Firmware\CMSIS\GD\GD32F4xx\Source\ARM\startup_gd32f450_470.s","23659","A4E9852BA47AAD025DE9645D067FAB33DDA87B8E82DEA6D77B3364F902345299","A4E9852BA47AAD025DE9645D067FAB33DDA87B8E82DEA6D77B3364F902345299","MATCH"
"day11\05_ADC_inserted_chns\Firmware\CMSIS\GD\GD32F4xx\Source\IAR\startup_gd32f405_425.s","projects\06_ADC_DMA\adc-injected\course\Firmware\CMSIS\GD\GD32F4xx\Source\IAR\startup_gd32f405_425.s","25159","70E76C6AD0182A5682773261E308008BC1102C09839605A0E058851173026836","70E76C6AD0182A5682773261E308008BC1102C09839605A0E058851173026836","MATCH"
"day11\05_ADC_inserted_chns\Firmware\CMSIS\GD\GD32F4xx\Source\IAR\startup_gd32f407_427.s","projects\06_ADC_DMA\adc-injected\course\Firmware\CMSIS\GD\GD32F4xx\Source\IAR\startup_gd32f407_427.s","25736","550D6CA54DE7F8FCB2791AAF9141666BA15978C55017FA6798BF0CA80A2864C6","550D6CA54DE7F8FCB2791AAF9141666BA15978C55017FA6798BF0CA80A2864C6","MATCH"
"day11\05_ADC_inserted_chns\Firmware\CMSIS\GD\GD32F4xx\Source\IAR\startup_gd32f450_470.s","projects\06_ADC_DMA\adc-injected\course\Firmware\CMSIS\GD\GD32F4xx\Source\IAR\startup_gd32f450_470.s","27837","EE6654F1D551C6937D014FE943342B0395A32076E5AC8DD688C600EACB9BD343","EE6654F1D551C6937D014FE943342B0395A32076E5AC8DD688C600EACB9BD343","MATCH"
"day11\05_ADC_inserted_chns\Firmware\CMSIS\GD\GD32F4xx\Source\system_gd32f4xx.c","projects\06_ADC_DMA\adc-injected\course\Firmware\CMSIS\GD\GD32F4xx\Source\system_gd32f4xx.c","36416","8F66A123756716CF74297A7B54EEC616F230CBBC37DFB60F21BF05D1BC070836","8F66A123756716CF74297A7B54EEC616F230CBBC37DFB60F21BF05D1BC070836","MATCH"
"day11\05_ADC_inserted_chns\Firmware\GD32F4xx_standard_peripheral\Include\gd32f4xx_adc.h","projects\06_ADC_DMA\adc-injected\course\Firmware\GD32F4xx_standard_peripheral\Include\gd32f4xx_adc.h","41521","D6B41E007F1EE95E5FA1B495F94924F7E6166439FBF3E9234A26B5FA6C32F1DE","D6B41E007F1EE95E5FA1B495F94924F7E6166439FBF3E9234A26B5FA6C32F1DE","MATCH"
"day11\05_ADC_inserted_chns\Firmware\GD32F4xx_standard_peripheral\Include\gd32f4xx_can.h","projects\06_ADC_DMA\adc-injected\course\Firmware\GD32F4xx_standard_peripheral\Include\gd32f4xx_can.h","54440","62A96066D7B8A1CEF45AB4092FCE5058B962050EB1C9E4B3585F0E19B9F30578","62A96066D7B8A1CEF45AB4092FCE5058B962050EB1C9E4B3585F0E19B9F30578","MATCH"
"day11\05_ADC_inserted_chns\Firmware\GD32F4xx_standard_peripheral\Include\gd32f4xx_crc.h","projects\06_ADC_DMA\adc-injected\course\Firmware\GD32F4xx_standard_peripheral\Include\gd32f4xx_crc.h","3380","4870F145AEEC968F3A7A0A5068105591E1ADEB9A37A5E47FDCC9D27D7D3AFBD6","4870F145AEEC968F3A7A0A5068105591E1ADEB9A37A5E47FDCC9D27D7D3AFBD6","MATCH"
"day11\05_ADC_inserted_chns\Firmware\GD32F4xx_standard_peripheral\Include\gd32f4xx_ctc.h","projects\06_ADC_DMA\adc-injected\course\Firmware\GD32F4xx_standard_peripheral\Include\gd32f4xx_ctc.h","11513","900AB7D5F9C585834166A58966C8D523FF91D410066D00BBED3E6522C25782D7","900AB7D5F9C585834166A58966C8D523FF91D410066D00BBED3E6522C25782D7","MATCH"
"day11\05_ADC_inserted_chns\Firmware\GD32F4xx_standard_peripheral\Include\gd32f4xx_dac.h","projects\06_ADC_DMA\adc-injected\course\Firmware\GD32F4xx_standard_peripheral\Include\gd32f4xx_dac.h","18761","86057CC0C52A32F955A12F47ABA1E4997AC2DABA13B10A686D8777579F638AFB","86057CC0C52A32F955A12F47ABA1E4997AC2DABA13B10A686D8777579F638AFB","MATCH"
"day11\05_ADC_inserted_chns\Firmware\GD32F4xx_standard_peripheral\Include\gd32f4xx_dbg.h","projects\06_ADC_DMA\adc-injected\course\Firmware\GD32F4xx_standard_peripheral\Include\gd32f4xx_dbg.h","9890","21A089B5880F1D101116BD37EAAC7A085A103901A40900E75941130D901B150E","21A089B5880F1D101116BD37EAAC7A085A103901A40900E75941130D901B150E","MATCH"
"day11\05_ADC_inserted_chns\Firmware\GD32F4xx_standard_peripheral\Include\gd32f4xx_dci.h","projects\06_ADC_DMA\adc-injected\course\Firmware\GD32F4xx_standard_peripheral\Include\gd32f4xx_dci.h","13665","787F449F0B2EBA5BBCC92B0D50899FA668CEA6ED9CCAB3960EBA0B2253CC7748","787F449F0B2EBA5BBCC92B0D50899FA668CEA6ED9CCAB3960EBA0B2253CC7748","MATCH"
"day11\05_ADC_inserted_chns\Firmware\GD32F4xx_standard_peripheral\Include\gd32f4xx_dma.h","projects\06_ADC_DMA\adc-injected\course\Firmware\GD32F4xx_standard_peripheral\Include\gd32f4xx_dma.h","32675","F358957EBF98C4C449480A088E349CDAC2716394C24FA4111DE08B06FCDC5094","F358957EBF98C4C449480A088E349CDAC2716394C24FA4111DE08B06FCDC5094","MATCH"
"day11\05_ADC_inserted_chns\Firmware\GD32F4xx_standard_peripheral\Include\gd32f4xx_enet.h","projects\06_ADC_DMA\adc-injected\course\Firmware\GD32F4xx_standard_peripheral\Include\gd32f4xx_enet.h","144084","2BDBC2BE9B0E3BA398DEEAB38021442A2CFEEDFF21FC353CF3B16C717A2CDF9B","2BDBC2BE9B0E3BA398DEEAB38021442A2CFEEDFF21FC353CF3B16C717A2CDF9B","MATCH"
"day11\05_ADC_inserted_chns\Firmware\GD32F4xx_standard_peripheral\Include\gd32f4xx_exmc.h","projects\06_ADC_DMA\adc-injected\course\Firmware\GD32F4xx_standard_peripheral\Include\gd32f4xx_exmc.h","64299","68482B678DD868085A6BE6317EEC18873D43F895936E503487E843E561A0D55E","68482B678DD868085A6BE6317EEC18873D43F895936E503487E843E561A0D55E","MATCH"
"day11\05_ADC_inserted_chns\Firmware\GD32F4xx_standard_peripheral\Include\gd32f4xx_exti.h","projects\06_ADC_DMA\adc-injected\course\Firmware\GD32F4xx_standard_peripheral\Include\gd32f4xx_exti.h","20470","705948F029F63A5995D9849A60E417D6210ECE34C8E942C76A2D4E7A2B927426","705948F029F63A5995D9849A60E417D6210ECE34C8E942C76A2D4E7A2B927426","MATCH"
"day11\05_ADC_inserted_chns\Firmware\GD32F4xx_standard_peripheral\Include\gd32f4xx_fmc.h","projects\06_ADC_DMA\adc-injected\course\Firmware\GD32F4xx_standard_peripheral\Include\gd32f4xx_fmc.h","28322","5A5D9F0B1CE1E7486206130F80048F81A6D3E9E6337BF0A4C69D4A1D5EDC9F7E","5A5D9F0B1CE1E7486206130F80048F81A6D3E9E6337BF0A4C69D4A1D5EDC9F7E","MATCH"
"day11\05_ADC_inserted_chns\Firmware\GD32F4xx_standard_peripheral\Include\gd32f4xx_fwdgt.h","projects\06_ADC_DMA\adc-injected\course\Firmware\GD32F4xx_standard_peripheral\Include\gd32f4xx_fwdgt.h","5876","04CB4EE0D6526910CF9CA8BEFC437FC6DF3FDFE09FB0BC418AB7EA5C19611A50","04CB4EE0D6526910CF9CA8BEFC437FC6DF3FDFE09FB0BC418AB7EA5C19611A50","MATCH"
"day11\05_ADC_inserted_chns\Firmware\GD32F4xx_standard_peripheral\Include\gd32f4xx_gpio.h","projects\06_ADC_DMA\adc-injected\course\Firmware\GD32F4xx_standard_peripheral\Include\gd32f4xx_gpio.h","29164","A20501A28644BF45B8E3C4AB2A7237466805C1480B06E7D6C8585296D7F08787","A20501A28644BF45B8E3C4AB2A7237466805C1480B06E7D6C8585296D7F08787","MATCH"
"day11\05_ADC_inserted_chns\Firmware\GD32F4xx_standard_peripheral\Include\gd32f4xx_i2c.h","projects\06_ADC_DMA\adc-injected\course\Firmware\GD32F4xx_standard_peripheral\Include\gd32f4xx_i2c.h","29826","6CF4053E2452263CDFCB98DA0832CE1F2F1B0380C1BEA5D4284C1DF0D5CBBB05","6CF4053E2452263CDFCB98DA0832CE1F2F1B0380C1BEA5D4284C1DF0D5CBBB05","MATCH"
"day11\05_ADC_inserted_chns\Firmware\GD32F4xx_standard_peripheral\Include\gd32f4xx_ipa.h","projects\06_ADC_DMA\adc-injected\course\Firmware\GD32F4xx_standard_peripheral\Include\gd32f4xx_ipa.h","25918","1AD22068402E09BAE4117E637ED972FCD7452751CCBE01C7829AEA7DF45AE8AE","1AD22068402E09BAE4117E637ED972FCD7452751CCBE01C7829AEA7DF45AE8AE","MATCH"
"day11\05_ADC_inserted_chns\Firmware\GD32F4xx_standard_peripheral\Include\gd32f4xx_iref.h","projects\06_ADC_DMA\adc-injected\course\Firmware\GD32F4xx_standard_peripheral\Include\gd32f4xx_iref.h","13448","D9D1E67FD4473F44B2F7E22BB78C3DFA9B5109D083AF1B0FDC63EC657B241C4A","D9D1E67FD4473F44B2F7E22BB78C3DFA9B5109D083AF1B0FDC63EC657B241C4A","MATCH"
"day11\05_ADC_inserted_chns\Firmware\GD32F4xx_standard_peripheral\Include\gd32f4xx_misc.h","projects\06_ADC_DMA\adc-injected\course\Firmware\GD32F4xx_standard_peripheral\Include\gd32f4xx_misc.h","4691","0A918F830F0200C0E806DFB50594259783E69D8ADBC27708705567F7193D35FB","0A918F830F0200C0E806DFB50594259783E69D8ADBC27708705567F7193D35FB","MATCH"
"day11\05_ADC_inserted_chns\Firmware\GD32F4xx_standard_peripheral\Include\gd32f4xx_pmu.h","projects\06_ADC_DMA\adc-injected\course\Firmware\GD32F4xx_standard_peripheral\Include\gd32f4xx_pmu.h","11878","B9A72B6E42083EFD170C0C5FBE579C5D6417F9BBF674DB36041BE96FCBD84636","B9A72B6E42083EFD170C0C5FBE579C5D6417F9BBF674DB36041BE96FCBD84636","MATCH"
"day11\05_ADC_inserted_chns\Firmware\GD32F4xx_standard_peripheral\Include\gd32f4xx_rcu.h","projects\06_ADC_DMA\adc-injected\course\Firmware\GD32F4xx_standard_peripheral\Include\gd32f4xx_rcu.h","95768","AC2B2AE653EDC89E674EDA24E1CFE8B511B73984AE0CABED3DF60BA61F8EEF08","AC2B2AE653EDC89E674EDA24E1CFE8B511B73984AE0CABED3DF60BA61F8EEF08","MATCH"
"day11\05_ADC_inserted_chns\Firmware\GD32F4xx_standard_peripheral\Include\gd32f4xx_rtc.h","projects\06_ADC_DMA\adc-injected\course\Firmware\GD32F4xx_standard_peripheral\Include\gd32f4xx_rtc.h","52407","1798B1B495683096D4491CF0F854957D2AD60612F65A801ED0E7A4BEE49FA549","1798B1B495683096D4491CF0F854957D2AD60612F65A801ED0E7A4BEE49FA549","MATCH"
"day11\05_ADC_inserted_chns\Firmware\GD32F4xx_standard_peripheral\Include\gd32f4xx_sdio.h","projects\06_ADC_DMA\adc-injected\course\Firmware\GD32F4xx_standard_peripheral\Include\gd32f4xx_sdio.h","30655","8D6813EFC565E3085611D767EA4E670E0C76A256C6F17FC93F313BCB11D0385A","8D6813EFC565E3085611D767EA4E670E0C76A256C6F17FC93F313BCB11D0385A","MATCH"
"day11\05_ADC_inserted_chns\Firmware\GD32F4xx_standard_peripheral\Include\gd32f4xx_spi.h","projects\06_ADC_DMA\adc-injected\course\Firmware\GD32F4xx_standard_peripheral\Include\gd32f4xx_spi.h","25831","4C6360C8FE58D4A38E4870BCBA17630857551D3EC7B4BD3DDEB5085C31240B1C","4C6360C8FE58D4A38E4870BCBA17630857551D3EC7B4BD3DDEB5085C31240B1C","MATCH"
"day11\05_ADC_inserted_chns\Firmware\GD32F4xx_standard_peripheral\Include\gd32f4xx_syscfg.h","projects\06_ADC_DMA\adc-injected\course\Firmware\GD32F4xx_standard_peripheral\Include\gd32f4xx_syscfg.h","11558","5060FEF0A07A3FC1396A31F09F95FE1D134F8A1FB1581E3DD98BB6078108C447","5060FEF0A07A3FC1396A31F09F95FE1D134F8A1FB1581E3DD98BB6078108C447","MATCH"
"day11\05_ADC_inserted_chns\Firmware\GD32F4xx_standard_peripheral\Include\gd32f4xx_timer.h","projects\06_ADC_DMA\adc-injected\course\Firmware\GD32F4xx_standard_peripheral\Include\gd32f4xx_timer.h","59717","7A79F81F1D862A1B49F23BFE05B1AC751A71E761B6E63C2DFFABE6C7BC69AC49","7A79F81F1D862A1B49F23BFE05B1AC751A71E761B6E63C2DFFABE6C7BC69AC49","MATCH"
"day11\05_ADC_inserted_chns\Firmware\GD32F4xx_standard_peripheral\Include\gd32f4xx_tli.h","projects\06_ADC_DMA\adc-injected\course\Firmware\GD32F4xx_standard_peripheral\Include\gd32f4xx_tli.h","23557","1B94EA157AC8CE2FED962B0C4FF95B6702C6194300AA51B04C3AAFE493768D2A","1B94EA157AC8CE2FED962B0C4FF95B6702C6194300AA51B04C3AAFE493768D2A","MATCH"
"day11\05_ADC_inserted_chns\Firmware\GD32F4xx_standard_peripheral\Include\gd32f4xx_trng.h","projects\06_ADC_DMA\adc-injected\course\Firmware\GD32F4xx_standard_peripheral\Include\gd32f4xx_trng.h","4431","91E2BB5AFFEFA65F90927FAD795FAA0F4204516284ECA38E461506F0CD9CA924","91E2BB5AFFEFA65F90927FAD795FAA0F4204516284ECA38E461506F0CD9CA924","MATCH"
"day11\05_ADC_inserted_chns\Firmware\GD32F4xx_standard_peripheral\Include\gd32f4xx_usart.h","projects\06_ADC_DMA\adc-injected\course\Firmware\GD32F4xx_standard_peripheral\Include\gd32f4xx_usart.h","31652","6CF40E957A1216C99E3663D667DE1944C42272897011834BF20ADCD97E791074","6CF40E957A1216C99E3663D667DE1944C42272897011834BF20ADCD97E791074","MATCH"
"day11\05_ADC_inserted_chns\Firmware\GD32F4xx_standard_peripheral\Include\gd32f4xx_wwdgt.h","projects\06_ADC_DMA\adc-injected\course\Firmware\GD32F4xx_standard_peripheral\Include\gd32f4xx_wwdgt.h","4561","01EECFC98B4507AEB8F0AFBE7D994EA0A617A79E5D4EB2D1D4A85979BA014EFE","01EECFC98B4507AEB8F0AFBE7D994EA0A617A79E5D4EB2D1D4A85979BA014EFE","MATCH"
"day11\05_ADC_inserted_chns\Firmware\GD32F4xx_standard_peripheral\Source\gd32f4xx_adc.c","projects\06_ADC_DMA\adc-injected\course\Firmware\GD32F4xx_standard_peripheral\Source\gd32f4xx_adc.c","49331","8A5C91EC7A397B53EFD086646674D273ECE00F36C9610AB50715FE1521BA4112","8A5C91EC7A397B53EFD086646674D273ECE00F36C9610AB50715FE1521BA4112","MATCH"
"day11\05_ADC_inserted_chns\Firmware\GD32F4xx_standard_peripheral\Source\gd32f4xx_can.c","projects\06_ADC_DMA\adc-injected\course\Firmware\GD32F4xx_standard_peripheral\Source\gd32f4xx_can.c","40297","CE0E343B00856972EABACCC1F4D88C051796A8D1E30C4596312FC29A533DB8BA","CE0E343B00856972EABACCC1F4D88C051796A8D1E30C4596312FC29A533DB8BA","MATCH"
"day11\05_ADC_inserted_chns\Firmware\GD32F4xx_standard_peripheral\Source\gd32f4xx_crc.c","projects\06_ADC_DMA\adc-injected\course\Firmware\GD32F4xx_standard_peripheral\Source\gd32f4xx_crc.c","3904","C14034159E72E082AA70E2A8CBA60FFCF950B63D75AE467706632F32EC00F315","C14034159E72E082AA70E2A8CBA60FFCF950B63D75AE467706632F32EC00F315","MATCH"
"day11\05_ADC_inserted_chns\Firmware\GD32F4xx_standard_peripheral\Source\gd32f4xx_ctc.c","projects\06_ADC_DMA\adc-injected\course\Firmware\GD32F4xx_standard_peripheral\Source\gd32f4xx_ctc.c","12892","07F4A6385C6FFB2E18ECF95DAAE6A431FB91262FA988835A249A64F4002280A1","07F4A6385C6FFB2E18ECF95DAAE6A431FB91262FA988835A249A64F4002280A1","MATCH"
"day11\05_ADC_inserted_chns\Firmware\GD32F4xx_standard_peripheral\Source\gd32f4xx_dac.c","projects\06_ADC_DMA\adc-injected\course\Firmware\GD32F4xx_standard_peripheral\Source\gd32f4xx_dac.c","22641","ACE5C99F1E2774D955CA4E4D5D6E81B2D831F718098487EA3E8C2C34C960E160","ACE5C99F1E2774D955CA4E4D5D6E81B2D831F718098487EA3E8C2C34C960E160","MATCH"
"day11\05_ADC_inserted_chns\Firmware\GD32F4xx_standard_peripheral\Source\gd32f4xx_dbg.c","projects\06_ADC_DMA\adc-injected\course\Firmware\GD32F4xx_standard_peripheral\Source\gd32f4xx_dbg.c","7772","6EEC659FD6B5C549226BAE8E9C9C78785B064D557434189BB221287D550FE291","6EEC659FD6B5C549226BAE8E9C9C78785B064D557434189BB221287D550FE291","MATCH"
"day11\05_ADC_inserted_chns\Firmware\GD32F4xx_standard_peripheral\Source\gd32f4xx_dci.c","projects\06_ADC_DMA\adc-injected\course\Firmware\GD32F4xx_standard_peripheral\Source\gd32f4xx_dci.c","10290","B99613D9A21A02DD39117F30B9A488B859209AB3489DCFDE7361D147CDF76516","B99613D9A21A02DD39117F30B9A488B859209AB3489DCFDE7361D147CDF76516","MATCH"
"day11\05_ADC_inserted_chns\Firmware\GD32F4xx_standard_peripheral\Source\gd32f4xx_dma.c","projects\06_ADC_DMA\adc-injected\course\Firmware\GD32F4xx_standard_peripheral\Source\gd32f4xx_dma.c","36449","2D943A169ABABCC22CBC6C41665F5CE375C30B63005954E1D34BB3218CB63FAF","2D943A169ABABCC22CBC6C41665F5CE375C30B63005954E1D34BB3218CB63FAF","MATCH"
"day11\05_ADC_inserted_chns\Firmware\GD32F4xx_standard_peripheral\Source\gd32f4xx_enet.c","projects\06_ADC_DMA\adc-injected\course\Firmware\GD32F4xx_standard_peripheral\Source\gd32f4xx_enet.c","151999","3051E8737C463D23D07B9C9AD937BC7C488BB573738B2313982870DAA670E87E","3051E8737C463D23D07B9C9AD937BC7C488BB573738B2313982870DAA670E87E","MATCH"
"day11\05_ADC_inserted_chns\Firmware\GD32F4xx_standard_peripheral\Source\gd32f4xx_exmc.c","projects\06_ADC_DMA\adc-injected\course\Firmware\GD32F4xx_standard_peripheral\Source\gd32f4xx_exmc.c","57117","E4A79B377C89D9EB8BD5BE101E273AD5EFBA0C2A24FB4621AB7BC124BEEEAEBF","E4A79B377C89D9EB8BD5BE101E273AD5EFBA0C2A24FB4621AB7BC124BEEEAEBF","MATCH"
"day11\05_ADC_inserted_chns\Firmware\GD32F4xx_standard_peripheral\Source\gd32f4xx_exti.c","projects\06_ADC_DMA\adc-injected\course\Firmware\GD32F4xx_standard_peripheral\Source\gd32f4xx_exti.c","8423","FCE4A7ECA93486D71A9E5758642F2282AE7F8805DBB559312837A0B17577FE58","FCE4A7ECA93486D71A9E5758642F2282AE7F8805DBB559312837A0B17577FE58","MATCH"
"day11\05_ADC_inserted_chns\Firmware\GD32F4xx_standard_peripheral\Source\gd32f4xx_fmc.c","projects\06_ADC_DMA\adc-injected\course\Firmware\GD32F4xx_standard_peripheral\Source\gd32f4xx_fmc.c","34852","15408829D2405432FC8ED73D5D8C6BBB1E6C74540F1B817983BABD62E22CAB16","15408829D2405432FC8ED73D5D8C6BBB1E6C74540F1B817983BABD62E22CAB16","MATCH"
"day11\05_ADC_inserted_chns\Firmware\GD32F4xx_standard_peripheral\Source\gd32f4xx_fwdgt.c","projects\06_ADC_DMA\adc-injected\course\Firmware\GD32F4xx_standard_peripheral\Source\gd32f4xx_fwdgt.c","7007","05B67D15069CED6F0472E4115ECD16064402E0D6220561499000025A8CD189B7","05B67D15069CED6F0472E4115ECD16064402E0D6220561499000025A8CD189B7","MATCH"
"day11\05_ADC_inserted_chns\Firmware\GD32F4xx_standard_peripheral\Source\gd32f4xx_gpio.c","projects\06_ADC_DMA\adc-injected\course\Firmware\GD32F4xx_standard_peripheral\Source\gd32f4xx_gpio.c","15061","262BEFE864D5DA3BADA64D0B3DAB29E5C2747E46B154EDE8BCAB0B788DB614E0","262BEFE864D5DA3BADA64D0B3DAB29E5C2747E46B154EDE8BCAB0B788DB614E0","MATCH"
"day11\05_ADC_inserted_chns\Firmware\GD32F4xx_standard_peripheral\Source\gd32f4xx_i2c.c","projects\06_ADC_DMA\adc-injected\course\Firmware\GD32F4xx_standard_peripheral\Source\gd32f4xx_i2c.c","30805","8EDFAF1A8F0BF2833923D0072FE1B9D0467382B3EC1D243E918D0DE9711CCCD2","8EDFAF1A8F0BF2833923D0072FE1B9D0467382B3EC1D243E918D0DE9711CCCD2","MATCH"
"day11\05_ADC_inserted_chns\Firmware\GD32F4xx_standard_peripheral\Source\gd32f4xx_ipa.c","projects\06_ADC_DMA\adc-injected\course\Firmware\GD32F4xx_standard_peripheral\Source\gd32f4xx_ipa.c","26662","38A8350304763C1C83B4D2341F6782B090CA09ABE541AC360089B5CB454BCF57","38A8350304763C1C83B4D2341F6782B090CA09ABE541AC360089B5CB454BCF57","MATCH"
"day11\05_ADC_inserted_chns\Firmware\GD32F4xx_standard_peripheral\Source\gd32f4xx_iref.c","projects\06_ADC_DMA\adc-injected\course\Firmware\GD32F4xx_standard_peripheral\Source\gd32f4xx_iref.c","3544","24F2FCFCD20882FD3E65773A281A827BF5391A0A8054324EEF7C98BB3F2B9B80","24F2FCFCD20882FD3E65773A281A827BF5391A0A8054324EEF7C98BB3F2B9B80","MATCH"
"day11\05_ADC_inserted_chns\Firmware\GD32F4xx_standard_peripheral\Source\gd32f4xx_misc.c","projects\06_ADC_DMA\adc-injected\course\Firmware\GD32F4xx_standard_peripheral\Source\gd32f4xx_misc.c","7136","1CD262F295155428C25DEDC69BFBAB99F7A99DE09E0B602ECA1F2C6017CFE2DA","1CD262F295155428C25DEDC69BFBAB99F7A99DE09E0B602ECA1F2C6017CFE2DA","MATCH"
"day11\05_ADC_inserted_chns\Firmware\GD32F4xx_standard_peripheral\Source\gd32f4xx_pmu.c","projects\06_ADC_DMA\adc-injected\course\Firmware\GD32F4xx_standard_peripheral\Source\gd32f4xx_pmu.c","11909","DAFA94838A55132E3313234C5AC2BE6172116DC26574347363D554EFFB186D79","DAFA94838A55132E3313234C5AC2BE6172116DC26574347363D554EFFB186D79","MATCH"
"day11\05_ADC_inserted_chns\Firmware\GD32F4xx_standard_peripheral\Source\gd32f4xx_rcu.c","projects\06_ADC_DMA\adc-injected\course\Firmware\GD32F4xx_standard_peripheral\Source\gd32f4xx_rcu.c","50047","6C1030EB58EC7CB9C41E2A1FF31DDEF87F70DD083222327978234004C4E95B98","6C1030EB58EC7CB9C41E2A1FF31DDEF87F70DD083222327978234004C4E95B98","MATCH"
"day11\05_ADC_inserted_chns\Firmware\GD32F4xx_standard_peripheral\Source\gd32f4xx_rtc.c","projects\06_ADC_DMA\adc-injected\course\Firmware\GD32F4xx_standard_peripheral\Source\gd32f4xx_rtc.c","46946","EEA5BCB92C88A7BAB9F3740F8E9408236412A546B03A5467F21B0F94A01183E7","EEA5BCB92C88A7BAB9F3740F8E9408236412A546B03A5467F21B0F94A01183E7","MATCH"
"day11\05_ADC_inserted_chns\Firmware\GD32F4xx_standard_peripheral\Source\gd32f4xx_sdio.c","projects\06_ADC_DMA\adc-injected\course\Firmware\GD32F4xx_standard_peripheral\Source\gd32f4xx_sdio.c","28412","9D8F3E488C74C44A30C4D0BBB9CD8D86555D898CA9C36F259CE57609959B9854","9D8F3E488C74C44A30C4D0BBB9CD8D86555D898CA9C36F259CE57609959B9854","MATCH"
"day11\05_ADC_inserted_chns\Firmware\GD32F4xx_standard_peripheral\Source\gd32f4xx_spi.c","projects\06_ADC_DMA\adc-injected\course\Firmware\GD32F4xx_standard_peripheral\Source\gd32f4xx_spi.c","30670","CE06438E9AD5882A0FCA88DFE658DD925ED3320BA574C2797E2F93ACF6142459","CE06438E9AD5882A0FCA88DFE658DD925ED3320BA574C2797E2F93ACF6142459","MATCH"
"day11\05_ADC_inserted_chns\Firmware\GD32F4xx_standard_peripheral\Source\gd32f4xx_syscfg.c","projects\06_ADC_DMA\adc-injected\course\Firmware\GD32F4xx_standard_peripheral\Source\gd32f4xx_syscfg.c","7949","51A7A5E70F3064424CC6E2F6A06942B47ADAAC8C36A6612EE08B1643557B3CA3","51A7A5E70F3064424CC6E2F6A06942B47ADAAC8C36A6612EE08B1643557B3CA3","MATCH"
"day11\05_ADC_inserted_chns\Firmware\GD32F4xx_standard_peripheral\Source\gd32f4xx_timer.c","projects\06_ADC_DMA\adc-injected\course\Firmware\GD32F4xx_standard_peripheral\Source\gd32f4xx_timer.c","89361","3961465CF6BA39554E34C02183C50676A4AB9B3991A6AAD32D271754B2506B14","3961465CF6BA39554E34C02183C50676A4AB9B3991A6AAD32D271754B2506B14","MATCH"
"day11\05_ADC_inserted_chns\Firmware\GD32F4xx_standard_peripheral\Source\gd32f4xx_tli.c","projects\06_ADC_DMA\adc-injected\course\Firmware\GD32F4xx_standard_peripheral\Source\gd32f4xx_tli.c","24645","881A02E692AFD4A0B6848A929B0B8C79148911AD7543CF611287C45E82372541","881A02E692AFD4A0B6848A929B0B8C79148911AD7543CF611287C45E82372541","MATCH"
"day11\05_ADC_inserted_chns\Firmware\GD32F4xx_standard_peripheral\Source\gd32f4xx_trng.c","projects\06_ADC_DMA\adc-injected\course\Firmware\GD32F4xx_standard_peripheral\Source\gd32f4xx_trng.c","4471","BA9093D046A01C997AA54D2DE9F663E8AF32FB9E53C950CFC640F1033FCD6C53","BA9093D046A01C997AA54D2DE9F663E8AF32FB9E53C950CFC640F1033FCD6C53","MATCH"
"day11\05_ADC_inserted_chns\Firmware\GD32F4xx_standard_peripheral\Source\gd32f4xx_usart.c","projects\06_ADC_DMA\adc-injected\course\Firmware\GD32F4xx_standard_peripheral\Source\gd32f4xx_usart.c","34715","F67FA54D9C9537317BE92D95FD880A394D9ABE98DF708E5AA821FBFA392AE9B0","F67FA54D9C9537317BE92D95FD880A394D9ABE98DF708E5AA821FBFA392AE9B0","MATCH"
"day11\05_ADC_inserted_chns\Firmware\GD32F4xx_standard_peripheral\Source\gd32f4xx_wwdgt.c","projects\06_ADC_DMA\adc-injected\course\Firmware\GD32F4xx_standard_peripheral\Source\gd32f4xx_wwdgt.c","4154","0ED39DE6F0101E10DDCB476E6EF21C44D2282D4F689D0D0D70F9E04940E6F0FE","0ED39DE6F0101E10DDCB476E6EF21C44D2282D4F689D0D0D70F9E04940E6F0FE","MATCH"
"day11\05_ADC_inserted_chns\Hardware\bsp_buzzer.c","projects\06_ADC_DMA\adc-injected\course\Hardware\bsp_buzzer.c","3700","DB132610BB9FD25BB3606FEE7C189AD01FB3F68FEF38D105A74C0609C66B5CEE","DB132610BB9FD25BB3606FEE7C189AD01FB3F68FEF38D105A74C0609C66B5CEE","MATCH"
"day11\05_ADC_inserted_chns\Hardware\bsp_buzzer.h","projects\06_ADC_DMA\adc-injected\course\Hardware\bsp_buzzer.h","291","A849E5A19D17A5DED0E7438846AFA0D5E3636544ABFC356B361024CA882EC6C5","A849E5A19D17A5DED0E7438846AFA0D5E3636544ABFC356B361024CA882EC6C5","MATCH"
"day11\05_ADC_inserted_chns\Hardware\bsp_buzzer2.c","projects\06_ADC_DMA\adc-injected\course\Hardware\bsp_buzzer2.c","1429","D4F400CA00C8ACE082181E1D587A2B1CE7CC29C870BCA80C8A920BF78710B2C1","D4F400CA00C8ACE082181E1D587A2B1CE7CC29C870BCA80C8A920BF78710B2C1","MATCH"
"day11\05_ADC_inserted_chns\Hardware\bsp_buzzer2.h","projects\06_ADC_DMA\adc-injected\course\Hardware\bsp_buzzer2.h","291","A849E5A19D17A5DED0E7438846AFA0D5E3636544ABFC356B361024CA882EC6C5","A849E5A19D17A5DED0E7438846AFA0D5E3636544ABFC356B361024CA882EC6C5","MATCH"
"day11\05_ADC_inserted_chns\Library\EXTI_config.h","projects\06_ADC_DMA\adc-injected\course\Library\EXTI_config.h","1634","0FD94A8DF148AC6618D5CAA1F2788003CE63E2B27E13A31000428E29D095542B","0FD94A8DF148AC6618D5CAA1F2788003CE63E2B27E13A31000428E29D095542B","MATCH"
"day11\05_ADC_inserted_chns\Library\EXTI.c","projects\06_ADC_DMA\adc-injected\course\Library\EXTI.c","3132","528D0B3C2AC1F1661095497895FDB15FF878723CF351D28F3D3EE13F79DF8AE2","528D0B3C2AC1F1661095497895FDB15FF878723CF351D28F3D3EE13F79DF8AE2","MATCH"
"day11\05_ADC_inserted_chns\Library\EXTI.h","projects\06_ADC_DMA\adc-injected\course\Library\EXTI.h","246","63711925072BE76CE24B295341905A97BDD73234E1EFB33A28A0CEC82E3CD6C2","63711925072BE76CE24B295341905A97BDD73234E1EFB33A28A0CEC82E3CD6C2","MATCH"
"day11\05_ADC_inserted_chns\Library\I2C0.c","projects\06_ADC_DMA\adc-injected\course\Library\I2C0.c","11837","1902450E399F26AB11BABACB640C9C56389B2188FF852E3E6A58D60E16AF528E","1902450E399F26AB11BABACB640C9C56389B2188FF852E3E6A58D60E16AF528E","MATCH"
"day11\05_ADC_inserted_chns\Library\I2C0.h","projects\06_ADC_DMA\adc-injected\course\Library\I2C0.h","1258","E30F8BA27DF76E3682B8D0325EB2B9DAAF13A20CFF0E1FC59A4625625996AF42","E30F8BA27DF76E3682B8D0325EB2B9DAAF13A20CFF0E1FC59A4625625996AF42","MATCH"
"day11\05_ADC_inserted_chns\Library\TIMER_config.h","projects\06_ADC_DMA\adc-injected\course\Library\TIMER_config.h","1813","BD74AB72F9068615F9AB44169B11F6EF25CD9BC3D4CD0E27A95BE4AE24608766","BD74AB72F9068615F9AB44169B11F6EF25CD9BC3D4CD0E27A95BE4AE24608766","MATCH"
"day11\05_ADC_inserted_chns\Library\TIMER.c","projects\06_ADC_DMA\adc-injected\course\Library\TIMER.c","5924","68A9D9BBDB446C51E0C577B7E7969E8F3513AF7E4736C10BC6D579FBF5661435","68A9D9BBDB446C51E0C577B7E7969E8F3513AF7E4736C10BC6D579FBF5661435","MATCH"
"day11\05_ADC_inserted_chns\Library\TIMER.h","projects\06_ADC_DMA\adc-injected\course\Library\TIMER.h","759","51A72D9863C245195AD3CD40ADDB0D573930D5AB540B30D3D971AD2AF6B2E80E","51A72D9863C245195AD3CD40ADDB0D573930D5AB540B30D3D971AD2AF6B2E80E","MATCH"
"day11\05_ADC_inserted_chns\Library\USART_config.h","projects\06_ADC_DMA\adc-injected\course\Library\USART_config.h","1220","73E72408B41955E419784B2A24B0FBD8AD81A334AA38EB9DB60A7DDAE97AD633","73E72408B41955E419784B2A24B0FBD8AD81A334AA38EB9DB60A7DDAE97AD633","MATCH"
"day11\05_ADC_inserted_chns\Library\USART0.c","projects\06_ADC_DMA\adc-injected\course\Library\USART0.c","10194","325E153A7388566303CC9DA901A87ED2A3D158D0238FA4A36A20EB17B1067606","325E153A7388566303CC9DA901A87ED2A3D158D0238FA4A36A20EB17B1067606","MATCH"
"day11\05_ADC_inserted_chns\Library\USART0.h","projects\06_ADC_DMA\adc-injected\course\Library\USART0.h","658","6016FD90E22446BB90BE0996EA5EE6493AB9CDF6E7F71024ED583F05C4860399","6016FD90E22446BB90BE0996EA5EE6493AB9CDF6E7F71024ED583F05C4860399","MATCH"
"day11\05_ADC_inserted_chns\Project\GD32F407.uvprojx","projects\06_ADC_DMA\adc-injected\course\Project\GD32F407.uvprojx","18988","3F81B440A91F7495763BCCCF38E3A05F1E9099C83C2CE1E75AD43B6E0EFF48EB","3F81B440A91F7495763BCCCF38E3A05F1E9099C83C2CE1E75AD43B6E0EFF48EB","MATCH"
"day11\05_ADC_inserted_chns\User\gd32f4xx_it.c","projects\06_ADC_DMA\adc-injected\course\User\gd32f4xx_it.c","3980","5BE8E65B392A41354E513056974D1869598AF02739A7CE6419E611D6AA3979C6","5BE8E65B392A41354E513056974D1869598AF02739A7CE6419E611D6AA3979C6","MATCH"
"day11\05_ADC_inserted_chns\User\gd32f4xx_it.h","projects\06_ADC_DMA\adc-injected\course\User\gd32f4xx_it.h","2524","B4995762AE5CEB7125CC9720CEA7E2BAD8640C23B87ED1856D9B8A380A5FC8C3","B4995762AE5CEB7125CC9720CEA7E2BAD8640C23B87ED1856D9B8A380A5FC8C3","MATCH"
"day11\05_ADC_inserted_chns\User\gd32f4xx_libopt.h","projects\06_ADC_DMA\adc-injected\course\User\gd32f4xx_libopt.h","2917","702C6D85987BCDDDD363A8412C5806255F6C746065DA984EB21896C5DDD6BF09","702C6D85987BCDDDD363A8412C5806255F6C746065DA984EB21896C5DDD6BF09","MATCH"
"day11\05_ADC_inserted_chns\User\main.c","projects\06_ADC_DMA\adc-injected\course\User\main.c","4631","DC8410F88D4D29683811AF4A4F02D129BFB17218F55029A69B058CCB1672901F","DC8410F88D4D29683811AF4A4F02D129BFB17218F55029A69B058CCB1672901F","MATCH"
"day11\05_ADC_inserted_chns\User\main.h","projects\06_ADC_DMA\adc-injected\course\User\main.h","1814","32C273B119ABF22DA51E2782C09853A1545B1DF1364A13EFFA2B465379E1A53C","32C273B119ABF22DA51E2782C09853A1545B1DF1364A13EFFA2B465379E1A53C","MATCH"
"day11\05_ADC_inserted_chns\User\readme.txt","projects\06_ADC_DMA\adc-injected\course\User\readme.txt","1862","A45BD1E14D470B46BE2D57C9D35147E41204556CC4BB4E25EA3C7B6B424A0B7C","A45BD1E14D470B46BE2D57C9D35147E41204556CC4BB4E25EA3C7B6B424A0B7C","MATCH"
"day11\05_ADC_inserted_chns\User\systick.c","projects\06_ADC_DMA\adc-injected\course\User\systick.c","2835","3BFDC9D654AEE46AFAE59529984C667193CD9098D01115CFB80DB9AC96D37E14","3BFDC9D654AEE46AFAE59529984C667193CD9098D01115CFB80DB9AC96D37E14","MATCH"
"day11\05_ADC_inserted_chns\User\systick.h","projects\06_ADC_DMA\adc-injected\course\User\systick.h","2034","E74F1981340E6162CCE52F39F73009B1570EFB7F024410652F494E77997DA025","E74F1981340E6162CCE52F39F73009B1570EFB7F024410652F494E77997DA025","MATCH"
"day11\03_ADC_routine_chns_DMA\Firmware\CMSIS\core_cm4_simd.h","projects\06_ADC_DMA\adc-scan-dma\course\Firmware\CMSIS\core_cm4_simd.h","22959","0C2A0C2D66C7791B82CA19D10336C96518830EF359F6BFD9DA7477BC2CBCCBBB","0C2A0C2D66C7791B82CA19D10336C96518830EF359F6BFD9DA7477BC2CBCCBBB","MATCH"
"day11\03_ADC_routine_chns_DMA\Firmware\CMSIS\core_cm4.h","projects\06_ADC_DMA\adc-scan-dma\course\Firmware\CMSIS\core_cm4.h","109878","4756546E1449D17B1A7DEE2F3307F2C92C9F1D669C3F5DFC3EE1DEC8AEE9A8F7","4756546E1449D17B1A7DEE2F3307F2C92C9F1D669C3F5DFC3EE1DEC8AEE9A8F7","MATCH"
"day11\03_ADC_routine_chns_DMA\Firmware\CMSIS\core_cmFunc.h","projects\06_ADC_DMA\adc-scan-dma\course\Firmware\CMSIS\core_cmFunc.h","15828","5075FF67C8E264B83D9B391C07C6512E26ABBC189E321DE0D8B4375476980E5E","5075FF67C8E264B83D9B391C07C6512E26ABBC189E321DE0D8B4375476980E5E","MATCH"
"day11\03_ADC_routine_chns_DMA\Firmware\CMSIS\core_cmInstr.h","projects\06_ADC_DMA\adc-scan-dma\course\Firmware\CMSIS\core_cmInstr.h","17205","C35DDCA16CA04646DC70ACF2D592AD9EAEAAECD8125A32ABB710069648266EB5","C35DDCA16CA04646DC70ACF2D592AD9EAEAAECD8125A32ABB710069648266EB5","MATCH"
"day11\03_ADC_routine_chns_DMA\Firmware\CMSIS\GD\GD32F4xx\Include\gd32f4xx.h","projects\06_ADC_DMA\adc-scan-dma\course\Firmware\CMSIS\GD\GD32F4xx\Include\gd32f4xx.h","28854","96F1F6884C9885D32DF760A385CA0B5E8E9B20C066F71B946771A00503623A62","96F1F6884C9885D32DF760A385CA0B5E8E9B20C066F71B946771A00503623A62","MATCH"
"day11\03_ADC_routine_chns_DMA\Firmware\CMSIS\GD\GD32F4xx\Include\system_gd32f4xx.h","projects\06_ADC_DMA\adc-scan-dma\course\Firmware\CMSIS\GD\GD32F4xx\Include\system_gd32f4xx.h","2484","98EF2DD6DD7F6D2542C4D5CA83E9869BE3630B43300CB9AB453703E4277913BD","98EF2DD6DD7F6D2542C4D5CA83E9869BE3630B43300CB9AB453703E4277913BD","MATCH"
"day11\03_ADC_routine_chns_DMA\Firmware\CMSIS\GD\GD32F4xx\Source\ARM\startup_gd32f405_425.s","projects\06_ADC_DMA\adc-scan-dma\course\Firmware\CMSIS\GD\GD32F4xx\Source\ARM\startup_gd32f405_425.s","21757","AEF6290F6950C0B7FB922FD12B91B3FC34ADA707A6846AA5D7A1277FDD50FBD9","AEF6290F6950C0B7FB922FD12B91B3FC34ADA707A6846AA5D7A1277FDD50FBD9","MATCH"
"day11\03_ADC_routine_chns_DMA\Firmware\CMSIS\GD\GD32F4xx\Source\ARM\startup_gd32f407_427.s","projects\06_ADC_DMA\adc-scan-dma\course\Firmware\CMSIS\GD\GD32F4xx\Source\ARM\startup_gd32f407_427.s","22101","65127CC1FFC7BB0C6E3AB3E1EF32C8F935D09EF4A83AC4914E089D40C39B8B5B","65127CC1FFC7BB0C6E3AB3E1EF32C8F935D09EF4A83AC4914E089D40C39B8B5B","MATCH"
"day11\03_ADC_routine_chns_DMA\Firmware\CMSIS\GD\GD32F4xx\Source\ARM\startup_gd32f450_470.s","projects\06_ADC_DMA\adc-scan-dma\course\Firmware\CMSIS\GD\GD32F4xx\Source\ARM\startup_gd32f450_470.s","23659","A4E9852BA47AAD025DE9645D067FAB33DDA87B8E82DEA6D77B3364F902345299","A4E9852BA47AAD025DE9645D067FAB33DDA87B8E82DEA6D77B3364F902345299","MATCH"
"day11\03_ADC_routine_chns_DMA\Firmware\CMSIS\GD\GD32F4xx\Source\IAR\startup_gd32f405_425.s","projects\06_ADC_DMA\adc-scan-dma\course\Firmware\CMSIS\GD\GD32F4xx\Source\IAR\startup_gd32f405_425.s","25159","70E76C6AD0182A5682773261E308008BC1102C09839605A0E058851173026836","70E76C6AD0182A5682773261E308008BC1102C09839605A0E058851173026836","MATCH"
"day11\03_ADC_routine_chns_DMA\Firmware\CMSIS\GD\GD32F4xx\Source\IAR\startup_gd32f407_427.s","projects\06_ADC_DMA\adc-scan-dma\course\Firmware\CMSIS\GD\GD32F4xx\Source\IAR\startup_gd32f407_427.s","25736","550D6CA54DE7F8FCB2791AAF9141666BA15978C55017FA6798BF0CA80A2864C6","550D6CA54DE7F8FCB2791AAF9141666BA15978C55017FA6798BF0CA80A2864C6","MATCH"
"day11\03_ADC_routine_chns_DMA\Firmware\CMSIS\GD\GD32F4xx\Source\IAR\startup_gd32f450_470.s","projects\06_ADC_DMA\adc-scan-dma\course\Firmware\CMSIS\GD\GD32F4xx\Source\IAR\startup_gd32f450_470.s","27837","EE6654F1D551C6937D014FE943342B0395A32076E5AC8DD688C600EACB9BD343","EE6654F1D551C6937D014FE943342B0395A32076E5AC8DD688C600EACB9BD343","MATCH"
"day11\03_ADC_routine_chns_DMA\Firmware\CMSIS\GD\GD32F4xx\Source\system_gd32f4xx.c","projects\06_ADC_DMA\adc-scan-dma\course\Firmware\CMSIS\GD\GD32F4xx\Source\system_gd32f4xx.c","36416","8F66A123756716CF74297A7B54EEC616F230CBBC37DFB60F21BF05D1BC070836","8F66A123756716CF74297A7B54EEC616F230CBBC37DFB60F21BF05D1BC070836","MATCH"
"day11\03_ADC_routine_chns_DMA\Firmware\GD32F4xx_standard_peripheral\Include\gd32f4xx_adc.h","projects\06_ADC_DMA\adc-scan-dma\course\Firmware\GD32F4xx_standard_peripheral\Include\gd32f4xx_adc.h","41521","D6B41E007F1EE95E5FA1B495F94924F7E6166439FBF3E9234A26B5FA6C32F1DE","D6B41E007F1EE95E5FA1B495F94924F7E6166439FBF3E9234A26B5FA6C32F1DE","MATCH"
"day11\03_ADC_routine_chns_DMA\Firmware\GD32F4xx_standard_peripheral\Include\gd32f4xx_can.h","projects\06_ADC_DMA\adc-scan-dma\course\Firmware\GD32F4xx_standard_peripheral\Include\gd32f4xx_can.h","54440","62A96066D7B8A1CEF45AB4092FCE5058B962050EB1C9E4B3585F0E19B9F30578","62A96066D7B8A1CEF45AB4092FCE5058B962050EB1C9E4B3585F0E19B9F30578","MATCH"
"day11\03_ADC_routine_chns_DMA\Firmware\GD32F4xx_standard_peripheral\Include\gd32f4xx_crc.h","projects\06_ADC_DMA\adc-scan-dma\course\Firmware\GD32F4xx_standard_peripheral\Include\gd32f4xx_crc.h","3380","4870F145AEEC968F3A7A0A5068105591E1ADEB9A37A5E47FDCC9D27D7D3AFBD6","4870F145AEEC968F3A7A0A5068105591E1ADEB9A37A5E47FDCC9D27D7D3AFBD6","MATCH"
"day11\03_ADC_routine_chns_DMA\Firmware\GD32F4xx_standard_peripheral\Include\gd32f4xx_ctc.h","projects\06_ADC_DMA\adc-scan-dma\course\Firmware\GD32F4xx_standard_peripheral\Include\gd32f4xx_ctc.h","11513","900AB7D5F9C585834166A58966C8D523FF91D410066D00BBED3E6522C25782D7","900AB7D5F9C585834166A58966C8D523FF91D410066D00BBED3E6522C25782D7","MATCH"
"day11\03_ADC_routine_chns_DMA\Firmware\GD32F4xx_standard_peripheral\Include\gd32f4xx_dac.h","projects\06_ADC_DMA\adc-scan-dma\course\Firmware\GD32F4xx_standard_peripheral\Include\gd32f4xx_dac.h","18761","86057CC0C52A32F955A12F47ABA1E4997AC2DABA13B10A686D8777579F638AFB","86057CC0C52A32F955A12F47ABA1E4997AC2DABA13B10A686D8777579F638AFB","MATCH"
"day11\03_ADC_routine_chns_DMA\Firmware\GD32F4xx_standard_peripheral\Include\gd32f4xx_dbg.h","projects\06_ADC_DMA\adc-scan-dma\course\Firmware\GD32F4xx_standard_peripheral\Include\gd32f4xx_dbg.h","9890","21A089B5880F1D101116BD37EAAC7A085A103901A40900E75941130D901B150E","21A089B5880F1D101116BD37EAAC7A085A103901A40900E75941130D901B150E","MATCH"
"day11\03_ADC_routine_chns_DMA\Firmware\GD32F4xx_standard_peripheral\Include\gd32f4xx_dci.h","projects\06_ADC_DMA\adc-scan-dma\course\Firmware\GD32F4xx_standard_peripheral\Include\gd32f4xx_dci.h","13665","787F449F0B2EBA5BBCC92B0D50899FA668CEA6ED9CCAB3960EBA0B2253CC7748","787F449F0B2EBA5BBCC92B0D50899FA668CEA6ED9CCAB3960EBA0B2253CC7748","MATCH"
"day11\03_ADC_routine_chns_DMA\Firmware\GD32F4xx_standard_peripheral\Include\gd32f4xx_dma.h","projects\06_ADC_DMA\adc-scan-dma\course\Firmware\GD32F4xx_standard_peripheral\Include\gd32f4xx_dma.h","32675","F358957EBF98C4C449480A088E349CDAC2716394C24FA4111DE08B06FCDC5094","F358957EBF98C4C449480A088E349CDAC2716394C24FA4111DE08B06FCDC5094","MATCH"
"day11\03_ADC_routine_chns_DMA\Firmware\GD32F4xx_standard_peripheral\Include\gd32f4xx_enet.h","projects\06_ADC_DMA\adc-scan-dma\course\Firmware\GD32F4xx_standard_peripheral\Include\gd32f4xx_enet.h","144084","2BDBC2BE9B0E3BA398DEEAB38021442A2CFEEDFF21FC353CF3B16C717A2CDF9B","2BDBC2BE9B0E3BA398DEEAB38021442A2CFEEDFF21FC353CF3B16C717A2CDF9B","MATCH"
"day11\03_ADC_routine_chns_DMA\Firmware\GD32F4xx_standard_peripheral\Include\gd32f4xx_exmc.h","projects\06_ADC_DMA\adc-scan-dma\course\Firmware\GD32F4xx_standard_peripheral\Include\gd32f4xx_exmc.h","64299","68482B678DD868085A6BE6317EEC18873D43F895936E503487E843E561A0D55E","68482B678DD868085A6BE6317EEC18873D43F895936E503487E843E561A0D55E","MATCH"
"day11\03_ADC_routine_chns_DMA\Firmware\GD32F4xx_standard_peripheral\Include\gd32f4xx_exti.h","projects\06_ADC_DMA\adc-scan-dma\course\Firmware\GD32F4xx_standard_peripheral\Include\gd32f4xx_exti.h","20470","705948F029F63A5995D9849A60E417D6210ECE34C8E942C76A2D4E7A2B927426","705948F029F63A5995D9849A60E417D6210ECE34C8E942C76A2D4E7A2B927426","MATCH"
"day11\03_ADC_routine_chns_DMA\Firmware\GD32F4xx_standard_peripheral\Include\gd32f4xx_fmc.h","projects\06_ADC_DMA\adc-scan-dma\course\Firmware\GD32F4xx_standard_peripheral\Include\gd32f4xx_fmc.h","28322","5A5D9F0B1CE1E7486206130F80048F81A6D3E9E6337BF0A4C69D4A1D5EDC9F7E","5A5D9F0B1CE1E7486206130F80048F81A6D3E9E6337BF0A4C69D4A1D5EDC9F7E","MATCH"
"day11\03_ADC_routine_chns_DMA\Firmware\GD32F4xx_standard_peripheral\Include\gd32f4xx_fwdgt.h","projects\06_ADC_DMA\adc-scan-dma\course\Firmware\GD32F4xx_standard_peripheral\Include\gd32f4xx_fwdgt.h","5876","04CB4EE0D6526910CF9CA8BEFC437FC6DF3FDFE09FB0BC418AB7EA5C19611A50","04CB4EE0D6526910CF9CA8BEFC437FC6DF3FDFE09FB0BC418AB7EA5C19611A50","MATCH"
"day11\03_ADC_routine_chns_DMA\Firmware\GD32F4xx_standard_peripheral\Include\gd32f4xx_gpio.h","projects\06_ADC_DMA\adc-scan-dma\course\Firmware\GD32F4xx_standard_peripheral\Include\gd32f4xx_gpio.h","29164","A20501A28644BF45B8E3C4AB2A7237466805C1480B06E7D6C8585296D7F08787","A20501A28644BF45B8E3C4AB2A7237466805C1480B06E7D6C8585296D7F08787","MATCH"
"day11\03_ADC_routine_chns_DMA\Firmware\GD32F4xx_standard_peripheral\Include\gd32f4xx_i2c.h","projects\06_ADC_DMA\adc-scan-dma\course\Firmware\GD32F4xx_standard_peripheral\Include\gd32f4xx_i2c.h","29826","6CF4053E2452263CDFCB98DA0832CE1F2F1B0380C1BEA5D4284C1DF0D5CBBB05","6CF4053E2452263CDFCB98DA0832CE1F2F1B0380C1BEA5D4284C1DF0D5CBBB05","MATCH"
"day11\03_ADC_routine_chns_DMA\Firmware\GD32F4xx_standard_peripheral\Include\gd32f4xx_ipa.h","projects\06_ADC_DMA\adc-scan-dma\course\Firmware\GD32F4xx_standard_peripheral\Include\gd32f4xx_ipa.h","25918","1AD22068402E09BAE4117E637ED972FCD7452751CCBE01C7829AEA7DF45AE8AE","1AD22068402E09BAE4117E637ED972FCD7452751CCBE01C7829AEA7DF45AE8AE","MATCH"
"day11\03_ADC_routine_chns_DMA\Firmware\GD32F4xx_standard_peripheral\Include\gd32f4xx_iref.h","projects\06_ADC_DMA\adc-scan-dma\course\Firmware\GD32F4xx_standard_peripheral\Include\gd32f4xx_iref.h","13448","D9D1E67FD4473F44B2F7E22BB78C3DFA9B5109D083AF1B0FDC63EC657B241C4A","D9D1E67FD4473F44B2F7E22BB78C3DFA9B5109D083AF1B0FDC63EC657B241C4A","MATCH"
"day11\03_ADC_routine_chns_DMA\Firmware\GD32F4xx_standard_peripheral\Include\gd32f4xx_misc.h","projects\06_ADC_DMA\adc-scan-dma\course\Firmware\GD32F4xx_standard_peripheral\Include\gd32f4xx_misc.h","4691","0A918F830F0200C0E806DFB50594259783E69D8ADBC27708705567F7193D35FB","0A918F830F0200C0E806DFB50594259783E69D8ADBC27708705567F7193D35FB","MATCH"
"day11\03_ADC_routine_chns_DMA\Firmware\GD32F4xx_standard_peripheral\Include\gd32f4xx_pmu.h","projects\06_ADC_DMA\adc-scan-dma\course\Firmware\GD32F4xx_standard_peripheral\Include\gd32f4xx_pmu.h","11878","B9A72B6E42083EFD170C0C5FBE579C5D6417F9BBF674DB36041BE96FCBD84636","B9A72B6E42083EFD170C0C5FBE579C5D6417F9BBF674DB36041BE96FCBD84636","MATCH"
"day11\03_ADC_routine_chns_DMA\Firmware\GD32F4xx_standard_peripheral\Include\gd32f4xx_rcu.h","projects\06_ADC_DMA\adc-scan-dma\course\Firmware\GD32F4xx_standard_peripheral\Include\gd32f4xx_rcu.h","95768","AC2B2AE653EDC89E674EDA24E1CFE8B511B73984AE0CABED3DF60BA61F8EEF08","AC2B2AE653EDC89E674EDA24E1CFE8B511B73984AE0CABED3DF60BA61F8EEF08","MATCH"
"day11\03_ADC_routine_chns_DMA\Firmware\GD32F4xx_standard_peripheral\Include\gd32f4xx_rtc.h","projects\06_ADC_DMA\adc-scan-dma\course\Firmware\GD32F4xx_standard_peripheral\Include\gd32f4xx_rtc.h","52407","1798B1B495683096D4491CF0F854957D2AD60612F65A801ED0E7A4BEE49FA549","1798B1B495683096D4491CF0F854957D2AD60612F65A801ED0E7A4BEE49FA549","MATCH"
"day11\03_ADC_routine_chns_DMA\Firmware\GD32F4xx_standard_peripheral\Include\gd32f4xx_sdio.h","projects\06_ADC_DMA\adc-scan-dma\course\Firmware\GD32F4xx_standard_peripheral\Include\gd32f4xx_sdio.h","30655","8D6813EFC565E3085611D767EA4E670E0C76A256C6F17FC93F313BCB11D0385A","8D6813EFC565E3085611D767EA4E670E0C76A256C6F17FC93F313BCB11D0385A","MATCH"
"day11\03_ADC_routine_chns_DMA\Firmware\GD32F4xx_standard_peripheral\Include\gd32f4xx_spi.h","projects\06_ADC_DMA\adc-scan-dma\course\Firmware\GD32F4xx_standard_peripheral\Include\gd32f4xx_spi.h","25831","4C6360C8FE58D4A38E4870BCBA17630857551D3EC7B4BD3DDEB5085C31240B1C","4C6360C8FE58D4A38E4870BCBA17630857551D3EC7B4BD3DDEB5085C31240B1C","MATCH"
"day11\03_ADC_routine_chns_DMA\Firmware\GD32F4xx_standard_peripheral\Include\gd32f4xx_syscfg.h","projects\06_ADC_DMA\adc-scan-dma\course\Firmware\GD32F4xx_standard_peripheral\Include\gd32f4xx_syscfg.h","11558","5060FEF0A07A3FC1396A31F09F95FE1D134F8A1FB1581E3DD98BB6078108C447","5060FEF0A07A3FC1396A31F09F95FE1D134F8A1FB1581E3DD98BB6078108C447","MATCH"
"day11\03_ADC_routine_chns_DMA\Firmware\GD32F4xx_standard_peripheral\Include\gd32f4xx_timer.h","projects\06_ADC_DMA\adc-scan-dma\course\Firmware\GD32F4xx_standard_peripheral\Include\gd32f4xx_timer.h","59717","7A79F81F1D862A1B49F23BFE05B1AC751A71E761B6E63C2DFFABE6C7BC69AC49","7A79F81F1D862A1B49F23BFE05B1AC751A71E761B6E63C2DFFABE6C7BC69AC49","MATCH"
"day11\03_ADC_routine_chns_DMA\Firmware\GD32F4xx_standard_peripheral\Include\gd32f4xx_tli.h","projects\06_ADC_DMA\adc-scan-dma\course\Firmware\GD32F4xx_standard_peripheral\Include\gd32f4xx_tli.h","23557","1B94EA157AC8CE2FED962B0C4FF95B6702C6194300AA51B04C3AAFE493768D2A","1B94EA157AC8CE2FED962B0C4FF95B6702C6194300AA51B04C3AAFE493768D2A","MATCH"
"day11\03_ADC_routine_chns_DMA\Firmware\GD32F4xx_standard_peripheral\Include\gd32f4xx_trng.h","projects\06_ADC_DMA\adc-scan-dma\course\Firmware\GD32F4xx_standard_peripheral\Include\gd32f4xx_trng.h","4431","91E2BB5AFFEFA65F90927FAD795FAA0F4204516284ECA38E461506F0CD9CA924","91E2BB5AFFEFA65F90927FAD795FAA0F4204516284ECA38E461506F0CD9CA924","MATCH"
"day11\03_ADC_routine_chns_DMA\Firmware\GD32F4xx_standard_peripheral\Include\gd32f4xx_usart.h","projects\06_ADC_DMA\adc-scan-dma\course\Firmware\GD32F4xx_standard_peripheral\Include\gd32f4xx_usart.h","31652","6CF40E957A1216C99E3663D667DE1944C42272897011834BF20ADCD97E791074","6CF40E957A1216C99E3663D667DE1944C42272897011834BF20ADCD97E791074","MATCH"
"day11\03_ADC_routine_chns_DMA\Firmware\GD32F4xx_standard_peripheral\Include\gd32f4xx_wwdgt.h","projects\06_ADC_DMA\adc-scan-dma\course\Firmware\GD32F4xx_standard_peripheral\Include\gd32f4xx_wwdgt.h","4561","01EECFC98B4507AEB8F0AFBE7D994EA0A617A79E5D4EB2D1D4A85979BA014EFE","01EECFC98B4507AEB8F0AFBE7D994EA0A617A79E5D4EB2D1D4A85979BA014EFE","MATCH"
"day11\03_ADC_routine_chns_DMA\Firmware\GD32F4xx_standard_peripheral\Source\gd32f4xx_adc.c","projects\06_ADC_DMA\adc-scan-dma\course\Firmware\GD32F4xx_standard_peripheral\Source\gd32f4xx_adc.c","49331","8A5C91EC7A397B53EFD086646674D273ECE00F36C9610AB50715FE1521BA4112","8A5C91EC7A397B53EFD086646674D273ECE00F36C9610AB50715FE1521BA4112","MATCH"
"day11\03_ADC_routine_chns_DMA\Firmware\GD32F4xx_standard_peripheral\Source\gd32f4xx_can.c","projects\06_ADC_DMA\adc-scan-dma\course\Firmware\GD32F4xx_standard_peripheral\Source\gd32f4xx_can.c","40297","CE0E343B00856972EABACCC1F4D88C051796A8D1E30C4596312FC29A533DB8BA","CE0E343B00856972EABACCC1F4D88C051796A8D1E30C4596312FC29A533DB8BA","MATCH"
"day11\03_ADC_routine_chns_DMA\Firmware\GD32F4xx_standard_peripheral\Source\gd32f4xx_crc.c","projects\06_ADC_DMA\adc-scan-dma\course\Firmware\GD32F4xx_standard_peripheral\Source\gd32f4xx_crc.c","3904","C14034159E72E082AA70E2A8CBA60FFCF950B63D75AE467706632F32EC00F315","C14034159E72E082AA70E2A8CBA60FFCF950B63D75AE467706632F32EC00F315","MATCH"
"day11\03_ADC_routine_chns_DMA\Firmware\GD32F4xx_standard_peripheral\Source\gd32f4xx_ctc.c","projects\06_ADC_DMA\adc-scan-dma\course\Firmware\GD32F4xx_standard_peripheral\Source\gd32f4xx_ctc.c","12892","07F4A6385C6FFB2E18ECF95DAAE6A431FB91262FA988835A249A64F4002280A1","07F4A6385C6FFB2E18ECF95DAAE6A431FB91262FA988835A249A64F4002280A1","MATCH"
"day11\03_ADC_routine_chns_DMA\Firmware\GD32F4xx_standard_peripheral\Source\gd32f4xx_dac.c","projects\06_ADC_DMA\adc-scan-dma\course\Firmware\GD32F4xx_standard_peripheral\Source\gd32f4xx_dac.c","22641","ACE5C99F1E2774D955CA4E4D5D6E81B2D831F718098487EA3E8C2C34C960E160","ACE5C99F1E2774D955CA4E4D5D6E81B2D831F718098487EA3E8C2C34C960E160","MATCH"
"day11\03_ADC_routine_chns_DMA\Firmware\GD32F4xx_standard_peripheral\Source\gd32f4xx_dbg.c","projects\06_ADC_DMA\adc-scan-dma\course\Firmware\GD32F4xx_standard_peripheral\Source\gd32f4xx_dbg.c","7772","6EEC659FD6B5C549226BAE8E9C9C78785B064D557434189BB221287D550FE291","6EEC659FD6B5C549226BAE8E9C9C78785B064D557434189BB221287D550FE291","MATCH"
"day11\03_ADC_routine_chns_DMA\Firmware\GD32F4xx_standard_peripheral\Source\gd32f4xx_dci.c","projects\06_ADC_DMA\adc-scan-dma\course\Firmware\GD32F4xx_standard_peripheral\Source\gd32f4xx_dci.c","10290","B99613D9A21A02DD39117F30B9A488B859209AB3489DCFDE7361D147CDF76516","B99613D9A21A02DD39117F30B9A488B859209AB3489DCFDE7361D147CDF76516","MATCH"
"day11\03_ADC_routine_chns_DMA\Firmware\GD32F4xx_standard_peripheral\Source\gd32f4xx_dma.c","projects\06_ADC_DMA\adc-scan-dma\course\Firmware\GD32F4xx_standard_peripheral\Source\gd32f4xx_dma.c","36449","2D943A169ABABCC22CBC6C41665F5CE375C30B63005954E1D34BB3218CB63FAF","2D943A169ABABCC22CBC6C41665F5CE375C30B63005954E1D34BB3218CB63FAF","MATCH"
"day11\03_ADC_routine_chns_DMA\Firmware\GD32F4xx_standard_peripheral\Source\gd32f4xx_enet.c","projects\06_ADC_DMA\adc-scan-dma\course\Firmware\GD32F4xx_standard_peripheral\Source\gd32f4xx_enet.c","151999","3051E8737C463D23D07B9C9AD937BC7C488BB573738B2313982870DAA670E87E","3051E8737C463D23D07B9C9AD937BC7C488BB573738B2313982870DAA670E87E","MATCH"
"day11\03_ADC_routine_chns_DMA\Firmware\GD32F4xx_standard_peripheral\Source\gd32f4xx_exmc.c","projects\06_ADC_DMA\adc-scan-dma\course\Firmware\GD32F4xx_standard_peripheral\Source\gd32f4xx_exmc.c","57117","E4A79B377C89D9EB8BD5BE101E273AD5EFBA0C2A24FB4621AB7BC124BEEEAEBF","E4A79B377C89D9EB8BD5BE101E273AD5EFBA0C2A24FB4621AB7BC124BEEEAEBF","MATCH"
"day11\03_ADC_routine_chns_DMA\Firmware\GD32F4xx_standard_peripheral\Source\gd32f4xx_exti.c","projects\06_ADC_DMA\adc-scan-dma\course\Firmware\GD32F4xx_standard_peripheral\Source\gd32f4xx_exti.c","8423","FCE4A7ECA93486D71A9E5758642F2282AE7F8805DBB559312837A0B17577FE58","FCE4A7ECA93486D71A9E5758642F2282AE7F8805DBB559312837A0B17577FE58","MATCH"
"day11\03_ADC_routine_chns_DMA\Firmware\GD32F4xx_standard_peripheral\Source\gd32f4xx_fmc.c","projects\06_ADC_DMA\adc-scan-dma\course\Firmware\GD32F4xx_standard_peripheral\Source\gd32f4xx_fmc.c","34852","15408829D2405432FC8ED73D5D8C6BBB1E6C74540F1B817983BABD62E22CAB16","15408829D2405432FC8ED73D5D8C6BBB1E6C74540F1B817983BABD62E22CAB16","MATCH"
"day11\03_ADC_routine_chns_DMA\Firmware\GD32F4xx_standard_peripheral\Source\gd32f4xx_fwdgt.c","projects\06_ADC_DMA\adc-scan-dma\course\Firmware\GD32F4xx_standard_peripheral\Source\gd32f4xx_fwdgt.c","7007","05B67D15069CED6F0472E4115ECD16064402E0D6220561499000025A8CD189B7","05B67D15069CED6F0472E4115ECD16064402E0D6220561499000025A8CD189B7","MATCH"
"day11\03_ADC_routine_chns_DMA\Firmware\GD32F4xx_standard_peripheral\Source\gd32f4xx_gpio.c","projects\06_ADC_DMA\adc-scan-dma\course\Firmware\GD32F4xx_standard_peripheral\Source\gd32f4xx_gpio.c","15061","262BEFE864D5DA3BADA64D0B3DAB29E5C2747E46B154EDE8BCAB0B788DB614E0","262BEFE864D5DA3BADA64D0B3DAB29E5C2747E46B154EDE8BCAB0B788DB614E0","MATCH"
"day11\03_ADC_routine_chns_DMA\Firmware\GD32F4xx_standard_peripheral\Source\gd32f4xx_i2c.c","projects\06_ADC_DMA\adc-scan-dma\course\Firmware\GD32F4xx_standard_peripheral\Source\gd32f4xx_i2c.c","30805","8EDFAF1A8F0BF2833923D0072FE1B9D0467382B3EC1D243E918D0DE9711CCCD2","8EDFAF1A8F0BF2833923D0072FE1B9D0467382B3EC1D243E918D0DE9711CCCD2","MATCH"
"day11\03_ADC_routine_chns_DMA\Firmware\GD32F4xx_standard_peripheral\Source\gd32f4xx_ipa.c","projects\06_ADC_DMA\adc-scan-dma\course\Firmware\GD32F4xx_standard_peripheral\Source\gd32f4xx_ipa.c","26662","38A8350304763C1C83B4D2341F6782B090CA09ABE541AC360089B5CB454BCF57","38A8350304763C1C83B4D2341F6782B090CA09ABE541AC360089B5CB454BCF57","MATCH"
"day11\03_ADC_routine_chns_DMA\Firmware\GD32F4xx_standard_peripheral\Source\gd32f4xx_iref.c","projects\06_ADC_DMA\adc-scan-dma\course\Firmware\GD32F4xx_standard_peripheral\Source\gd32f4xx_iref.c","3544","24F2FCFCD20882FD3E65773A281A827BF5391A0A8054324EEF7C98BB3F2B9B80","24F2FCFCD20882FD3E65773A281A827BF5391A0A8054324EEF7C98BB3F2B9B80","MATCH"
"day11\03_ADC_routine_chns_DMA\Firmware\GD32F4xx_standard_peripheral\Source\gd32f4xx_misc.c","projects\06_ADC_DMA\adc-scan-dma\course\Firmware\GD32F4xx_standard_peripheral\Source\gd32f4xx_misc.c","7136","1CD262F295155428C25DEDC69BFBAB99F7A99DE09E0B602ECA1F2C6017CFE2DA","1CD262F295155428C25DEDC69BFBAB99F7A99DE09E0B602ECA1F2C6017CFE2DA","MATCH"
"day11\03_ADC_routine_chns_DMA\Firmware\GD32F4xx_standard_peripheral\Source\gd32f4xx_pmu.c","projects\06_ADC_DMA\adc-scan-dma\course\Firmware\GD32F4xx_standard_peripheral\Source\gd32f4xx_pmu.c","11909","DAFA94838A55132E3313234C5AC2BE6172116DC26574347363D554EFFB186D79","DAFA94838A55132E3313234C5AC2BE6172116DC26574347363D554EFFB186D79","MATCH"
"day11\03_ADC_routine_chns_DMA\Firmware\GD32F4xx_standard_peripheral\Source\gd32f4xx_rcu.c","projects\06_ADC_DMA\adc-scan-dma\course\Firmware\GD32F4xx_standard_peripheral\Source\gd32f4xx_rcu.c","50047","6C1030EB58EC7CB9C41E2A1FF31DDEF87F70DD083222327978234004C4E95B98","6C1030EB58EC7CB9C41E2A1FF31DDEF87F70DD083222327978234004C4E95B98","MATCH"
"day11\03_ADC_routine_chns_DMA\Firmware\GD32F4xx_standard_peripheral\Source\gd32f4xx_rtc.c","projects\06_ADC_DMA\adc-scan-dma\course\Firmware\GD32F4xx_standard_peripheral\Source\gd32f4xx_rtc.c","46946","EEA5BCB92C88A7BAB9F3740F8E9408236412A546B03A5467F21B0F94A01183E7","EEA5BCB92C88A7BAB9F3740F8E9408236412A546B03A5467F21B0F94A01183E7","MATCH"
"day11\03_ADC_routine_chns_DMA\Firmware\GD32F4xx_standard_peripheral\Source\gd32f4xx_sdio.c","projects\06_ADC_DMA\adc-scan-dma\course\Firmware\GD32F4xx_standard_peripheral\Source\gd32f4xx_sdio.c","28412","9D8F3E488C74C44A30C4D0BBB9CD8D86555D898CA9C36F259CE57609959B9854","9D8F3E488C74C44A30C4D0BBB9CD8D86555D898CA9C36F259CE57609959B9854","MATCH"
"day11\03_ADC_routine_chns_DMA\Firmware\GD32F4xx_standard_peripheral\Source\gd32f4xx_spi.c","projects\06_ADC_DMA\adc-scan-dma\course\Firmware\GD32F4xx_standard_peripheral\Source\gd32f4xx_spi.c","30670","CE06438E9AD5882A0FCA88DFE658DD925ED3320BA574C2797E2F93ACF6142459","CE06438E9AD5882A0FCA88DFE658DD925ED3320BA574C2797E2F93ACF6142459","MATCH"
"day11\03_ADC_routine_chns_DMA\Firmware\GD32F4xx_standard_peripheral\Source\gd32f4xx_syscfg.c","projects\06_ADC_DMA\adc-scan-dma\course\Firmware\GD32F4xx_standard_peripheral\Source\gd32f4xx_syscfg.c","7949","51A7A5E70F3064424CC6E2F6A06942B47ADAAC8C36A6612EE08B1643557B3CA3","51A7A5E70F3064424CC6E2F6A06942B47ADAAC8C36A6612EE08B1643557B3CA3","MATCH"
"day11\03_ADC_routine_chns_DMA\Firmware\GD32F4xx_standard_peripheral\Source\gd32f4xx_timer.c","projects\06_ADC_DMA\adc-scan-dma\course\Firmware\GD32F4xx_standard_peripheral\Source\gd32f4xx_timer.c","89361","3961465CF6BA39554E34C02183C50676A4AB9B3991A6AAD32D271754B2506B14","3961465CF6BA39554E34C02183C50676A4AB9B3991A6AAD32D271754B2506B14","MATCH"
"day11\03_ADC_routine_chns_DMA\Firmware\GD32F4xx_standard_peripheral\Source\gd32f4xx_tli.c","projects\06_ADC_DMA\adc-scan-dma\course\Firmware\GD32F4xx_standard_peripheral\Source\gd32f4xx_tli.c","24645","881A02E692AFD4A0B6848A929B0B8C79148911AD7543CF611287C45E82372541","881A02E692AFD4A0B6848A929B0B8C79148911AD7543CF611287C45E82372541","MATCH"
"day11\03_ADC_routine_chns_DMA\Firmware\GD32F4xx_standard_peripheral\Source\gd32f4xx_trng.c","projects\06_ADC_DMA\adc-scan-dma\course\Firmware\GD32F4xx_standard_peripheral\Source\gd32f4xx_trng.c","4471","BA9093D046A01C997AA54D2DE9F663E8AF32FB9E53C950CFC640F1033FCD6C53","BA9093D046A01C997AA54D2DE9F663E8AF32FB9E53C950CFC640F1033FCD6C53","MATCH"
"day11\03_ADC_routine_chns_DMA\Firmware\GD32F4xx_standard_peripheral\Source\gd32f4xx_usart.c","projects\06_ADC_DMA\adc-scan-dma\course\Firmware\GD32F4xx_standard_peripheral\Source\gd32f4xx_usart.c","34715","F67FA54D9C9537317BE92D95FD880A394D9ABE98DF708E5AA821FBFA392AE9B0","F67FA54D9C9537317BE92D95FD880A394D9ABE98DF708E5AA821FBFA392AE9B0","MATCH"
"day11\03_ADC_routine_chns_DMA\Firmware\GD32F4xx_standard_peripheral\Source\gd32f4xx_wwdgt.c","projects\06_ADC_DMA\adc-scan-dma\course\Firmware\GD32F4xx_standard_peripheral\Source\gd32f4xx_wwdgt.c","4154","0ED39DE6F0101E10DDCB476E6EF21C44D2282D4F689D0D0D70F9E04940E6F0FE","0ED39DE6F0101E10DDCB476E6EF21C44D2282D4F689D0D0D70F9E04940E6F0FE","MATCH"
"day11\03_ADC_routine_chns_DMA\Hardware\bsp_buzzer.c","projects\06_ADC_DMA\adc-scan-dma\course\Hardware\bsp_buzzer.c","3700","DB132610BB9FD25BB3606FEE7C189AD01FB3F68FEF38D105A74C0609C66B5CEE","DB132610BB9FD25BB3606FEE7C189AD01FB3F68FEF38D105A74C0609C66B5CEE","MATCH"
"day11\03_ADC_routine_chns_DMA\Hardware\bsp_buzzer.h","projects\06_ADC_DMA\adc-scan-dma\course\Hardware\bsp_buzzer.h","291","A849E5A19D17A5DED0E7438846AFA0D5E3636544ABFC356B361024CA882EC6C5","A849E5A19D17A5DED0E7438846AFA0D5E3636544ABFC356B361024CA882EC6C5","MATCH"
"day11\03_ADC_routine_chns_DMA\Hardware\bsp_buzzer2.c","projects\06_ADC_DMA\adc-scan-dma\course\Hardware\bsp_buzzer2.c","1429","D4F400CA00C8ACE082181E1D587A2B1CE7CC29C870BCA80C8A920BF78710B2C1","D4F400CA00C8ACE082181E1D587A2B1CE7CC29C870BCA80C8A920BF78710B2C1","MATCH"
"day11\03_ADC_routine_chns_DMA\Hardware\bsp_buzzer2.h","projects\06_ADC_DMA\adc-scan-dma\course\Hardware\bsp_buzzer2.h","291","A849E5A19D17A5DED0E7438846AFA0D5E3636544ABFC356B361024CA882EC6C5","A849E5A19D17A5DED0E7438846AFA0D5E3636544ABFC356B361024CA882EC6C5","MATCH"
"day11\03_ADC_routine_chns_DMA\Library\EXTI_config.h","projects\06_ADC_DMA\adc-scan-dma\course\Library\EXTI_config.h","1634","0FD94A8DF148AC6618D5CAA1F2788003CE63E2B27E13A31000428E29D095542B","0FD94A8DF148AC6618D5CAA1F2788003CE63E2B27E13A31000428E29D095542B","MATCH"
"day11\03_ADC_routine_chns_DMA\Library\EXTI.c","projects\06_ADC_DMA\adc-scan-dma\course\Library\EXTI.c","3132","528D0B3C2AC1F1661095497895FDB15FF878723CF351D28F3D3EE13F79DF8AE2","528D0B3C2AC1F1661095497895FDB15FF878723CF351D28F3D3EE13F79DF8AE2","MATCH"
"day11\03_ADC_routine_chns_DMA\Library\EXTI.h","projects\06_ADC_DMA\adc-scan-dma\course\Library\EXTI.h","246","63711925072BE76CE24B295341905A97BDD73234E1EFB33A28A0CEC82E3CD6C2","63711925072BE76CE24B295341905A97BDD73234E1EFB33A28A0CEC82E3CD6C2","MATCH"
"day11\03_ADC_routine_chns_DMA\Library\I2C0.c","projects\06_ADC_DMA\adc-scan-dma\course\Library\I2C0.c","11837","1902450E399F26AB11BABACB640C9C56389B2188FF852E3E6A58D60E16AF528E","1902450E399F26AB11BABACB640C9C56389B2188FF852E3E6A58D60E16AF528E","MATCH"
"day11\03_ADC_routine_chns_DMA\Library\I2C0.h","projects\06_ADC_DMA\adc-scan-dma\course\Library\I2C0.h","1258","E30F8BA27DF76E3682B8D0325EB2B9DAAF13A20CFF0E1FC59A4625625996AF42","E30F8BA27DF76E3682B8D0325EB2B9DAAF13A20CFF0E1FC59A4625625996AF42","MATCH"
"day11\03_ADC_routine_chns_DMA\Library\TIMER_config.h","projects\06_ADC_DMA\adc-scan-dma\course\Library\TIMER_config.h","1813","BD74AB72F9068615F9AB44169B11F6EF25CD9BC3D4CD0E27A95BE4AE24608766","BD74AB72F9068615F9AB44169B11F6EF25CD9BC3D4CD0E27A95BE4AE24608766","MATCH"
"day11\03_ADC_routine_chns_DMA\Library\TIMER.c","projects\06_ADC_DMA\adc-scan-dma\course\Library\TIMER.c","5924","68A9D9BBDB446C51E0C577B7E7969E8F3513AF7E4736C10BC6D579FBF5661435","68A9D9BBDB446C51E0C577B7E7969E8F3513AF7E4736C10BC6D579FBF5661435","MATCH"
"day11\03_ADC_routine_chns_DMA\Library\TIMER.h","projects\06_ADC_DMA\adc-scan-dma\course\Library\TIMER.h","759","51A72D9863C245195AD3CD40ADDB0D573930D5AB540B30D3D971AD2AF6B2E80E","51A72D9863C245195AD3CD40ADDB0D573930D5AB540B30D3D971AD2AF6B2E80E","MATCH"
"day11\03_ADC_routine_chns_DMA\Library\USART_config.h","projects\06_ADC_DMA\adc-scan-dma\course\Library\USART_config.h","1220","73E72408B41955E419784B2A24B0FBD8AD81A334AA38EB9DB60A7DDAE97AD633","73E72408B41955E419784B2A24B0FBD8AD81A334AA38EB9DB60A7DDAE97AD633","MATCH"
"day11\03_ADC_routine_chns_DMA\Library\USART0.c","projects\06_ADC_DMA\adc-scan-dma\course\Library\USART0.c","10194","325E153A7388566303CC9DA901A87ED2A3D158D0238FA4A36A20EB17B1067606","325E153A7388566303CC9DA901A87ED2A3D158D0238FA4A36A20EB17B1067606","MATCH"
"day11\03_ADC_routine_chns_DMA\Library\USART0.h","projects\06_ADC_DMA\adc-scan-dma\course\Library\USART0.h","658","6016FD90E22446BB90BE0996EA5EE6493AB9CDF6E7F71024ED583F05C4860399","6016FD90E22446BB90BE0996EA5EE6493AB9CDF6E7F71024ED583F05C4860399","MATCH"
"day11\03_ADC_routine_chns_DMA\Project\GD32F407.uvprojx","projects\06_ADC_DMA\adc-scan-dma\course\Project\GD32F407.uvprojx","18988","3F81B440A91F7495763BCCCF38E3A05F1E9099C83C2CE1E75AD43B6E0EFF48EB","3F81B440A91F7495763BCCCF38E3A05F1E9099C83C2CE1E75AD43B6E0EFF48EB","MATCH"
"day11\03_ADC_routine_chns_DMA\User\gd32f4xx_it.c","projects\06_ADC_DMA\adc-scan-dma\course\User\gd32f4xx_it.c","3980","5BE8E65B392A41354E513056974D1869598AF02739A7CE6419E611D6AA3979C6","5BE8E65B392A41354E513056974D1869598AF02739A7CE6419E611D6AA3979C6","MATCH"
"day11\03_ADC_routine_chns_DMA\User\gd32f4xx_it.h","projects\06_ADC_DMA\adc-scan-dma\course\User\gd32f4xx_it.h","2524","B4995762AE5CEB7125CC9720CEA7E2BAD8640C23B87ED1856D9B8A380A5FC8C3","B4995762AE5CEB7125CC9720CEA7E2BAD8640C23B87ED1856D9B8A380A5FC8C3","MATCH"
"day11\03_ADC_routine_chns_DMA\User\gd32f4xx_libopt.h","projects\06_ADC_DMA\adc-scan-dma\course\User\gd32f4xx_libopt.h","2917","702C6D85987BCDDDD363A8412C5806255F6C746065DA984EB21896C5DDD6BF09","702C6D85987BCDDDD363A8412C5806255F6C746065DA984EB21896C5DDD6BF09","MATCH"
"day11\03_ADC_routine_chns_DMA\User\main.c","projects\06_ADC_DMA\adc-scan-dma\course\User\main.c","5514","602EBA48EF75E058AD96815BEE044AAB1B834135CFEF2A011CFBF50A2FB7A5D0","602EBA48EF75E058AD96815BEE044AAB1B834135CFEF2A011CFBF50A2FB7A5D0","MATCH"
"day11\03_ADC_routine_chns_DMA\User\main.h","projects\06_ADC_DMA\adc-scan-dma\course\User\main.h","1814","32C273B119ABF22DA51E2782C09853A1545B1DF1364A13EFFA2B465379E1A53C","32C273B119ABF22DA51E2782C09853A1545B1DF1364A13EFFA2B465379E1A53C","MATCH"
"day11\03_ADC_routine_chns_DMA\User\readme.txt","projects\06_ADC_DMA\adc-scan-dma\course\User\readme.txt","1862","A45BD1E14D470B46BE2D57C9D35147E41204556CC4BB4E25EA3C7B6B424A0B7C","A45BD1E14D470B46BE2D57C9D35147E41204556CC4BB4E25EA3C7B6B424A0B7C","MATCH"
"day11\03_ADC_routine_chns_DMA\User\systick.c","projects\06_ADC_DMA\adc-scan-dma\course\User\systick.c","2835","3BFDC9D654AEE46AFAE59529984C667193CD9098D01115CFB80DB9AC96D37E14","3BFDC9D654AEE46AFAE59529984C667193CD9098D01115CFB80DB9AC96D37E14","MATCH"
"day11\03_ADC_routine_chns_DMA\User\systick.h","projects\06_ADC_DMA\adc-scan-dma\course\User\systick.h","2034","E74F1981340E6162CCE52F39F73009B1570EFB7F024410652F494E77997DA025","E74F1981340E6162CCE52F39F73009B1570EFB7F024410652F494E77997DA025","MATCH"
"day08\05_WatchDog_FWDGT\Firmware\CMSIS\core_cm4_simd.h","projects\07_FLASH_RTC_POWER\independent-watchdog\course\Firmware\CMSIS\core_cm4_simd.h","22959","0C2A0C2D66C7791B82CA19D10336C96518830EF359F6BFD9DA7477BC2CBCCBBB","0C2A0C2D66C7791B82CA19D10336C96518830EF359F6BFD9DA7477BC2CBCCBBB","MATCH"
"day08\05_WatchDog_FWDGT\Firmware\CMSIS\core_cm4.h","projects\07_FLASH_RTC_POWER\independent-watchdog\course\Firmware\CMSIS\core_cm4.h","109878","4756546E1449D17B1A7DEE2F3307F2C92C9F1D669C3F5DFC3EE1DEC8AEE9A8F7","4756546E1449D17B1A7DEE2F3307F2C92C9F1D669C3F5DFC3EE1DEC8AEE9A8F7","MATCH"
"day08\05_WatchDog_FWDGT\Firmware\CMSIS\core_cmFunc.h","projects\07_FLASH_RTC_POWER\independent-watchdog\course\Firmware\CMSIS\core_cmFunc.h","15828","5075FF67C8E264B83D9B391C07C6512E26ABBC189E321DE0D8B4375476980E5E","5075FF67C8E264B83D9B391C07C6512E26ABBC189E321DE0D8B4375476980E5E","MATCH"
"day08\05_WatchDog_FWDGT\Firmware\CMSIS\core_cmInstr.h","projects\07_FLASH_RTC_POWER\independent-watchdog\course\Firmware\CMSIS\core_cmInstr.h","17205","C35DDCA16CA04646DC70ACF2D592AD9EAEAAECD8125A32ABB710069648266EB5","C35DDCA16CA04646DC70ACF2D592AD9EAEAAECD8125A32ABB710069648266EB5","MATCH"
"day08\05_WatchDog_FWDGT\Firmware\CMSIS\GD\GD32F4xx\Include\gd32f4xx.h","projects\07_FLASH_RTC_POWER\independent-watchdog\course\Firmware\CMSIS\GD\GD32F4xx\Include\gd32f4xx.h","28854","96F1F6884C9885D32DF760A385CA0B5E8E9B20C066F71B946771A00503623A62","96F1F6884C9885D32DF760A385CA0B5E8E9B20C066F71B946771A00503623A62","MATCH"
"day08\05_WatchDog_FWDGT\Firmware\CMSIS\GD\GD32F4xx\Include\system_gd32f4xx.h","projects\07_FLASH_RTC_POWER\independent-watchdog\course\Firmware\CMSIS\GD\GD32F4xx\Include\system_gd32f4xx.h","2484","98EF2DD6DD7F6D2542C4D5CA83E9869BE3630B43300CB9AB453703E4277913BD","98EF2DD6DD7F6D2542C4D5CA83E9869BE3630B43300CB9AB453703E4277913BD","MATCH"
"day08\05_WatchDog_FWDGT\Firmware\CMSIS\GD\GD32F4xx\Source\ARM\startup_gd32f405_425.s","projects\07_FLASH_RTC_POWER\independent-watchdog\course\Firmware\CMSIS\GD\GD32F4xx\Source\ARM\startup_gd32f405_425.s","21757","AEF6290F6950C0B7FB922FD12B91B3FC34ADA707A6846AA5D7A1277FDD50FBD9","AEF6290F6950C0B7FB922FD12B91B3FC34ADA707A6846AA5D7A1277FDD50FBD9","MATCH"
"day08\05_WatchDog_FWDGT\Firmware\CMSIS\GD\GD32F4xx\Source\ARM\startup_gd32f407_427.s","projects\07_FLASH_RTC_POWER\independent-watchdog\course\Firmware\CMSIS\GD\GD32F4xx\Source\ARM\startup_gd32f407_427.s","22101","65127CC1FFC7BB0C6E3AB3E1EF32C8F935D09EF4A83AC4914E089D40C39B8B5B","65127CC1FFC7BB0C6E3AB3E1EF32C8F935D09EF4A83AC4914E089D40C39B8B5B","MATCH"
"day08\05_WatchDog_FWDGT\Firmware\CMSIS\GD\GD32F4xx\Source\ARM\startup_gd32f450_470.s","projects\07_FLASH_RTC_POWER\independent-watchdog\course\Firmware\CMSIS\GD\GD32F4xx\Source\ARM\startup_gd32f450_470.s","23659","A4E9852BA47AAD025DE9645D067FAB33DDA87B8E82DEA6D77B3364F902345299","A4E9852BA47AAD025DE9645D067FAB33DDA87B8E82DEA6D77B3364F902345299","MATCH"
"day08\05_WatchDog_FWDGT\Firmware\CMSIS\GD\GD32F4xx\Source\IAR\startup_gd32f405_425.s","projects\07_FLASH_RTC_POWER\independent-watchdog\course\Firmware\CMSIS\GD\GD32F4xx\Source\IAR\startup_gd32f405_425.s","25159","70E76C6AD0182A5682773261E308008BC1102C09839605A0E058851173026836","70E76C6AD0182A5682773261E308008BC1102C09839605A0E058851173026836","MATCH"
"day08\05_WatchDog_FWDGT\Firmware\CMSIS\GD\GD32F4xx\Source\IAR\startup_gd32f407_427.s","projects\07_FLASH_RTC_POWER\independent-watchdog\course\Firmware\CMSIS\GD\GD32F4xx\Source\IAR\startup_gd32f407_427.s","25736","550D6CA54DE7F8FCB2791AAF9141666BA15978C55017FA6798BF0CA80A2864C6","550D6CA54DE7F8FCB2791AAF9141666BA15978C55017FA6798BF0CA80A2864C6","MATCH"
"day08\05_WatchDog_FWDGT\Firmware\CMSIS\GD\GD32F4xx\Source\IAR\startup_gd32f450_470.s","projects\07_FLASH_RTC_POWER\independent-watchdog\course\Firmware\CMSIS\GD\GD32F4xx\Source\IAR\startup_gd32f450_470.s","27837","EE6654F1D551C6937D014FE943342B0395A32076E5AC8DD688C600EACB9BD343","EE6654F1D551C6937D014FE943342B0395A32076E5AC8DD688C600EACB9BD343","MATCH"
"day08\05_WatchDog_FWDGT\Firmware\CMSIS\GD\GD32F4xx\Source\system_gd32f4xx.c","projects\07_FLASH_RTC_POWER\independent-watchdog\course\Firmware\CMSIS\GD\GD32F4xx\Source\system_gd32f4xx.c","36416","8F66A123756716CF74297A7B54EEC616F230CBBC37DFB60F21BF05D1BC070836","8F66A123756716CF74297A7B54EEC616F230CBBC37DFB60F21BF05D1BC070836","MATCH"
"day08\05_WatchDog_FWDGT\Firmware\GD32F4xx_standard_peripheral\Include\gd32f4xx_adc.h","projects\07_FLASH_RTC_POWER\independent-watchdog\course\Firmware\GD32F4xx_standard_peripheral\Include\gd32f4xx_adc.h","41521","D6B41E007F1EE95E5FA1B495F94924F7E6166439FBF3E9234A26B5FA6C32F1DE","D6B41E007F1EE95E5FA1B495F94924F7E6166439FBF3E9234A26B5FA6C32F1DE","MATCH"
"day08\05_WatchDog_FWDGT\Firmware\GD32F4xx_standard_peripheral\Include\gd32f4xx_can.h","projects\07_FLASH_RTC_POWER\independent-watchdog\course\Firmware\GD32F4xx_standard_peripheral\Include\gd32f4xx_can.h","54440","62A96066D7B8A1CEF45AB4092FCE5058B962050EB1C9E4B3585F0E19B9F30578","62A96066D7B8A1CEF45AB4092FCE5058B962050EB1C9E4B3585F0E19B9F30578","MATCH"
"day08\05_WatchDog_FWDGT\Firmware\GD32F4xx_standard_peripheral\Include\gd32f4xx_crc.h","projects\07_FLASH_RTC_POWER\independent-watchdog\course\Firmware\GD32F4xx_standard_peripheral\Include\gd32f4xx_crc.h","3380","4870F145AEEC968F3A7A0A5068105591E1ADEB9A37A5E47FDCC9D27D7D3AFBD6","4870F145AEEC968F3A7A0A5068105591E1ADEB9A37A5E47FDCC9D27D7D3AFBD6","MATCH"
"day08\05_WatchDog_FWDGT\Firmware\GD32F4xx_standard_peripheral\Include\gd32f4xx_ctc.h","projects\07_FLASH_RTC_POWER\independent-watchdog\course\Firmware\GD32F4xx_standard_peripheral\Include\gd32f4xx_ctc.h","11513","900AB7D5F9C585834166A58966C8D523FF91D410066D00BBED3E6522C25782D7","900AB7D5F9C585834166A58966C8D523FF91D410066D00BBED3E6522C25782D7","MATCH"
"day08\05_WatchDog_FWDGT\Firmware\GD32F4xx_standard_peripheral\Include\gd32f4xx_dac.h","projects\07_FLASH_RTC_POWER\independent-watchdog\course\Firmware\GD32F4xx_standard_peripheral\Include\gd32f4xx_dac.h","18761","86057CC0C52A32F955A12F47ABA1E4997AC2DABA13B10A686D8777579F638AFB","86057CC0C52A32F955A12F47ABA1E4997AC2DABA13B10A686D8777579F638AFB","MATCH"
"day08\05_WatchDog_FWDGT\Firmware\GD32F4xx_standard_peripheral\Include\gd32f4xx_dbg.h","projects\07_FLASH_RTC_POWER\independent-watchdog\course\Firmware\GD32F4xx_standard_peripheral\Include\gd32f4xx_dbg.h","9890","21A089B5880F1D101116BD37EAAC7A085A103901A40900E75941130D901B150E","21A089B5880F1D101116BD37EAAC7A085A103901A40900E75941130D901B150E","MATCH"
"day08\05_WatchDog_FWDGT\Firmware\GD32F4xx_standard_peripheral\Include\gd32f4xx_dci.h","projects\07_FLASH_RTC_POWER\independent-watchdog\course\Firmware\GD32F4xx_standard_peripheral\Include\gd32f4xx_dci.h","13665","787F449F0B2EBA5BBCC92B0D50899FA668CEA6ED9CCAB3960EBA0B2253CC7748","787F449F0B2EBA5BBCC92B0D50899FA668CEA6ED9CCAB3960EBA0B2253CC7748","MATCH"
"day08\05_WatchDog_FWDGT\Firmware\GD32F4xx_standard_peripheral\Include\gd32f4xx_dma.h","projects\07_FLASH_RTC_POWER\independent-watchdog\course\Firmware\GD32F4xx_standard_peripheral\Include\gd32f4xx_dma.h","32675","F358957EBF98C4C449480A088E349CDAC2716394C24FA4111DE08B06FCDC5094","F358957EBF98C4C449480A088E349CDAC2716394C24FA4111DE08B06FCDC5094","MATCH"
"day08\05_WatchDog_FWDGT\Firmware\GD32F4xx_standard_peripheral\Include\gd32f4xx_enet.h","projects\07_FLASH_RTC_POWER\independent-watchdog\course\Firmware\GD32F4xx_standard_peripheral\Include\gd32f4xx_enet.h","144084","2BDBC2BE9B0E3BA398DEEAB38021442A2CFEEDFF21FC353CF3B16C717A2CDF9B","2BDBC2BE9B0E3BA398DEEAB38021442A2CFEEDFF21FC353CF3B16C717A2CDF9B","MATCH"
"day08\05_WatchDog_FWDGT\Firmware\GD32F4xx_standard_peripheral\Include\gd32f4xx_exmc.h","projects\07_FLASH_RTC_POWER\independent-watchdog\course\Firmware\GD32F4xx_standard_peripheral\Include\gd32f4xx_exmc.h","64299","68482B678DD868085A6BE6317EEC18873D43F895936E503487E843E561A0D55E","68482B678DD868085A6BE6317EEC18873D43F895936E503487E843E561A0D55E","MATCH"
"day08\05_WatchDog_FWDGT\Firmware\GD32F4xx_standard_peripheral\Include\gd32f4xx_exti.h","projects\07_FLASH_RTC_POWER\independent-watchdog\course\Firmware\GD32F4xx_standard_peripheral\Include\gd32f4xx_exti.h","20470","705948F029F63A5995D9849A60E417D6210ECE34C8E942C76A2D4E7A2B927426","705948F029F63A5995D9849A60E417D6210ECE34C8E942C76A2D4E7A2B927426","MATCH"
"day08\05_WatchDog_FWDGT\Firmware\GD32F4xx_standard_peripheral\Include\gd32f4xx_fmc.h","projects\07_FLASH_RTC_POWER\independent-watchdog\course\Firmware\GD32F4xx_standard_peripheral\Include\gd32f4xx_fmc.h","28322","5A5D9F0B1CE1E7486206130F80048F81A6D3E9E6337BF0A4C69D4A1D5EDC9F7E","5A5D9F0B1CE1E7486206130F80048F81A6D3E9E6337BF0A4C69D4A1D5EDC9F7E","MATCH"
"day08\05_WatchDog_FWDGT\Firmware\GD32F4xx_standard_peripheral\Include\gd32f4xx_fwdgt.h","projects\07_FLASH_RTC_POWER\independent-watchdog\course\Firmware\GD32F4xx_standard_peripheral\Include\gd32f4xx_fwdgt.h","5876","04CB4EE0D6526910CF9CA8BEFC437FC6DF3FDFE09FB0BC418AB7EA5C19611A50","04CB4EE0D6526910CF9CA8BEFC437FC6DF3FDFE09FB0BC418AB7EA5C19611A50","MATCH"
"day08\05_WatchDog_FWDGT\Firmware\GD32F4xx_standard_peripheral\Include\gd32f4xx_gpio.h","projects\07_FLASH_RTC_POWER\independent-watchdog\course\Firmware\GD32F4xx_standard_peripheral\Include\gd32f4xx_gpio.h","29164","A20501A28644BF45B8E3C4AB2A7237466805C1480B06E7D6C8585296D7F08787","A20501A28644BF45B8E3C4AB2A7237466805C1480B06E7D6C8585296D7F08787","MATCH"
"day08\05_WatchDog_FWDGT\Firmware\GD32F4xx_standard_peripheral\Include\gd32f4xx_i2c.h","projects\07_FLASH_RTC_POWER\independent-watchdog\course\Firmware\GD32F4xx_standard_peripheral\Include\gd32f4xx_i2c.h","29826","6CF4053E2452263CDFCB98DA0832CE1F2F1B0380C1BEA5D4284C1DF0D5CBBB05","6CF4053E2452263CDFCB98DA0832CE1F2F1B0380C1BEA5D4284C1DF0D5CBBB05","MATCH"
"day08\05_WatchDog_FWDGT\Firmware\GD32F4xx_standard_peripheral\Include\gd32f4xx_ipa.h","projects\07_FLASH_RTC_POWER\independent-watchdog\course\Firmware\GD32F4xx_standard_peripheral\Include\gd32f4xx_ipa.h","25918","1AD22068402E09BAE4117E637ED972FCD7452751CCBE01C7829AEA7DF45AE8AE","1AD22068402E09BAE4117E637ED972FCD7452751CCBE01C7829AEA7DF45AE8AE","MATCH"
"day08\05_WatchDog_FWDGT\Firmware\GD32F4xx_standard_peripheral\Include\gd32f4xx_iref.h","projects\07_FLASH_RTC_POWER\independent-watchdog\course\Firmware\GD32F4xx_standard_peripheral\Include\gd32f4xx_iref.h","13448","D9D1E67FD4473F44B2F7E22BB78C3DFA9B5109D083AF1B0FDC63EC657B241C4A","D9D1E67FD4473F44B2F7E22BB78C3DFA9B5109D083AF1B0FDC63EC657B241C4A","MATCH"
"day08\05_WatchDog_FWDGT\Firmware\GD32F4xx_standard_peripheral\Include\gd32f4xx_misc.h","projects\07_FLASH_RTC_POWER\independent-watchdog\course\Firmware\GD32F4xx_standard_peripheral\Include\gd32f4xx_misc.h","4691","0A918F830F0200C0E806DFB50594259783E69D8ADBC27708705567F7193D35FB","0A918F830F0200C0E806DFB50594259783E69D8ADBC27708705567F7193D35FB","MATCH"
"day08\05_WatchDog_FWDGT\Firmware\GD32F4xx_standard_peripheral\Include\gd32f4xx_pmu.h","projects\07_FLASH_RTC_POWER\independent-watchdog\course\Firmware\GD32F4xx_standard_peripheral\Include\gd32f4xx_pmu.h","11878","B9A72B6E42083EFD170C0C5FBE579C5D6417F9BBF674DB36041BE96FCBD84636","B9A72B6E42083EFD170C0C5FBE579C5D6417F9BBF674DB36041BE96FCBD84636","MATCH"
"day08\05_WatchDog_FWDGT\Firmware\GD32F4xx_standard_peripheral\Include\gd32f4xx_rcu.h","projects\07_FLASH_RTC_POWER\independent-watchdog\course\Firmware\GD32F4xx_standard_peripheral\Include\gd32f4xx_rcu.h","95768","AC2B2AE653EDC89E674EDA24E1CFE8B511B73984AE0CABED3DF60BA61F8EEF08","AC2B2AE653EDC89E674EDA24E1CFE8B511B73984AE0CABED3DF60BA61F8EEF08","MATCH"
"day08\05_WatchDog_FWDGT\Firmware\GD32F4xx_standard_peripheral\Include\gd32f4xx_rtc.h","projects\07_FLASH_RTC_POWER\independent-watchdog\course\Firmware\GD32F4xx_standard_peripheral\Include\gd32f4xx_rtc.h","52407","1798B1B495683096D4491CF0F854957D2AD60612F65A801ED0E7A4BEE49FA549","1798B1B495683096D4491CF0F854957D2AD60612F65A801ED0E7A4BEE49FA549","MATCH"
"day08\05_WatchDog_FWDGT\Firmware\GD32F4xx_standard_peripheral\Include\gd32f4xx_sdio.h","projects\07_FLASH_RTC_POWER\independent-watchdog\course\Firmware\GD32F4xx_standard_peripheral\Include\gd32f4xx_sdio.h","30655","8D6813EFC565E3085611D767EA4E670E0C76A256C6F17FC93F313BCB11D0385A","8D6813EFC565E3085611D767EA4E670E0C76A256C6F17FC93F313BCB11D0385A","MATCH"
"day08\05_WatchDog_FWDGT\Firmware\GD32F4xx_standard_peripheral\Include\gd32f4xx_spi.h","projects\07_FLASH_RTC_POWER\independent-watchdog\course\Firmware\GD32F4xx_standard_peripheral\Include\gd32f4xx_spi.h","25831","4C6360C8FE58D4A38E4870BCBA17630857551D3EC7B4BD3DDEB5085C31240B1C","4C6360C8FE58D4A38E4870BCBA17630857551D3EC7B4BD3DDEB5085C31240B1C","MATCH"
"day08\05_WatchDog_FWDGT\Firmware\GD32F4xx_standard_peripheral\Include\gd32f4xx_syscfg.h","projects\07_FLASH_RTC_POWER\independent-watchdog\course\Firmware\GD32F4xx_standard_peripheral\Include\gd32f4xx_syscfg.h","11558","5060FEF0A07A3FC1396A31F09F95FE1D134F8A1FB1581E3DD98BB6078108C447","5060FEF0A07A3FC1396A31F09F95FE1D134F8A1FB1581E3DD98BB6078108C447","MATCH"
"day08\05_WatchDog_FWDGT\Firmware\GD32F4xx_standard_peripheral\Include\gd32f4xx_timer.h","projects\07_FLASH_RTC_POWER\independent-watchdog\course\Firmware\GD32F4xx_standard_peripheral\Include\gd32f4xx_timer.h","59717","7A79F81F1D862A1B49F23BFE05B1AC751A71E761B6E63C2DFFABE6C7BC69AC49","7A79F81F1D862A1B49F23BFE05B1AC751A71E761B6E63C2DFFABE6C7BC69AC49","MATCH"
"day08\05_WatchDog_FWDGT\Firmware\GD32F4xx_standard_peripheral\Include\gd32f4xx_tli.h","projects\07_FLASH_RTC_POWER\independent-watchdog\course\Firmware\GD32F4xx_standard_peripheral\Include\gd32f4xx_tli.h","23557","1B94EA157AC8CE2FED962B0C4FF95B6702C6194300AA51B04C3AAFE493768D2A","1B94EA157AC8CE2FED962B0C4FF95B6702C6194300AA51B04C3AAFE493768D2A","MATCH"
"day08\05_WatchDog_FWDGT\Firmware\GD32F4xx_standard_peripheral\Include\gd32f4xx_trng.h","projects\07_FLASH_RTC_POWER\independent-watchdog\course\Firmware\GD32F4xx_standard_peripheral\Include\gd32f4xx_trng.h","4431","91E2BB5AFFEFA65F90927FAD795FAA0F4204516284ECA38E461506F0CD9CA924","91E2BB5AFFEFA65F90927FAD795FAA0F4204516284ECA38E461506F0CD9CA924","MATCH"
"day08\05_WatchDog_FWDGT\Firmware\GD32F4xx_standard_peripheral\Include\gd32f4xx_usart.h","projects\07_FLASH_RTC_POWER\independent-watchdog\course\Firmware\GD32F4xx_standard_peripheral\Include\gd32f4xx_usart.h","31652","6CF40E957A1216C99E3663D667DE1944C42272897011834BF20ADCD97E791074","6CF40E957A1216C99E3663D667DE1944C42272897011834BF20ADCD97E791074","MATCH"
"day08\05_WatchDog_FWDGT\Firmware\GD32F4xx_standard_peripheral\Include\gd32f4xx_wwdgt.h","projects\07_FLASH_RTC_POWER\independent-watchdog\course\Firmware\GD32F4xx_standard_peripheral\Include\gd32f4xx_wwdgt.h","4561","01EECFC98B4507AEB8F0AFBE7D994EA0A617A79E5D4EB2D1D4A85979BA014EFE","01EECFC98B4507AEB8F0AFBE7D994EA0A617A79E5D4EB2D1D4A85979BA014EFE","MATCH"
"day08\05_WatchDog_FWDGT\Firmware\GD32F4xx_standard_peripheral\Source\gd32f4xx_adc.c","projects\07_FLASH_RTC_POWER\independent-watchdog\course\Firmware\GD32F4xx_standard_peripheral\Source\gd32f4xx_adc.c","49331","8A5C91EC7A397B53EFD086646674D273ECE00F36C9610AB50715FE1521BA4112","8A5C91EC7A397B53EFD086646674D273ECE00F36C9610AB50715FE1521BA4112","MATCH"
"day08\05_WatchDog_FWDGT\Firmware\GD32F4xx_standard_peripheral\Source\gd32f4xx_can.c","projects\07_FLASH_RTC_POWER\independent-watchdog\course\Firmware\GD32F4xx_standard_peripheral\Source\gd32f4xx_can.c","40297","CE0E343B00856972EABACCC1F4D88C051796A8D1E30C4596312FC29A533DB8BA","CE0E343B00856972EABACCC1F4D88C051796A8D1E30C4596312FC29A533DB8BA","MATCH"
"day08\05_WatchDog_FWDGT\Firmware\GD32F4xx_standard_peripheral\Source\gd32f4xx_crc.c","projects\07_FLASH_RTC_POWER\independent-watchdog\course\Firmware\GD32F4xx_standard_peripheral\Source\gd32f4xx_crc.c","3904","C14034159E72E082AA70E2A8CBA60FFCF950B63D75AE467706632F32EC00F315","C14034159E72E082AA70E2A8CBA60FFCF950B63D75AE467706632F32EC00F315","MATCH"
"day08\05_WatchDog_FWDGT\Firmware\GD32F4xx_standard_peripheral\Source\gd32f4xx_ctc.c","projects\07_FLASH_RTC_POWER\independent-watchdog\course\Firmware\GD32F4xx_standard_peripheral\Source\gd32f4xx_ctc.c","12892","07F4A6385C6FFB2E18ECF95DAAE6A431FB91262FA988835A249A64F4002280A1","07F4A6385C6FFB2E18ECF95DAAE6A431FB91262FA988835A249A64F4002280A1","MATCH"
"day08\05_WatchDog_FWDGT\Firmware\GD32F4xx_standard_peripheral\Source\gd32f4xx_dac.c","projects\07_FLASH_RTC_POWER\independent-watchdog\course\Firmware\GD32F4xx_standard_peripheral\Source\gd32f4xx_dac.c","22641","ACE5C99F1E2774D955CA4E4D5D6E81B2D831F718098487EA3E8C2C34C960E160","ACE5C99F1E2774D955CA4E4D5D6E81B2D831F718098487EA3E8C2C34C960E160","MATCH"
"day08\05_WatchDog_FWDGT\Firmware\GD32F4xx_standard_peripheral\Source\gd32f4xx_dbg.c","projects\07_FLASH_RTC_POWER\independent-watchdog\course\Firmware\GD32F4xx_standard_peripheral\Source\gd32f4xx_dbg.c","7772","6EEC659FD6B5C549226BAE8E9C9C78785B064D557434189BB221287D550FE291","6EEC659FD6B5C549226BAE8E9C9C78785B064D557434189BB221287D550FE291","MATCH"
"day08\05_WatchDog_FWDGT\Firmware\GD32F4xx_standard_peripheral\Source\gd32f4xx_dci.c","projects\07_FLASH_RTC_POWER\independent-watchdog\course\Firmware\GD32F4xx_standard_peripheral\Source\gd32f4xx_dci.c","10290","B99613D9A21A02DD39117F30B9A488B859209AB3489DCFDE7361D147CDF76516","B99613D9A21A02DD39117F30B9A488B859209AB3489DCFDE7361D147CDF76516","MATCH"
"day08\05_WatchDog_FWDGT\Firmware\GD32F4xx_standard_peripheral\Source\gd32f4xx_dma.c","projects\07_FLASH_RTC_POWER\independent-watchdog\course\Firmware\GD32F4xx_standard_peripheral\Source\gd32f4xx_dma.c","36449","2D943A169ABABCC22CBC6C41665F5CE375C30B63005954E1D34BB3218CB63FAF","2D943A169ABABCC22CBC6C41665F5CE375C30B63005954E1D34BB3218CB63FAF","MATCH"
"day08\05_WatchDog_FWDGT\Firmware\GD32F4xx_standard_peripheral\Source\gd32f4xx_enet.c","projects\07_FLASH_RTC_POWER\independent-watchdog\course\Firmware\GD32F4xx_standard_peripheral\Source\gd32f4xx_enet.c","151999","3051E8737C463D23D07B9C9AD937BC7C488BB573738B2313982870DAA670E87E","3051E8737C463D23D07B9C9AD937BC7C488BB573738B2313982870DAA670E87E","MATCH"
"day08\05_WatchDog_FWDGT\Firmware\GD32F4xx_standard_peripheral\Source\gd32f4xx_exmc.c","projects\07_FLASH_RTC_POWER\independent-watchdog\course\Firmware\GD32F4xx_standard_peripheral\Source\gd32f4xx_exmc.c","57117","E4A79B377C89D9EB8BD5BE101E273AD5EFBA0C2A24FB4621AB7BC124BEEEAEBF","E4A79B377C89D9EB8BD5BE101E273AD5EFBA0C2A24FB4621AB7BC124BEEEAEBF","MATCH"
"day08\05_WatchDog_FWDGT\Firmware\GD32F4xx_standard_peripheral\Source\gd32f4xx_exti.c","projects\07_FLASH_RTC_POWER\independent-watchdog\course\Firmware\GD32F4xx_standard_peripheral\Source\gd32f4xx_exti.c","8423","FCE4A7ECA93486D71A9E5758642F2282AE7F8805DBB559312837A0B17577FE58","FCE4A7ECA93486D71A9E5758642F2282AE7F8805DBB559312837A0B17577FE58","MATCH"
"day08\05_WatchDog_FWDGT\Firmware\GD32F4xx_standard_peripheral\Source\gd32f4xx_fmc.c","projects\07_FLASH_RTC_POWER\independent-watchdog\course\Firmware\GD32F4xx_standard_peripheral\Source\gd32f4xx_fmc.c","34852","15408829D2405432FC8ED73D5D8C6BBB1E6C74540F1B817983BABD62E22CAB16","15408829D2405432FC8ED73D5D8C6BBB1E6C74540F1B817983BABD62E22CAB16","MATCH"
"day08\05_WatchDog_FWDGT\Firmware\GD32F4xx_standard_peripheral\Source\gd32f4xx_fwdgt.c","projects\07_FLASH_RTC_POWER\independent-watchdog\course\Firmware\GD32F4xx_standard_peripheral\Source\gd32f4xx_fwdgt.c","7007","05B67D15069CED6F0472E4115ECD16064402E0D6220561499000025A8CD189B7","05B67D15069CED6F0472E4115ECD16064402E0D6220561499000025A8CD189B7","MATCH"
"day08\05_WatchDog_FWDGT\Firmware\GD32F4xx_standard_peripheral\Source\gd32f4xx_gpio.c","projects\07_FLASH_RTC_POWER\independent-watchdog\course\Firmware\GD32F4xx_standard_peripheral\Source\gd32f4xx_gpio.c","15061","262BEFE864D5DA3BADA64D0B3DAB29E5C2747E46B154EDE8BCAB0B788DB614E0","262BEFE864D5DA3BADA64D0B3DAB29E5C2747E46B154EDE8BCAB0B788DB614E0","MATCH"
"day08\05_WatchDog_FWDGT\Firmware\GD32F4xx_standard_peripheral\Source\gd32f4xx_i2c.c","projects\07_FLASH_RTC_POWER\independent-watchdog\course\Firmware\GD32F4xx_standard_peripheral\Source\gd32f4xx_i2c.c","30805","8EDFAF1A8F0BF2833923D0072FE1B9D0467382B3EC1D243E918D0DE9711CCCD2","8EDFAF1A8F0BF2833923D0072FE1B9D0467382B3EC1D243E918D0DE9711CCCD2","MATCH"
"day08\05_WatchDog_FWDGT\Firmware\GD32F4xx_standard_peripheral\Source\gd32f4xx_ipa.c","projects\07_FLASH_RTC_POWER\independent-watchdog\course\Firmware\GD32F4xx_standard_peripheral\Source\gd32f4xx_ipa.c","26662","38A8350304763C1C83B4D2341F6782B090CA09ABE541AC360089B5CB454BCF57","38A8350304763C1C83B4D2341F6782B090CA09ABE541AC360089B5CB454BCF57","MATCH"
"day08\05_WatchDog_FWDGT\Firmware\GD32F4xx_standard_peripheral\Source\gd32f4xx_iref.c","projects\07_FLASH_RTC_POWER\independent-watchdog\course\Firmware\GD32F4xx_standard_peripheral\Source\gd32f4xx_iref.c","3544","24F2FCFCD20882FD3E65773A281A827BF5391A0A8054324EEF7C98BB3F2B9B80","24F2FCFCD20882FD3E65773A281A827BF5391A0A8054324EEF7C98BB3F2B9B80","MATCH"
"day08\05_WatchDog_FWDGT\Firmware\GD32F4xx_standard_peripheral\Source\gd32f4xx_misc.c","projects\07_FLASH_RTC_POWER\independent-watchdog\course\Firmware\GD32F4xx_standard_peripheral\Source\gd32f4xx_misc.c","7136","1CD262F295155428C25DEDC69BFBAB99F7A99DE09E0B602ECA1F2C6017CFE2DA","1CD262F295155428C25DEDC69BFBAB99F7A99DE09E0B602ECA1F2C6017CFE2DA","MATCH"
"day08\05_WatchDog_FWDGT\Firmware\GD32F4xx_standard_peripheral\Source\gd32f4xx_pmu.c","projects\07_FLASH_RTC_POWER\independent-watchdog\course\Firmware\GD32F4xx_standard_peripheral\Source\gd32f4xx_pmu.c","11909","DAFA94838A55132E3313234C5AC2BE6172116DC26574347363D554EFFB186D79","DAFA94838A55132E3313234C5AC2BE6172116DC26574347363D554EFFB186D79","MATCH"
"day08\05_WatchDog_FWDGT\Firmware\GD32F4xx_standard_peripheral\Source\gd32f4xx_rcu.c","projects\07_FLASH_RTC_POWER\independent-watchdog\course\Firmware\GD32F4xx_standard_peripheral\Source\gd32f4xx_rcu.c","50047","6C1030EB58EC7CB9C41E2A1FF31DDEF87F70DD083222327978234004C4E95B98","6C1030EB58EC7CB9C41E2A1FF31DDEF87F70DD083222327978234004C4E95B98","MATCH"
"day08\05_WatchDog_FWDGT\Firmware\GD32F4xx_standard_peripheral\Source\gd32f4xx_rtc.c","projects\07_FLASH_RTC_POWER\independent-watchdog\course\Firmware\GD32F4xx_standard_peripheral\Source\gd32f4xx_rtc.c","46946","EEA5BCB92C88A7BAB9F3740F8E9408236412A546B03A5467F21B0F94A01183E7","EEA5BCB92C88A7BAB9F3740F8E9408236412A546B03A5467F21B0F94A01183E7","MATCH"
"day08\05_WatchDog_FWDGT\Firmware\GD32F4xx_standard_peripheral\Source\gd32f4xx_sdio.c","projects\07_FLASH_RTC_POWER\independent-watchdog\course\Firmware\GD32F4xx_standard_peripheral\Source\gd32f4xx_sdio.c","28412","9D8F3E488C74C44A30C4D0BBB9CD8D86555D898CA9C36F259CE57609959B9854","9D8F3E488C74C44A30C4D0BBB9CD8D86555D898CA9C36F259CE57609959B9854","MATCH"
"day08\05_WatchDog_FWDGT\Firmware\GD32F4xx_standard_peripheral\Source\gd32f4xx_spi.c","projects\07_FLASH_RTC_POWER\independent-watchdog\course\Firmware\GD32F4xx_standard_peripheral\Source\gd32f4xx_spi.c","30670","CE06438E9AD5882A0FCA88DFE658DD925ED3320BA574C2797E2F93ACF6142459","CE06438E9AD5882A0FCA88DFE658DD925ED3320BA574C2797E2F93ACF6142459","MATCH"
"day08\05_WatchDog_FWDGT\Firmware\GD32F4xx_standard_peripheral\Source\gd32f4xx_syscfg.c","projects\07_FLASH_RTC_POWER\independent-watchdog\course\Firmware\GD32F4xx_standard_peripheral\Source\gd32f4xx_syscfg.c","7949","51A7A5E70F3064424CC6E2F6A06942B47ADAAC8C36A6612EE08B1643557B3CA3","51A7A5E70F3064424CC6E2F6A06942B47ADAAC8C36A6612EE08B1643557B3CA3","MATCH"
"day08\05_WatchDog_FWDGT\Firmware\GD32F4xx_standard_peripheral\Source\gd32f4xx_timer.c","projects\07_FLASH_RTC_POWER\independent-watchdog\course\Firmware\GD32F4xx_standard_peripheral\Source\gd32f4xx_timer.c","89361","3961465CF6BA39554E34C02183C50676A4AB9B3991A6AAD32D271754B2506B14","3961465CF6BA39554E34C02183C50676A4AB9B3991A6AAD32D271754B2506B14","MATCH"
"day08\05_WatchDog_FWDGT\Firmware\GD32F4xx_standard_peripheral\Source\gd32f4xx_tli.c","projects\07_FLASH_RTC_POWER\independent-watchdog\course\Firmware\GD32F4xx_standard_peripheral\Source\gd32f4xx_tli.c","24645","881A02E692AFD4A0B6848A929B0B8C79148911AD7543CF611287C45E82372541","881A02E692AFD4A0B6848A929B0B8C79148911AD7543CF611287C45E82372541","MATCH"
"day08\05_WatchDog_FWDGT\Firmware\GD32F4xx_standard_peripheral\Source\gd32f4xx_trng.c","projects\07_FLASH_RTC_POWER\independent-watchdog\course\Firmware\GD32F4xx_standard_peripheral\Source\gd32f4xx_trng.c","4471","BA9093D046A01C997AA54D2DE9F663E8AF32FB9E53C950CFC640F1033FCD6C53","BA9093D046A01C997AA54D2DE9F663E8AF32FB9E53C950CFC640F1033FCD6C53","MATCH"
"day08\05_WatchDog_FWDGT\Firmware\GD32F4xx_standard_peripheral\Source\gd32f4xx_usart.c","projects\07_FLASH_RTC_POWER\independent-watchdog\course\Firmware\GD32F4xx_standard_peripheral\Source\gd32f4xx_usart.c","34715","F67FA54D9C9537317BE92D95FD880A394D9ABE98DF708E5AA821FBFA392AE9B0","F67FA54D9C9537317BE92D95FD880A394D9ABE98DF708E5AA821FBFA392AE9B0","MATCH"
"day08\05_WatchDog_FWDGT\Firmware\GD32F4xx_standard_peripheral\Source\gd32f4xx_wwdgt.c","projects\07_FLASH_RTC_POWER\independent-watchdog\course\Firmware\GD32F4xx_standard_peripheral\Source\gd32f4xx_wwdgt.c","4154","0ED39DE6F0101E10DDCB476E6EF21C44D2282D4F689D0D0D70F9E04940E6F0FE","0ED39DE6F0101E10DDCB476E6EF21C44D2282D4F689D0D0D70F9E04940E6F0FE","MATCH"
"day08\05_WatchDog_FWDGT\Hardware\bsp_buzzer.c","projects\07_FLASH_RTC_POWER\independent-watchdog\course\Hardware\bsp_buzzer.c","3700","DB132610BB9FD25BB3606FEE7C189AD01FB3F68FEF38D105A74C0609C66B5CEE","DB132610BB9FD25BB3606FEE7C189AD01FB3F68FEF38D105A74C0609C66B5CEE","MATCH"
"day08\05_WatchDog_FWDGT\Hardware\bsp_buzzer.h","projects\07_FLASH_RTC_POWER\independent-watchdog\course\Hardware\bsp_buzzer.h","291","A849E5A19D17A5DED0E7438846AFA0D5E3636544ABFC356B361024CA882EC6C5","A849E5A19D17A5DED0E7438846AFA0D5E3636544ABFC356B361024CA882EC6C5","MATCH"
"day08\05_WatchDog_FWDGT\Hardware\bsp_buzzer2.c","projects\07_FLASH_RTC_POWER\independent-watchdog\course\Hardware\bsp_buzzer2.c","1429","D4F400CA00C8ACE082181E1D587A2B1CE7CC29C870BCA80C8A920BF78710B2C1","D4F400CA00C8ACE082181E1D587A2B1CE7CC29C870BCA80C8A920BF78710B2C1","MATCH"
"day08\05_WatchDog_FWDGT\Hardware\bsp_buzzer2.h","projects\07_FLASH_RTC_POWER\independent-watchdog\course\Hardware\bsp_buzzer2.h","291","A849E5A19D17A5DED0E7438846AFA0D5E3636544ABFC356B361024CA882EC6C5","A849E5A19D17A5DED0E7438846AFA0D5E3636544ABFC356B361024CA882EC6C5","MATCH"
"day08\05_WatchDog_FWDGT\Library\EXTI_config.h","projects\07_FLASH_RTC_POWER\independent-watchdog\course\Library\EXTI_config.h","1634","0FD94A8DF148AC6618D5CAA1F2788003CE63E2B27E13A31000428E29D095542B","0FD94A8DF148AC6618D5CAA1F2788003CE63E2B27E13A31000428E29D095542B","MATCH"
"day08\05_WatchDog_FWDGT\Library\EXTI.c","projects\07_FLASH_RTC_POWER\independent-watchdog\course\Library\EXTI.c","3132","528D0B3C2AC1F1661095497895FDB15FF878723CF351D28F3D3EE13F79DF8AE2","528D0B3C2AC1F1661095497895FDB15FF878723CF351D28F3D3EE13F79DF8AE2","MATCH"
"day08\05_WatchDog_FWDGT\Library\EXTI.h","projects\07_FLASH_RTC_POWER\independent-watchdog\course\Library\EXTI.h","246","63711925072BE76CE24B295341905A97BDD73234E1EFB33A28A0CEC82E3CD6C2","63711925072BE76CE24B295341905A97BDD73234E1EFB33A28A0CEC82E3CD6C2","MATCH"
"day08\05_WatchDog_FWDGT\Library\TIMER_config.h","projects\07_FLASH_RTC_POWER\independent-watchdog\course\Library\TIMER_config.h","1813","BD74AB72F9068615F9AB44169B11F6EF25CD9BC3D4CD0E27A95BE4AE24608766","BD74AB72F9068615F9AB44169B11F6EF25CD9BC3D4CD0E27A95BE4AE24608766","MATCH"
"day08\05_WatchDog_FWDGT\Library\TIMER.c","projects\07_FLASH_RTC_POWER\independent-watchdog\course\Library\TIMER.c","5924","68A9D9BBDB446C51E0C577B7E7969E8F3513AF7E4736C10BC6D579FBF5661435","68A9D9BBDB446C51E0C577B7E7969E8F3513AF7E4736C10BC6D579FBF5661435","MATCH"
"day08\05_WatchDog_FWDGT\Library\TIMER.h","projects\07_FLASH_RTC_POWER\independent-watchdog\course\Library\TIMER.h","759","51A72D9863C245195AD3CD40ADDB0D573930D5AB540B30D3D971AD2AF6B2E80E","51A72D9863C245195AD3CD40ADDB0D573930D5AB540B30D3D971AD2AF6B2E80E","MATCH"
"day08\05_WatchDog_FWDGT\Library\USART_config.h","projects\07_FLASH_RTC_POWER\independent-watchdog\course\Library\USART_config.h","1220","73E72408B41955E419784B2A24B0FBD8AD81A334AA38EB9DB60A7DDAE97AD633","73E72408B41955E419784B2A24B0FBD8AD81A334AA38EB9DB60A7DDAE97AD633","MATCH"
"day08\05_WatchDog_FWDGT\Library\USART0.c","projects\07_FLASH_RTC_POWER\independent-watchdog\course\Library\USART0.c","10194","325E153A7388566303CC9DA901A87ED2A3D158D0238FA4A36A20EB17B1067606","325E153A7388566303CC9DA901A87ED2A3D158D0238FA4A36A20EB17B1067606","MATCH"
"day08\05_WatchDog_FWDGT\Library\USART0.h","projects\07_FLASH_RTC_POWER\independent-watchdog\course\Library\USART0.h","658","6016FD90E22446BB90BE0996EA5EE6493AB9CDF6E7F71024ED583F05C4860399","6016FD90E22446BB90BE0996EA5EE6493AB9CDF6E7F71024ED583F05C4860399","MATCH"
"day08\05_WatchDog_FWDGT\Project\GD32F407.uvprojx","projects\07_FLASH_RTC_POWER\independent-watchdog\course\Project\GD32F407.uvprojx","19696","997D024476326E50BFAC54CD15EBB6A53DCF8D11EBC44719BDCD02CB73202C8E","997D024476326E50BFAC54CD15EBB6A53DCF8D11EBC44719BDCD02CB73202C8E","MATCH"
"day08\05_WatchDog_FWDGT\User\gd32f4xx_it.c","projects\07_FLASH_RTC_POWER\independent-watchdog\course\User\gd32f4xx_it.c","3980","5BE8E65B392A41354E513056974D1869598AF02739A7CE6419E611D6AA3979C6","5BE8E65B392A41354E513056974D1869598AF02739A7CE6419E611D6AA3979C6","MATCH"
"day08\05_WatchDog_FWDGT\User\gd32f4xx_it.h","projects\07_FLASH_RTC_POWER\independent-watchdog\course\User\gd32f4xx_it.h","2524","B4995762AE5CEB7125CC9720CEA7E2BAD8640C23B87ED1856D9B8A380A5FC8C3","B4995762AE5CEB7125CC9720CEA7E2BAD8640C23B87ED1856D9B8A380A5FC8C3","MATCH"
"day08\05_WatchDog_FWDGT\User\gd32f4xx_libopt.h","projects\07_FLASH_RTC_POWER\independent-watchdog\course\User\gd32f4xx_libopt.h","2917","702C6D85987BCDDDD363A8412C5806255F6C746065DA984EB21896C5DDD6BF09","702C6D85987BCDDDD363A8412C5806255F6C746065DA984EB21896C5DDD6BF09","MATCH"
"day08\05_WatchDog_FWDGT\User\main.c","projects\07_FLASH_RTC_POWER\independent-watchdog\course\User\main.c","2336","893E39B647D22F3B0E8AADB712F02DE9B8D72CDD9568C8452DB33D51E44D7F7D","893E39B647D22F3B0E8AADB712F02DE9B8D72CDD9568C8452DB33D51E44D7F7D","MATCH"
"day08\05_WatchDog_FWDGT\User\main.h","projects\07_FLASH_RTC_POWER\independent-watchdog\course\User\main.h","1814","32C273B119ABF22DA51E2782C09853A1545B1DF1364A13EFFA2B465379E1A53C","32C273B119ABF22DA51E2782C09853A1545B1DF1364A13EFFA2B465379E1A53C","MATCH"
"day08\05_WatchDog_FWDGT\User\readme.txt","projects\07_FLASH_RTC_POWER\independent-watchdog\course\User\readme.txt","1862","A45BD1E14D470B46BE2D57C9D35147E41204556CC4BB4E25EA3C7B6B424A0B7C","A45BD1E14D470B46BE2D57C9D35147E41204556CC4BB4E25EA3C7B6B424A0B7C","MATCH"
"day08\05_WatchDog_FWDGT\User\systick.c","projects\07_FLASH_RTC_POWER\independent-watchdog\course\User\systick.c","2732","CA8B99677A2A8D09B7DB2BCF78B94C80DB0C42DC41AA2FE3A41F66AF77A9663B","CA8B99677A2A8D09B7DB2BCF78B94C80DB0C42DC41AA2FE3A41F66AF77A9663B","MATCH"
"day08\05_WatchDog_FWDGT\User\systick.h","projects\07_FLASH_RTC_POWER\independent-watchdog\course\User\systick.h","2034","E74F1981340E6162CCE52F39F73009B1570EFB7F024410652F494E77997DA025","E74F1981340E6162CCE52F39F73009B1570EFB7F024410652F494E77997DA025","MATCH"
"day08\05_WatchDog_FWDGT\VSCode\.clang-format","projects\07_FLASH_RTC_POWER\independent-watchdog\course\VSCode\.clang-format","734","BF3B10DA62AAAC024B91B04712650380D638A6E77DD8CD412EC5F266EDFBE4CC","BF3B10DA62AAAC024B91B04712650380D638A6E77DD8CD412EC5F266EDFBE4CC","MATCH"
"day08\05_WatchDog_FWDGT\VSCode\.cmsis\include\cachel1_armv7.h","projects\07_FLASH_RTC_POWER\independent-watchdog\course\VSCode\.cmsis\include\cachel1_armv7.h","12087","2E336A64F60A9C0EAF5A08E2C4845D94DA86C3FD84D219D0D0C9F530E63BC9C3","2E336A64F60A9C0EAF5A08E2C4845D94DA86C3FD84D219D0D0C9F530E63BC9C3","MATCH"
"day08\05_WatchDog_FWDGT\VSCode\.cmsis\include\cmsis_armcc.h","projects\07_FLASH_RTC_POWER\independent-watchdog\course\VSCode\.cmsis\include\cmsis_armcc.h","27999","5BC0D7ED8E36E9BCB868C4042FFF350C702ECA305DF4162FB00384789E35EE1C","5BC0D7ED8E36E9BCB868C4042FFF350C702ECA305DF4162FB00384789E35EE1C","MATCH"
"day08\05_WatchDog_FWDGT\VSCode\.cmsis\include\cmsis_armclang_ltm.h","projects\07_FLASH_RTC_POWER\independent-watchdog\course\VSCode\.cmsis\include\cmsis_armclang_ltm.h","56021","3E8FFB284F4F155DE3EA93841CCA853B41D5E812B53E52C64C3D4A67B7F1EC7C","3E8FFB284F4F155DE3EA93841CCA853B41D5E812B53E52C64C3D4A67B7F1EC7C","MATCH"
"day08\05_WatchDog_FWDGT\VSCode\.cmsis\include\cmsis_armclang.h","projects\07_FLASH_RTC_POWER\independent-watchdog\course\VSCode\.cmsis\include\cmsis_armclang.h","48417","D5DA2B48204F0D0CF1FF38FFCCB527E5706CD0A091FF0A331EB41D6596C33FE5","D5DA2B48204F0D0CF1FF38FFCCB527E5706CD0A091FF0A331EB41D6596C33FE5","MATCH"
"day08\05_WatchDog_FWDGT\VSCode\.cmsis\include\cmsis_compiler.h","projects\07_FLASH_RTC_POWER\independent-watchdog\course\VSCode\.cmsis\include\cmsis_compiler.h","9481","B51963D271C1571CA3463654C76AA7EA50C4EAC5D0A2710DF10414AC64D9E0F8","B51963D271C1571CA3463654C76AA7EA50C4EAC5D0A2710DF10414AC64D9E0F8","MATCH"
"day08\05_WatchDog_FWDGT\VSCode\.cmsis\include\cmsis_gcc.h","projects\07_FLASH_RTC_POWER\independent-watchdog\course\VSCode\.cmsis\include\cmsis_gcc.h","63374","43BFD1FE69FBBC2CA70AAF7D43CC3E20F16E0C7F66E1BDEF9B51AF6DC14B2617","43BFD1FE69FBBC2CA70AAF7D43CC3E20F16E0C7F66E1BDEF9B51AF6DC14B2617","MATCH"
"day08\05_WatchDog_FWDGT\VSCode\.cmsis\include\cmsis_iccarm.h","projects\07_FLASH_RTC_POWER\independent-watchdog\course\VSCode\.cmsis\include\cmsis_iccarm.h","29069","2D255C8429E507E52CB603F2970BED4CC4A6CDCC3EB7FC7997385ABAD7364837","2D255C8429E507E52CB603F2970BED4CC4A6CDCC3EB7FC7997385ABAD7364837","MATCH"
"day08\05_WatchDog_FWDGT\VSCode\.cmsis\include\cmsis_version.h","projects\07_FLASH_RTC_POWER\independent-watchdog\course\VSCode\.cmsis\include\cmsis_version.h","1680","184C19FD3EE73632EDF35A0B4D49CD48BE75FBF49E6CCB19D9DB05FA83BEA4B3","184C19FD3EE73632EDF35A0B4D49CD48BE75FBF49E6CCB19D9DB05FA83BEA4B3","MATCH"
"day08\05_WatchDog_FWDGT\VSCode\.cmsis\include\core_armv81mml.h","projects\07_FLASH_RTC_POWER\independent-watchdog\course\VSCode\.cmsis\include\core_armv81mml.h","276640","A40954BCCBF202BD65EE721EA688122561E005C9F9F9D18E082280C5B897D0E4","A40954BCCBF202BD65EE721EA688122561E005C9F9F9D18E082280C5B897D0E4","MATCH"
"day08\05_WatchDog_FWDGT\VSCode\.cmsis\include\core_armv8mbl.h","projects\07_FLASH_RTC_POWER\independent-watchdog\course\VSCode\.cmsis\include\core_armv8mbl.h","115004","458B1E6788079DED52ADC7D06383701C865CA97B67C5E7A0A44884194F91A842","458B1E6788079DED52ADC7D06383701C865CA97B67C5E7A0A44884194F91A842","MATCH"
"day08\05_WatchDog_FWDGT\VSCode\.cmsis\include\core_armv8mml.h","projects\07_FLASH_RTC_POWER\independent-watchdog\course\VSCode\.cmsis\include\core_armv8mml.h","183191","5A68204FA31CDA7D04D41C9CEAF3F4B1217908F59366F757EE778181C7CC8CB9","5A68204FA31CDA7D04D41C9CEAF3F4B1217908F59366F757EE778181C7CC8CB9","MATCH"
"day08\05_WatchDog_FWDGT\VSCode\.cmsis\include\core_cm0.h","projects\07_FLASH_RTC_POWER\independent-watchdog\course\VSCode\.cmsis\include\core_cm0.h","41643","AC13CB645F108666A0E57C93467872660D6BC860A839F840DC870B7A5863B4BF","AC13CB645F108666A0E57C93467872660D6BC860A839F840DC870B7A5863B4BF","MATCH"
"day08\05_WatchDog_FWDGT\VSCode\.cmsis\include\core_cm0plus.h","projects\07_FLASH_RTC_POWER\independent-watchdog\course\VSCode\.cmsis\include\core_cm0plus.h","49877","A09FA9C6B8B21D1920BCE15B98AA56182B027E9278CCA0B154812BAC2AEA3CFA","A09FA9C6B8B21D1920BCE15B98AA56182B027E9278CCA0B154812BAC2AEA3CFA","MATCH"
"day08\05_WatchDog_FWDGT\VSCode\.cmsis\include\core_cm1.h","projects\07_FLASH_RTC_POWER\independent-watchdog\course\VSCode\.cmsis\include\core_cm1.h","42626","944BF0C4F940EEF30A632CD99D5DCFE8270E8A8431EB98C0F081BCF4F61F728E","944BF0C4F940EEF30A632CD99D5DCFE8270E8A8431EB98C0F081BCF4F61F728E","MATCH"
"day08\05_WatchDog_FWDGT\VSCode\.cmsis\include\core_cm23.h","projects\07_FLASH_RTC_POWER\independent-watchdog\course\VSCode\.cmsis\include\core_cm23.h","121556","77822E9738885394EC52FCA6F617452B823A0B55E2664EE225E65576CF0E8F2D","77822E9738885394EC52FCA6F617452B823A0B55E2664EE225E65576CF0E8F2D","MATCH"
"day08\05_WatchDog_FWDGT\VSCode\.cmsis\include\core_cm3.h","projects\07_FLASH_RTC_POWER\independent-watchdog\course\VSCode\.cmsis\include\core_cm3.h","109529","C9937781259A8897ADF514445441C68570087D6A72A558D8A4AFE75CDB62DBD2","C9937781259A8897ADF514445441C68570087D6A72A558D8A4AFE75CDB62DBD2","MATCH"
"day08\05_WatchDog_FWDGT\VSCode\.cmsis\include\core_cm33.h","projects\07_FLASH_RTC_POWER\independent-watchdog\course\VSCode\.cmsis\include\core_cm33.h","189524","225C47C36230EDAA314F1E7A45B38279F6AB4D58FAEB132226DB35F7007D58AA","225C47C36230EDAA314F1E7A45B38279F6AB4D58FAEB132226DB35F7007D58AA","MATCH"
"day08\05_WatchDog_FWDGT\VSCode\.cmsis\include\core_cm35p.h","projects\07_FLASH_RTC_POWER\independent-watchdog\course\VSCode\.cmsis\include\core_cm35p.h","189539","206B427589981B78169C1D9B73E898E4E8DE4EFBD76FD0C2DF7DF81D645B9FA2","206B427589981B78169C1D9B73E898E4E8DE4EFBD76FD0C2DF7DF81D645B9FA2","MATCH"
"day08\05_WatchDog_FWDGT\VSCode\.cmsis\include\core_cm4.h","projects\07_FLASH_RTC_POWER\independent-watchdog\course\VSCode\.cmsis\include\core_cm4.h","120975","F5B63D52DD1557B15CA414CB59C264F595A7B5669DB2A5878DFFE22F4CAEDC8C","F5B63D52DD1557B15CA414CB59C264F595A7B5669DB2A5878DFFE22F4CAEDC8C","MATCH"
"day08\05_WatchDog_FWDGT\VSCode\.cmsis\include\core_cm55.h","projects\07_FLASH_RTC_POWER\independent-watchdog\course\VSCode\.cmsis\include\core_cm55.h","317450","5707F716CF03F7E80151108AE94601FCFDF362DD2D830876040213318F6DEE3A","5707F716CF03F7E80151108AE94601FCFDF362DD2D830876040213318F6DEE3A","MATCH"
"day08\05_WatchDog_FWDGT\VSCode\.cmsis\include\core_cm7.h","projects\07_FLASH_RTC_POWER\independent-watchdog\course\VSCode\.cmsis\include\core_cm7.h","138948","E974D0A91752487D0154457CD422C37667328E9DDB7BA4FA2FED479A63577F63","E974D0A91752487D0154457CD422C37667328E9DDB7BA4FA2FED479A63577F63","MATCH"
"day08\05_WatchDog_FWDGT\VSCode\.cmsis\include\core_cm85.h","projects\07_FLASH_RTC_POWER\independent-watchdog\course\VSCode\.cmsis\include\core_cm85.h","308328","75BC123889F0F5CA33C4D16B6CBDD580A3572663C899FADB2C8E28F6A5E6FEAD","75BC123889F0F5CA33C4D16B6CBDD580A3572663C899FADB2C8E28F6A5E6FEAD","MATCH"
"day08\05_WatchDog_FWDGT\VSCode\.cmsis\include\core_sc000.h","projects\07_FLASH_RTC_POWER\independent-watchdog\course\VSCode\.cmsis\include\core_sc000.h","46562","C81377A69A4EA8ECAEAD42194F2CE8AB59BD4EE7BD638E423F5B1F5EC283D154","C81377A69A4EA8ECAEAD42194F2CE8AB59BD4EE7BD638E423F5B1F5EC283D154","MATCH"
"day08\05_WatchDog_FWDGT\VSCode\.cmsis\include\core_sc300.h","projects\07_FLASH_RTC_POWER\independent-watchdog\course\VSCode\.cmsis\include\core_sc300.h","108524","73DD461C12C7D3A693840DF3084FD8F85122095C6F21FA3D779B0F3ECEAEBAD5","73DD461C12C7D3A693840DF3084FD8F85122095C6F21FA3D779B0F3ECEAEBAD5","MATCH"
"day08\05_WatchDog_FWDGT\VSCode\.cmsis\include\core_starmc1.h","projects\07_FLASH_RTC_POWER\independent-watchdog\course\VSCode\.cmsis\include\core_starmc1.h","193055","92D8661F2947D00DA91653D04794CDE0593FDAAFB3438842A0477775716AAFC5","92D8661F2947D00DA91653D04794CDE0593FDAAFB3438842A0477775716AAFC5","MATCH"
"day08\05_WatchDog_FWDGT\VSCode\.cmsis\include\mpu_armv7.h","projects\07_FLASH_RTC_POWER\independent-watchdog\course\VSCode\.cmsis\include\mpu_armv7.h","11731","29206B52EE02290ED6F5A5415EBD4187DE802CF176D9B3CB844390D8E5571372","29206B52EE02290ED6F5A5415EBD4187DE802CF176D9B3CB844390D8E5571372","MATCH"
"day08\05_WatchDog_FWDGT\VSCode\.cmsis\include\mpu_armv8.h","projects\07_FLASH_RTC_POWER\independent-watchdog\course\VSCode\.cmsis\include\mpu_armv8.h","11370","2C7D22A344CEDCC1E35380D1F76F0E6C55DA5E3101E6A41FD85497D1841FE8C9","2C7D22A344CEDCC1E35380D1F76F0E6C55DA5E3101E6A41FD85497D1841FE8C9","MATCH"
"day08\05_WatchDog_FWDGT\VSCode\.cmsis\include\pac_armv81.h","projects\07_FLASH_RTC_POWER\independent-watchdog\course\VSCode\.cmsis\include\pac_armv81.h","6062","D76F5CC0C59A59E035115F700B8E8D95B7B98ECB99A2924E885F82A94903D984","D76F5CC0C59A59E035115F700B8E8D95B7B98ECB99A2924E885F82A94903D984","MATCH"
"day08\05_WatchDog_FWDGT\VSCode\.cmsis\include\pmu_armv8.h","projects\07_FLASH_RTC_POWER\independent-watchdog\course\VSCode\.cmsis\include\pmu_armv8.h","22786","CEA8C105C5F41BA831FE4D9E8E39758068CD4C414383348DC2835D6BE447CCA0","CEA8C105C5F41BA831FE4D9E8E39758068CD4C414383348DC2835D6BE447CCA0","MATCH"
"day08\05_WatchDog_FWDGT\VSCode\.cmsis\include\tz_context.h","projects\07_FLASH_RTC_POWER\independent-watchdog\course\VSCode\.cmsis\include\tz_context.h","2687","45565C8CB04C653AABAF3CCEDDFC848B6A0DE28C20D4F7E3D475A992C7EEE788","45565C8CB04C653AABAF3CCEDDFC848B6A0DE28C20D4F7E3D475A992C7EEE788","MATCH"
"day08\05_WatchDog_FWDGT\VSCode\.eide.usr.ctx.json","projects\07_FLASH_RTC_POWER\independent-watchdog\course\VSCode\.eide.usr.ctx.json","28","03EE52DB36D82CC91C26B284E3B96463A6279B8908C327B3F06DCAB6366C1EBB","03EE52DB36D82CC91C26B284E3B96463A6279B8908C327B3F06DCAB6366C1EBB","MATCH"
"day08\05_WatchDog_FWDGT\VSCode\.eide\eide.json","projects\07_FLASH_RTC_POWER\independent-watchdog\course\VSCode\.eide\eide.json","7398","989B199DBD366F1815435E633849C473A28774B1FBA14965AF7B18B1568A721C","989B199DBD366F1815435E633849C473A28774B1FBA14965AF7B18B1568A721C","MATCH"
"day08\05_WatchDog_FWDGT\VSCode\.eide\env.ini","projects\07_FLASH_RTC_POWER\independent-watchdog\course\VSCode\.eide\env.ini","37","1F42E08381B7F9161DC65B5B4F98E584D5841FB9D722A6DEE18D48C52A2DDB42","1F42E08381B7F9161DC65B5B4F98E584D5841FB9D722A6DEE18D48C52A2DDB42","MATCH"
"day08\05_WatchDog_FWDGT\VSCode\.eide\files.options.yml","projects\07_FLASH_RTC_POWER\independent-watchdog\course\VSCode\.eide\files.options.yml","689","DCE15A6F5EA9904173CC7A8EE4D6A3790B84BE7D855AD431DD758DD630D094AF","DCE15A6F5EA9904173CC7A8EE4D6A3790B84BE7D855AD431DD758DD630D094AF","MATCH"
"day08\05_WatchDog_FWDGT\VSCode\.gitignore","projects\07_FLASH_RTC_POWER\independent-watchdog\course\VSCode\.gitignore","166","5430B7D763F0BECEA3C0D265A8BE1DB78E3F1A2E47938595F47498DA00E11E45","5430B7D763F0BECEA3C0D265A8BE1DB78E3F1A2E47938595F47498DA00E11E45","MATCH"
"day08\05_WatchDog_FWDGT\VSCode\VSCode.code-workspace","projects\07_FLASH_RTC_POWER\independent-watchdog\course\VSCode\VSCode.code-workspace","1199","254E79D293DFCA8FC2AAADEC81282183E7F03826C6A02A27ECB05EDF8389D7F1","254E79D293DFCA8FC2AAADEC81282183E7F03826C6A02A27ECB05EDF8389D7F1","MATCH"
"day13\01_GD32_PMU_mode\Firmware\CMSIS\core_cm4_simd.h","projects\07_FLASH_RTC_POWER\pmu-modes\course\Firmware\CMSIS\core_cm4_simd.h","22959","0C2A0C2D66C7791B82CA19D10336C96518830EF359F6BFD9DA7477BC2CBCCBBB","0C2A0C2D66C7791B82CA19D10336C96518830EF359F6BFD9DA7477BC2CBCCBBB","MATCH"
"day13\01_GD32_PMU_mode\Firmware\CMSIS\core_cm4.h","projects\07_FLASH_RTC_POWER\pmu-modes\course\Firmware\CMSIS\core_cm4.h","109878","4756546E1449D17B1A7DEE2F3307F2C92C9F1D669C3F5DFC3EE1DEC8AEE9A8F7","4756546E1449D17B1A7DEE2F3307F2C92C9F1D669C3F5DFC3EE1DEC8AEE9A8F7","MATCH"
"day13\01_GD32_PMU_mode\Firmware\CMSIS\core_cmFunc.h","projects\07_FLASH_RTC_POWER\pmu-modes\course\Firmware\CMSIS\core_cmFunc.h","15828","5075FF67C8E264B83D9B391C07C6512E26ABBC189E321DE0D8B4375476980E5E","5075FF67C8E264B83D9B391C07C6512E26ABBC189E321DE0D8B4375476980E5E","MATCH"
"day13\01_GD32_PMU_mode\Firmware\CMSIS\core_cmInstr.h","projects\07_FLASH_RTC_POWER\pmu-modes\course\Firmware\CMSIS\core_cmInstr.h","17205","C35DDCA16CA04646DC70ACF2D592AD9EAEAAECD8125A32ABB710069648266EB5","C35DDCA16CA04646DC70ACF2D592AD9EAEAAECD8125A32ABB710069648266EB5","MATCH"
"day13\01_GD32_PMU_mode\Firmware\CMSIS\GD\GD32F4xx\Include\gd32f4xx.h","projects\07_FLASH_RTC_POWER\pmu-modes\course\Firmware\CMSIS\GD\GD32F4xx\Include\gd32f4xx.h","28854","96F1F6884C9885D32DF760A385CA0B5E8E9B20C066F71B946771A00503623A62","96F1F6884C9885D32DF760A385CA0B5E8E9B20C066F71B946771A00503623A62","MATCH"
"day13\01_GD32_PMU_mode\Firmware\CMSIS\GD\GD32F4xx\Include\system_gd32f4xx.h","projects\07_FLASH_RTC_POWER\pmu-modes\course\Firmware\CMSIS\GD\GD32F4xx\Include\system_gd32f4xx.h","2484","98EF2DD6DD7F6D2542C4D5CA83E9869BE3630B43300CB9AB453703E4277913BD","98EF2DD6DD7F6D2542C4D5CA83E9869BE3630B43300CB9AB453703E4277913BD","MATCH"
"day13\01_GD32_PMU_mode\Firmware\CMSIS\GD\GD32F4xx\Source\ARM\startup_gd32f405_425.s","projects\07_FLASH_RTC_POWER\pmu-modes\course\Firmware\CMSIS\GD\GD32F4xx\Source\ARM\startup_gd32f405_425.s","21757","AEF6290F6950C0B7FB922FD12B91B3FC34ADA707A6846AA5D7A1277FDD50FBD9","AEF6290F6950C0B7FB922FD12B91B3FC34ADA707A6846AA5D7A1277FDD50FBD9","MATCH"
"day13\01_GD32_PMU_mode\Firmware\CMSIS\GD\GD32F4xx\Source\ARM\startup_gd32f407_427.s","projects\07_FLASH_RTC_POWER\pmu-modes\course\Firmware\CMSIS\GD\GD32F4xx\Source\ARM\startup_gd32f407_427.s","22101","65127CC1FFC7BB0C6E3AB3E1EF32C8F935D09EF4A83AC4914E089D40C39B8B5B","65127CC1FFC7BB0C6E3AB3E1EF32C8F935D09EF4A83AC4914E089D40C39B8B5B","MATCH"
"day13\01_GD32_PMU_mode\Firmware\CMSIS\GD\GD32F4xx\Source\ARM\startup_gd32f450_470.s","projects\07_FLASH_RTC_POWER\pmu-modes\course\Firmware\CMSIS\GD\GD32F4xx\Source\ARM\startup_gd32f450_470.s","23659","A4E9852BA47AAD025DE9645D067FAB33DDA87B8E82DEA6D77B3364F902345299","A4E9852BA47AAD025DE9645D067FAB33DDA87B8E82DEA6D77B3364F902345299","MATCH"
"day13\01_GD32_PMU_mode\Firmware\CMSIS\GD\GD32F4xx\Source\IAR\startup_gd32f405_425.s","projects\07_FLASH_RTC_POWER\pmu-modes\course\Firmware\CMSIS\GD\GD32F4xx\Source\IAR\startup_gd32f405_425.s","25159","70E76C6AD0182A5682773261E308008BC1102C09839605A0E058851173026836","70E76C6AD0182A5682773261E308008BC1102C09839605A0E058851173026836","MATCH"
"day13\01_GD32_PMU_mode\Firmware\CMSIS\GD\GD32F4xx\Source\IAR\startup_gd32f407_427.s","projects\07_FLASH_RTC_POWER\pmu-modes\course\Firmware\CMSIS\GD\GD32F4xx\Source\IAR\startup_gd32f407_427.s","25736","550D6CA54DE7F8FCB2791AAF9141666BA15978C55017FA6798BF0CA80A2864C6","550D6CA54DE7F8FCB2791AAF9141666BA15978C55017FA6798BF0CA80A2864C6","MATCH"
"day13\01_GD32_PMU_mode\Firmware\CMSIS\GD\GD32F4xx\Source\IAR\startup_gd32f450_470.s","projects\07_FLASH_RTC_POWER\pmu-modes\course\Firmware\CMSIS\GD\GD32F4xx\Source\IAR\startup_gd32f450_470.s","27837","EE6654F1D551C6937D014FE943342B0395A32076E5AC8DD688C600EACB9BD343","EE6654F1D551C6937D014FE943342B0395A32076E5AC8DD688C600EACB9BD343","MATCH"
"day13\01_GD32_PMU_mode\Firmware\CMSIS\GD\GD32F4xx\Source\system_gd32f4xx.c","projects\07_FLASH_RTC_POWER\pmu-modes\course\Firmware\CMSIS\GD\GD32F4xx\Source\system_gd32f4xx.c","36416","8F66A123756716CF74297A7B54EEC616F230CBBC37DFB60F21BF05D1BC070836","8F66A123756716CF74297A7B54EEC616F230CBBC37DFB60F21BF05D1BC070836","MATCH"
"day13\01_GD32_PMU_mode\Firmware\GD32F4xx_standard_peripheral\Include\gd32f4xx_adc.h","projects\07_FLASH_RTC_POWER\pmu-modes\course\Firmware\GD32F4xx_standard_peripheral\Include\gd32f4xx_adc.h","41521","D6B41E007F1EE95E5FA1B495F94924F7E6166439FBF3E9234A26B5FA6C32F1DE","D6B41E007F1EE95E5FA1B495F94924F7E6166439FBF3E9234A26B5FA6C32F1DE","MATCH"
"day13\01_GD32_PMU_mode\Firmware\GD32F4xx_standard_peripheral\Include\gd32f4xx_can.h","projects\07_FLASH_RTC_POWER\pmu-modes\course\Firmware\GD32F4xx_standard_peripheral\Include\gd32f4xx_can.h","54440","62A96066D7B8A1CEF45AB4092FCE5058B962050EB1C9E4B3585F0E19B9F30578","62A96066D7B8A1CEF45AB4092FCE5058B962050EB1C9E4B3585F0E19B9F30578","MATCH"
"day13\01_GD32_PMU_mode\Firmware\GD32F4xx_standard_peripheral\Include\gd32f4xx_crc.h","projects\07_FLASH_RTC_POWER\pmu-modes\course\Firmware\GD32F4xx_standard_peripheral\Include\gd32f4xx_crc.h","3380","4870F145AEEC968F3A7A0A5068105591E1ADEB9A37A5E47FDCC9D27D7D3AFBD6","4870F145AEEC968F3A7A0A5068105591E1ADEB9A37A5E47FDCC9D27D7D3AFBD6","MATCH"
"day13\01_GD32_PMU_mode\Firmware\GD32F4xx_standard_peripheral\Include\gd32f4xx_ctc.h","projects\07_FLASH_RTC_POWER\pmu-modes\course\Firmware\GD32F4xx_standard_peripheral\Include\gd32f4xx_ctc.h","11513","900AB7D5F9C585834166A58966C8D523FF91D410066D00BBED3E6522C25782D7","900AB7D5F9C585834166A58966C8D523FF91D410066D00BBED3E6522C25782D7","MATCH"
"day13\01_GD32_PMU_mode\Firmware\GD32F4xx_standard_peripheral\Include\gd32f4xx_dac.h","projects\07_FLASH_RTC_POWER\pmu-modes\course\Firmware\GD32F4xx_standard_peripheral\Include\gd32f4xx_dac.h","18761","86057CC0C52A32F955A12F47ABA1E4997AC2DABA13B10A686D8777579F638AFB","86057CC0C52A32F955A12F47ABA1E4997AC2DABA13B10A686D8777579F638AFB","MATCH"
"day13\01_GD32_PMU_mode\Firmware\GD32F4xx_standard_peripheral\Include\gd32f4xx_dbg.h","projects\07_FLASH_RTC_POWER\pmu-modes\course\Firmware\GD32F4xx_standard_peripheral\Include\gd32f4xx_dbg.h","9890","21A089B5880F1D101116BD37EAAC7A085A103901A40900E75941130D901B150E","21A089B5880F1D101116BD37EAAC7A085A103901A40900E75941130D901B150E","MATCH"
"day13\01_GD32_PMU_mode\Firmware\GD32F4xx_standard_peripheral\Include\gd32f4xx_dci.h","projects\07_FLASH_RTC_POWER\pmu-modes\course\Firmware\GD32F4xx_standard_peripheral\Include\gd32f4xx_dci.h","13665","787F449F0B2EBA5BBCC92B0D50899FA668CEA6ED9CCAB3960EBA0B2253CC7748","787F449F0B2EBA5BBCC92B0D50899FA668CEA6ED9CCAB3960EBA0B2253CC7748","MATCH"
"day13\01_GD32_PMU_mode\Firmware\GD32F4xx_standard_peripheral\Include\gd32f4xx_dma.h","projects\07_FLASH_RTC_POWER\pmu-modes\course\Firmware\GD32F4xx_standard_peripheral\Include\gd32f4xx_dma.h","32675","F358957EBF98C4C449480A088E349CDAC2716394C24FA4111DE08B06FCDC5094","F358957EBF98C4C449480A088E349CDAC2716394C24FA4111DE08B06FCDC5094","MATCH"
"day13\01_GD32_PMU_mode\Firmware\GD32F4xx_standard_peripheral\Include\gd32f4xx_enet.h","projects\07_FLASH_RTC_POWER\pmu-modes\course\Firmware\GD32F4xx_standard_peripheral\Include\gd32f4xx_enet.h","144084","2BDBC2BE9B0E3BA398DEEAB38021442A2CFEEDFF21FC353CF3B16C717A2CDF9B","2BDBC2BE9B0E3BA398DEEAB38021442A2CFEEDFF21FC353CF3B16C717A2CDF9B","MATCH"
"day13\01_GD32_PMU_mode\Firmware\GD32F4xx_standard_peripheral\Include\gd32f4xx_exmc.h","projects\07_FLASH_RTC_POWER\pmu-modes\course\Firmware\GD32F4xx_standard_peripheral\Include\gd32f4xx_exmc.h","64299","68482B678DD868085A6BE6317EEC18873D43F895936E503487E843E561A0D55E","68482B678DD868085A6BE6317EEC18873D43F895936E503487E843E561A0D55E","MATCH"
"day13\01_GD32_PMU_mode\Firmware\GD32F4xx_standard_peripheral\Include\gd32f4xx_exti.h","projects\07_FLASH_RTC_POWER\pmu-modes\course\Firmware\GD32F4xx_standard_peripheral\Include\gd32f4xx_exti.h","20470","705948F029F63A5995D9849A60E417D6210ECE34C8E942C76A2D4E7A2B927426","705948F029F63A5995D9849A60E417D6210ECE34C8E942C76A2D4E7A2B927426","MATCH"
"day13\01_GD32_PMU_mode\Firmware\GD32F4xx_standard_peripheral\Include\gd32f4xx_fmc.h","projects\07_FLASH_RTC_POWER\pmu-modes\course\Firmware\GD32F4xx_standard_peripheral\Include\gd32f4xx_fmc.h","28322","5A5D9F0B1CE1E7486206130F80048F81A6D3E9E6337BF0A4C69D4A1D5EDC9F7E","5A5D9F0B1CE1E7486206130F80048F81A6D3E9E6337BF0A4C69D4A1D5EDC9F7E","MATCH"
"day13\01_GD32_PMU_mode\Firmware\GD32F4xx_standard_peripheral\Include\gd32f4xx_fwdgt.h","projects\07_FLASH_RTC_POWER\pmu-modes\course\Firmware\GD32F4xx_standard_peripheral\Include\gd32f4xx_fwdgt.h","5876","04CB4EE0D6526910CF9CA8BEFC437FC6DF3FDFE09FB0BC418AB7EA5C19611A50","04CB4EE0D6526910CF9CA8BEFC437FC6DF3FDFE09FB0BC418AB7EA5C19611A50","MATCH"
"day13\01_GD32_PMU_mode\Firmware\GD32F4xx_standard_peripheral\Include\gd32f4xx_gpio.h","projects\07_FLASH_RTC_POWER\pmu-modes\course\Firmware\GD32F4xx_standard_peripheral\Include\gd32f4xx_gpio.h","29164","A20501A28644BF45B8E3C4AB2A7237466805C1480B06E7D6C8585296D7F08787","A20501A28644BF45B8E3C4AB2A7237466805C1480B06E7D6C8585296D7F08787","MATCH"
"day13\01_GD32_PMU_mode\Firmware\GD32F4xx_standard_peripheral\Include\gd32f4xx_i2c.h","projects\07_FLASH_RTC_POWER\pmu-modes\course\Firmware\GD32F4xx_standard_peripheral\Include\gd32f4xx_i2c.h","29826","6CF4053E2452263CDFCB98DA0832CE1F2F1B0380C1BEA5D4284C1DF0D5CBBB05","6CF4053E2452263CDFCB98DA0832CE1F2F1B0380C1BEA5D4284C1DF0D5CBBB05","MATCH"
"day13\01_GD32_PMU_mode\Firmware\GD32F4xx_standard_peripheral\Include\gd32f4xx_ipa.h","projects\07_FLASH_RTC_POWER\pmu-modes\course\Firmware\GD32F4xx_standard_peripheral\Include\gd32f4xx_ipa.h","25918","1AD22068402E09BAE4117E637ED972FCD7452751CCBE01C7829AEA7DF45AE8AE","1AD22068402E09BAE4117E637ED972FCD7452751CCBE01C7829AEA7DF45AE8AE","MATCH"
"day13\01_GD32_PMU_mode\Firmware\GD32F4xx_standard_peripheral\Include\gd32f4xx_iref.h","projects\07_FLASH_RTC_POWER\pmu-modes\course\Firmware\GD32F4xx_standard_peripheral\Include\gd32f4xx_iref.h","13448","D9D1E67FD4473F44B2F7E22BB78C3DFA9B5109D083AF1B0FDC63EC657B241C4A","D9D1E67FD4473F44B2F7E22BB78C3DFA9B5109D083AF1B0FDC63EC657B241C4A","MATCH"
"day13\01_GD32_PMU_mode\Firmware\GD32F4xx_standard_peripheral\Include\gd32f4xx_misc.h","projects\07_FLASH_RTC_POWER\pmu-modes\course\Firmware\GD32F4xx_standard_peripheral\Include\gd32f4xx_misc.h","4691","0A918F830F0200C0E806DFB50594259783E69D8ADBC27708705567F7193D35FB","0A918F830F0200C0E806DFB50594259783E69D8ADBC27708705567F7193D35FB","MATCH"
"day13\01_GD32_PMU_mode\Firmware\GD32F4xx_standard_peripheral\Include\gd32f4xx_pmu.h","projects\07_FLASH_RTC_POWER\pmu-modes\course\Firmware\GD32F4xx_standard_peripheral\Include\gd32f4xx_pmu.h","11878","B9A72B6E42083EFD170C0C5FBE579C5D6417F9BBF674DB36041BE96FCBD84636","B9A72B6E42083EFD170C0C5FBE579C5D6417F9BBF674DB36041BE96FCBD84636","MATCH"
"day13\01_GD32_PMU_mode\Firmware\GD32F4xx_standard_peripheral\Include\gd32f4xx_rcu.h","projects\07_FLASH_RTC_POWER\pmu-modes\course\Firmware\GD32F4xx_standard_peripheral\Include\gd32f4xx_rcu.h","95768","AC2B2AE653EDC89E674EDA24E1CFE8B511B73984AE0CABED3DF60BA61F8EEF08","AC2B2AE653EDC89E674EDA24E1CFE8B511B73984AE0CABED3DF60BA61F8EEF08","MATCH"
"day13\01_GD32_PMU_mode\Firmware\GD32F4xx_standard_peripheral\Include\gd32f4xx_rtc.h","projects\07_FLASH_RTC_POWER\pmu-modes\course\Firmware\GD32F4xx_standard_peripheral\Include\gd32f4xx_rtc.h","52407","1798B1B495683096D4491CF0F854957D2AD60612F65A801ED0E7A4BEE49FA549","1798B1B495683096D4491CF0F854957D2AD60612F65A801ED0E7A4BEE49FA549","MATCH"
"day13\01_GD32_PMU_mode\Firmware\GD32F4xx_standard_peripheral\Include\gd32f4xx_sdio.h","projects\07_FLASH_RTC_POWER\pmu-modes\course\Firmware\GD32F4xx_standard_peripheral\Include\gd32f4xx_sdio.h","30655","8D6813EFC565E3085611D767EA4E670E0C76A256C6F17FC93F313BCB11D0385A","8D6813EFC565E3085611D767EA4E670E0C76A256C6F17FC93F313BCB11D0385A","MATCH"
"day13\01_GD32_PMU_mode\Firmware\GD32F4xx_standard_peripheral\Include\gd32f4xx_spi.h","projects\07_FLASH_RTC_POWER\pmu-modes\course\Firmware\GD32F4xx_standard_peripheral\Include\gd32f4xx_spi.h","25831","4C6360C8FE58D4A38E4870BCBA17630857551D3EC7B4BD3DDEB5085C31240B1C","4C6360C8FE58D4A38E4870BCBA17630857551D3EC7B4BD3DDEB5085C31240B1C","MATCH"
"day13\01_GD32_PMU_mode\Firmware\GD32F4xx_standard_peripheral\Include\gd32f4xx_syscfg.h","projects\07_FLASH_RTC_POWER\pmu-modes\course\Firmware\GD32F4xx_standard_peripheral\Include\gd32f4xx_syscfg.h","11558","5060FEF0A07A3FC1396A31F09F95FE1D134F8A1FB1581E3DD98BB6078108C447","5060FEF0A07A3FC1396A31F09F95FE1D134F8A1FB1581E3DD98BB6078108C447","MATCH"
"day13\01_GD32_PMU_mode\Firmware\GD32F4xx_standard_peripheral\Include\gd32f4xx_timer.h","projects\07_FLASH_RTC_POWER\pmu-modes\course\Firmware\GD32F4xx_standard_peripheral\Include\gd32f4xx_timer.h","59717","7A79F81F1D862A1B49F23BFE05B1AC751A71E761B6E63C2DFFABE6C7BC69AC49","7A79F81F1D862A1B49F23BFE05B1AC751A71E761B6E63C2DFFABE6C7BC69AC49","MATCH"
"day13\01_GD32_PMU_mode\Firmware\GD32F4xx_standard_peripheral\Include\gd32f4xx_tli.h","projects\07_FLASH_RTC_POWER\pmu-modes\course\Firmware\GD32F4xx_standard_peripheral\Include\gd32f4xx_tli.h","23557","1B94EA157AC8CE2FED962B0C4FF95B6702C6194300AA51B04C3AAFE493768D2A","1B94EA157AC8CE2FED962B0C4FF95B6702C6194300AA51B04C3AAFE493768D2A","MATCH"
"day13\01_GD32_PMU_mode\Firmware\GD32F4xx_standard_peripheral\Include\gd32f4xx_trng.h","projects\07_FLASH_RTC_POWER\pmu-modes\course\Firmware\GD32F4xx_standard_peripheral\Include\gd32f4xx_trng.h","4431","91E2BB5AFFEFA65F90927FAD795FAA0F4204516284ECA38E461506F0CD9CA924","91E2BB5AFFEFA65F90927FAD795FAA0F4204516284ECA38E461506F0CD9CA924","MATCH"
"day13\01_GD32_PMU_mode\Firmware\GD32F4xx_standard_peripheral\Include\gd32f4xx_usart.h","projects\07_FLASH_RTC_POWER\pmu-modes\course\Firmware\GD32F4xx_standard_peripheral\Include\gd32f4xx_usart.h","31652","6CF40E957A1216C99E3663D667DE1944C42272897011834BF20ADCD97E791074","6CF40E957A1216C99E3663D667DE1944C42272897011834BF20ADCD97E791074","MATCH"
"day13\01_GD32_PMU_mode\Firmware\GD32F4xx_standard_peripheral\Include\gd32f4xx_wwdgt.h","projects\07_FLASH_RTC_POWER\pmu-modes\course\Firmware\GD32F4xx_standard_peripheral\Include\gd32f4xx_wwdgt.h","4561","01EECFC98B4507AEB8F0AFBE7D994EA0A617A79E5D4EB2D1D4A85979BA014EFE","01EECFC98B4507AEB8F0AFBE7D994EA0A617A79E5D4EB2D1D4A85979BA014EFE","MATCH"
"day13\01_GD32_PMU_mode\Firmware\GD32F4xx_standard_peripheral\Source\gd32f4xx_adc.c","projects\07_FLASH_RTC_POWER\pmu-modes\course\Firmware\GD32F4xx_standard_peripheral\Source\gd32f4xx_adc.c","49331","8A5C91EC7A397B53EFD086646674D273ECE00F36C9610AB50715FE1521BA4112","8A5C91EC7A397B53EFD086646674D273ECE00F36C9610AB50715FE1521BA4112","MATCH"
"day13\01_GD32_PMU_mode\Firmware\GD32F4xx_standard_peripheral\Source\gd32f4xx_can.c","projects\07_FLASH_RTC_POWER\pmu-modes\course\Firmware\GD32F4xx_standard_peripheral\Source\gd32f4xx_can.c","40297","CE0E343B00856972EABACCC1F4D88C051796A8D1E30C4596312FC29A533DB8BA","CE0E343B00856972EABACCC1F4D88C051796A8D1E30C4596312FC29A533DB8BA","MATCH"
"day13\01_GD32_PMU_mode\Firmware\GD32F4xx_standard_peripheral\Source\gd32f4xx_crc.c","projects\07_FLASH_RTC_POWER\pmu-modes\course\Firmware\GD32F4xx_standard_peripheral\Source\gd32f4xx_crc.c","3904","C14034159E72E082AA70E2A8CBA60FFCF950B63D75AE467706632F32EC00F315","C14034159E72E082AA70E2A8CBA60FFCF950B63D75AE467706632F32EC00F315","MATCH"
"day13\01_GD32_PMU_mode\Firmware\GD32F4xx_standard_peripheral\Source\gd32f4xx_ctc.c","projects\07_FLASH_RTC_POWER\pmu-modes\course\Firmware\GD32F4xx_standard_peripheral\Source\gd32f4xx_ctc.c","12892","07F4A6385C6FFB2E18ECF95DAAE6A431FB91262FA988835A249A64F4002280A1","07F4A6385C6FFB2E18ECF95DAAE6A431FB91262FA988835A249A64F4002280A1","MATCH"
"day13\01_GD32_PMU_mode\Firmware\GD32F4xx_standard_peripheral\Source\gd32f4xx_dac.c","projects\07_FLASH_RTC_POWER\pmu-modes\course\Firmware\GD32F4xx_standard_peripheral\Source\gd32f4xx_dac.c","22641","ACE5C99F1E2774D955CA4E4D5D6E81B2D831F718098487EA3E8C2C34C960E160","ACE5C99F1E2774D955CA4E4D5D6E81B2D831F718098487EA3E8C2C34C960E160","MATCH"
"day13\01_GD32_PMU_mode\Firmware\GD32F4xx_standard_peripheral\Source\gd32f4xx_dbg.c","projects\07_FLASH_RTC_POWER\pmu-modes\course\Firmware\GD32F4xx_standard_peripheral\Source\gd32f4xx_dbg.c","7772","6EEC659FD6B5C549226BAE8E9C9C78785B064D557434189BB221287D550FE291","6EEC659FD6B5C549226BAE8E9C9C78785B064D557434189BB221287D550FE291","MATCH"
"day13\01_GD32_PMU_mode\Firmware\GD32F4xx_standard_peripheral\Source\gd32f4xx_dci.c","projects\07_FLASH_RTC_POWER\pmu-modes\course\Firmware\GD32F4xx_standard_peripheral\Source\gd32f4xx_dci.c","10290","B99613D9A21A02DD39117F30B9A488B859209AB3489DCFDE7361D147CDF76516","B99613D9A21A02DD39117F30B9A488B859209AB3489DCFDE7361D147CDF76516","MATCH"
"day13\01_GD32_PMU_mode\Firmware\GD32F4xx_standard_peripheral\Source\gd32f4xx_dma.c","projects\07_FLASH_RTC_POWER\pmu-modes\course\Firmware\GD32F4xx_standard_peripheral\Source\gd32f4xx_dma.c","36449","2D943A169ABABCC22CBC6C41665F5CE375C30B63005954E1D34BB3218CB63FAF","2D943A169ABABCC22CBC6C41665F5CE375C30B63005954E1D34BB3218CB63FAF","MATCH"
"day13\01_GD32_PMU_mode\Firmware\GD32F4xx_standard_peripheral\Source\gd32f4xx_enet.c","projects\07_FLASH_RTC_POWER\pmu-modes\course\Firmware\GD32F4xx_standard_peripheral\Source\gd32f4xx_enet.c","151999","3051E8737C463D23D07B9C9AD937BC7C488BB573738B2313982870DAA670E87E","3051E8737C463D23D07B9C9AD937BC7C488BB573738B2313982870DAA670E87E","MATCH"
"day13\01_GD32_PMU_mode\Firmware\GD32F4xx_standard_peripheral\Source\gd32f4xx_exmc.c","projects\07_FLASH_RTC_POWER\pmu-modes\course\Firmware\GD32F4xx_standard_peripheral\Source\gd32f4xx_exmc.c","57117","E4A79B377C89D9EB8BD5BE101E273AD5EFBA0C2A24FB4621AB7BC124BEEEAEBF","E4A79B377C89D9EB8BD5BE101E273AD5EFBA0C2A24FB4621AB7BC124BEEEAEBF","MATCH"
"day13\01_GD32_PMU_mode\Firmware\GD32F4xx_standard_peripheral\Source\gd32f4xx_exti.c","projects\07_FLASH_RTC_POWER\pmu-modes\course\Firmware\GD32F4xx_standard_peripheral\Source\gd32f4xx_exti.c","8423","FCE4A7ECA93486D71A9E5758642F2282AE7F8805DBB559312837A0B17577FE58","FCE4A7ECA93486D71A9E5758642F2282AE7F8805DBB559312837A0B17577FE58","MATCH"
"day13\01_GD32_PMU_mode\Firmware\GD32F4xx_standard_peripheral\Source\gd32f4xx_fmc.c","projects\07_FLASH_RTC_POWER\pmu-modes\course\Firmware\GD32F4xx_standard_peripheral\Source\gd32f4xx_fmc.c","34852","15408829D2405432FC8ED73D5D8C6BBB1E6C74540F1B817983BABD62E22CAB16","15408829D2405432FC8ED73D5D8C6BBB1E6C74540F1B817983BABD62E22CAB16","MATCH"
"day13\01_GD32_PMU_mode\Firmware\GD32F4xx_standard_peripheral\Source\gd32f4xx_fwdgt.c","projects\07_FLASH_RTC_POWER\pmu-modes\course\Firmware\GD32F4xx_standard_peripheral\Source\gd32f4xx_fwdgt.c","7007","05B67D15069CED6F0472E4115ECD16064402E0D6220561499000025A8CD189B7","05B67D15069CED6F0472E4115ECD16064402E0D6220561499000025A8CD189B7","MATCH"
"day13\01_GD32_PMU_mode\Firmware\GD32F4xx_standard_peripheral\Source\gd32f4xx_gpio.c","projects\07_FLASH_RTC_POWER\pmu-modes\course\Firmware\GD32F4xx_standard_peripheral\Source\gd32f4xx_gpio.c","15061","262BEFE864D5DA3BADA64D0B3DAB29E5C2747E46B154EDE8BCAB0B788DB614E0","262BEFE864D5DA3BADA64D0B3DAB29E5C2747E46B154EDE8BCAB0B788DB614E0","MATCH"
"day13\01_GD32_PMU_mode\Firmware\GD32F4xx_standard_peripheral\Source\gd32f4xx_i2c.c","projects\07_FLASH_RTC_POWER\pmu-modes\course\Firmware\GD32F4xx_standard_peripheral\Source\gd32f4xx_i2c.c","30805","8EDFAF1A8F0BF2833923D0072FE1B9D0467382B3EC1D243E918D0DE9711CCCD2","8EDFAF1A8F0BF2833923D0072FE1B9D0467382B3EC1D243E918D0DE9711CCCD2","MATCH"
"day13\01_GD32_PMU_mode\Firmware\GD32F4xx_standard_peripheral\Source\gd32f4xx_ipa.c","projects\07_FLASH_RTC_POWER\pmu-modes\course\Firmware\GD32F4xx_standard_peripheral\Source\gd32f4xx_ipa.c","26662","38A8350304763C1C83B4D2341F6782B090CA09ABE541AC360089B5CB454BCF57","38A8350304763C1C83B4D2341F6782B090CA09ABE541AC360089B5CB454BCF57","MATCH"
"day13\01_GD32_PMU_mode\Firmware\GD32F4xx_standard_peripheral\Source\gd32f4xx_iref.c","projects\07_FLASH_RTC_POWER\pmu-modes\course\Firmware\GD32F4xx_standard_peripheral\Source\gd32f4xx_iref.c","3544","24F2FCFCD20882FD3E65773A281A827BF5391A0A8054324EEF7C98BB3F2B9B80","24F2FCFCD20882FD3E65773A281A827BF5391A0A8054324EEF7C98BB3F2B9B80","MATCH"
"day13\01_GD32_PMU_mode\Firmware\GD32F4xx_standard_peripheral\Source\gd32f4xx_misc.c","projects\07_FLASH_RTC_POWER\pmu-modes\course\Firmware\GD32F4xx_standard_peripheral\Source\gd32f4xx_misc.c","7136","1CD262F295155428C25DEDC69BFBAB99F7A99DE09E0B602ECA1F2C6017CFE2DA","1CD262F295155428C25DEDC69BFBAB99F7A99DE09E0B602ECA1F2C6017CFE2DA","MATCH"
"day13\01_GD32_PMU_mode\Firmware\GD32F4xx_standard_peripheral\Source\gd32f4xx_pmu.c","projects\07_FLASH_RTC_POWER\pmu-modes\course\Firmware\GD32F4xx_standard_peripheral\Source\gd32f4xx_pmu.c","11909","DAFA94838A55132E3313234C5AC2BE6172116DC26574347363D554EFFB186D79","DAFA94838A55132E3313234C5AC2BE6172116DC26574347363D554EFFB186D79","MATCH"
"day13\01_GD32_PMU_mode\Firmware\GD32F4xx_standard_peripheral\Source\gd32f4xx_rcu.c","projects\07_FLASH_RTC_POWER\pmu-modes\course\Firmware\GD32F4xx_standard_peripheral\Source\gd32f4xx_rcu.c","50047","6C1030EB58EC7CB9C41E2A1FF31DDEF87F70DD083222327978234004C4E95B98","6C1030EB58EC7CB9C41E2A1FF31DDEF87F70DD083222327978234004C4E95B98","MATCH"
"day13\01_GD32_PMU_mode\Firmware\GD32F4xx_standard_peripheral\Source\gd32f4xx_rtc.c","projects\07_FLASH_RTC_POWER\pmu-modes\course\Firmware\GD32F4xx_standard_peripheral\Source\gd32f4xx_rtc.c","46946","EEA5BCB92C88A7BAB9F3740F8E9408236412A546B03A5467F21B0F94A01183E7","EEA5BCB92C88A7BAB9F3740F8E9408236412A546B03A5467F21B0F94A01183E7","MATCH"
"day13\01_GD32_PMU_mode\Firmware\GD32F4xx_standard_peripheral\Source\gd32f4xx_sdio.c","projects\07_FLASH_RTC_POWER\pmu-modes\course\Firmware\GD32F4xx_standard_peripheral\Source\gd32f4xx_sdio.c","28412","9D8F3E488C74C44A30C4D0BBB9CD8D86555D898CA9C36F259CE57609959B9854","9D8F3E488C74C44A30C4D0BBB9CD8D86555D898CA9C36F259CE57609959B9854","MATCH"
"day13\01_GD32_PMU_mode\Firmware\GD32F4xx_standard_peripheral\Source\gd32f4xx_spi.c","projects\07_FLASH_RTC_POWER\pmu-modes\course\Firmware\GD32F4xx_standard_peripheral\Source\gd32f4xx_spi.c","30670","CE06438E9AD5882A0FCA88DFE658DD925ED3320BA574C2797E2F93ACF6142459","CE06438E9AD5882A0FCA88DFE658DD925ED3320BA574C2797E2F93ACF6142459","MATCH"
"day13\01_GD32_PMU_mode\Firmware\GD32F4xx_standard_peripheral\Source\gd32f4xx_syscfg.c","projects\07_FLASH_RTC_POWER\pmu-modes\course\Firmware\GD32F4xx_standard_peripheral\Source\gd32f4xx_syscfg.c","7949","51A7A5E70F3064424CC6E2F6A06942B47ADAAC8C36A6612EE08B1643557B3CA3","51A7A5E70F3064424CC6E2F6A06942B47ADAAC8C36A6612EE08B1643557B3CA3","MATCH"
"day13\01_GD32_PMU_mode\Firmware\GD32F4xx_standard_peripheral\Source\gd32f4xx_timer.c","projects\07_FLASH_RTC_POWER\pmu-modes\course\Firmware\GD32F4xx_standard_peripheral\Source\gd32f4xx_timer.c","89361","3961465CF6BA39554E34C02183C50676A4AB9B3991A6AAD32D271754B2506B14","3961465CF6BA39554E34C02183C50676A4AB9B3991A6AAD32D271754B2506B14","MATCH"
"day13\01_GD32_PMU_mode\Firmware\GD32F4xx_standard_peripheral\Source\gd32f4xx_tli.c","projects\07_FLASH_RTC_POWER\pmu-modes\course\Firmware\GD32F4xx_standard_peripheral\Source\gd32f4xx_tli.c","24645","881A02E692AFD4A0B6848A929B0B8C79148911AD7543CF611287C45E82372541","881A02E692AFD4A0B6848A929B0B8C79148911AD7543CF611287C45E82372541","MATCH"
"day13\01_GD32_PMU_mode\Firmware\GD32F4xx_standard_peripheral\Source\gd32f4xx_trng.c","projects\07_FLASH_RTC_POWER\pmu-modes\course\Firmware\GD32F4xx_standard_peripheral\Source\gd32f4xx_trng.c","4471","BA9093D046A01C997AA54D2DE9F663E8AF32FB9E53C950CFC640F1033FCD6C53","BA9093D046A01C997AA54D2DE9F663E8AF32FB9E53C950CFC640F1033FCD6C53","MATCH"
"day13\01_GD32_PMU_mode\Firmware\GD32F4xx_standard_peripheral\Source\gd32f4xx_usart.c","projects\07_FLASH_RTC_POWER\pmu-modes\course\Firmware\GD32F4xx_standard_peripheral\Source\gd32f4xx_usart.c","34715","F67FA54D9C9537317BE92D95FD880A394D9ABE98DF708E5AA821FBFA392AE9B0","F67FA54D9C9537317BE92D95FD880A394D9ABE98DF708E5AA821FBFA392AE9B0","MATCH"
"day13\01_GD32_PMU_mode\Firmware\GD32F4xx_standard_peripheral\Source\gd32f4xx_wwdgt.c","projects\07_FLASH_RTC_POWER\pmu-modes\course\Firmware\GD32F4xx_standard_peripheral\Source\gd32f4xx_wwdgt.c","4154","0ED39DE6F0101E10DDCB476E6EF21C44D2282D4F689D0D0D70F9E04940E6F0FE","0ED39DE6F0101E10DDCB476E6EF21C44D2282D4F689D0D0D70F9E04940E6F0FE","MATCH"
"day13\01_GD32_PMU_mode\Hardware\bsp_buzzer.c","projects\07_FLASH_RTC_POWER\pmu-modes\course\Hardware\bsp_buzzer.c","3700","DB132610BB9FD25BB3606FEE7C189AD01FB3F68FEF38D105A74C0609C66B5CEE","DB132610BB9FD25BB3606FEE7C189AD01FB3F68FEF38D105A74C0609C66B5CEE","MATCH"
"day13\01_GD32_PMU_mode\Hardware\bsp_buzzer.h","projects\07_FLASH_RTC_POWER\pmu-modes\course\Hardware\bsp_buzzer.h","291","A849E5A19D17A5DED0E7438846AFA0D5E3636544ABFC356B361024CA882EC6C5","A849E5A19D17A5DED0E7438846AFA0D5E3636544ABFC356B361024CA882EC6C5","MATCH"
"day13\01_GD32_PMU_mode\Hardware\bsp_buzzer2.c","projects\07_FLASH_RTC_POWER\pmu-modes\course\Hardware\bsp_buzzer2.c","1429","D4F400CA00C8ACE082181E1D587A2B1CE7CC29C870BCA80C8A920BF78710B2C1","D4F400CA00C8ACE082181E1D587A2B1CE7CC29C870BCA80C8A920BF78710B2C1","MATCH"
"day13\01_GD32_PMU_mode\Hardware\bsp_buzzer2.h","projects\07_FLASH_RTC_POWER\pmu-modes\course\Hardware\bsp_buzzer2.h","291","A849E5A19D17A5DED0E7438846AFA0D5E3636544ABFC356B361024CA882EC6C5","A849E5A19D17A5DED0E7438846AFA0D5E3636544ABFC356B361024CA882EC6C5","MATCH"
"day13\01_GD32_PMU_mode\Hardware\spi_flash.c","projects\07_FLASH_RTC_POWER\pmu-modes\course\Hardware\spi_flash.c","4949","44BF5BFB4B940BC773E586FB8FFB678048507DEDC527DD9837FE2E1468B83D22","44BF5BFB4B940BC773E586FB8FFB678048507DEDC527DD9837FE2E1468B83D22","MATCH"
"day13\01_GD32_PMU_mode\Hardware\spi_flash.h","projects\07_FLASH_RTC_POWER\pmu-modes\course\Hardware\spi_flash.h","706","A4B00F6D47818E0C291F7A3641B57721C271391AC35F371F31CA06A23B64859F","A4B00F6D47818E0C291F7A3641B57721C271391AC35F371F31CA06A23B64859F","MATCH"
"day13\01_GD32_PMU_mode\Hardware\spi_oled\bmp.h","projects\07_FLASH_RTC_POWER\pmu-modes\course\Hardware\spi_oled\bmp.h","5892","41B47ABF87F28E541BCE47E6CF50E9E305764B99F532E8C59EEB5D2DA9C5BB87","41B47ABF87F28E541BCE47E6CF50E9E305764B99F532E8C59EEB5D2DA9C5BB87","MATCH"
"day13\01_GD32_PMU_mode\Hardware\spi_oled\oled.c","projects\07_FLASH_RTC_POWER\pmu-modes\course\Hardware\spi_oled\oled.c","10082","2BDC09F4AA58985F6CF9C9D0A198C20DDFE3F324532F2D3B016BBE912F9795CA","2BDC09F4AA58985F6CF9C9D0A198C20DDFE3F324532F2D3B016BBE912F9795CA","MATCH"
"day13\01_GD32_PMU_mode\Hardware\spi_oled\oled.h","projects\07_FLASH_RTC_POWER\pmu-modes\course\Hardware\spi_oled\oled.h","1797","7A2125FC4D5260CA5FB192C6EC9068A35587DBBD20C038F42D6960BB994ED857","7A2125FC4D5260CA5FB192C6EC9068A35587DBBD20C038F42D6960BB994ED857","MATCH"
"day13\01_GD32_PMU_mode\Library\EXTI_config.h","projects\07_FLASH_RTC_POWER\pmu-modes\course\Library\EXTI_config.h","1672","24FEF97279AE0AC9D41104F738AC892E432000ABD075302047FFE0E7D9472D63","24FEF97279AE0AC9D41104F738AC892E432000ABD075302047FFE0E7D9472D63","MATCH"
"day13\01_GD32_PMU_mode\Library\EXTI.c","projects\07_FLASH_RTC_POWER\pmu-modes\course\Library\EXTI.c","3132","528D0B3C2AC1F1661095497895FDB15FF878723CF351D28F3D3EE13F79DF8AE2","528D0B3C2AC1F1661095497895FDB15FF878723CF351D28F3D3EE13F79DF8AE2","MATCH"
"day13\01_GD32_PMU_mode\Library\EXTI.h","projects\07_FLASH_RTC_POWER\pmu-modes\course\Library\EXTI.h","246","63711925072BE76CE24B295341905A97BDD73234E1EFB33A28A0CEC82E3CD6C2","63711925072BE76CE24B295341905A97BDD73234E1EFB33A28A0CEC82E3CD6C2","MATCH"
"day13\01_GD32_PMU_mode\Library\I2C0.c","projects\07_FLASH_RTC_POWER\pmu-modes\course\Library\I2C0.c","11837","1902450E399F26AB11BABACB640C9C56389B2188FF852E3E6A58D60E16AF528E","1902450E399F26AB11BABACB640C9C56389B2188FF852E3E6A58D60E16AF528E","MATCH"
"day13\01_GD32_PMU_mode\Library\I2C0.h","projects\07_FLASH_RTC_POWER\pmu-modes\course\Library\I2C0.h","1258","E30F8BA27DF76E3682B8D0325EB2B9DAAF13A20CFF0E1FC59A4625625996AF42","E30F8BA27DF76E3682B8D0325EB2B9DAAF13A20CFF0E1FC59A4625625996AF42","MATCH"
"day13\01_GD32_PMU_mode\Library\SPI0.c","projects\07_FLASH_RTC_POWER\pmu-modes\course\Library\SPI0.c","5277","05ABB9FC634EC19ABB3300F6A69E0FD0E99EF08B423AFED75D102309A2E3CBEF","05ABB9FC634EC19ABB3300F6A69E0FD0E99EF08B423AFED75D102309A2E3CBEF","MATCH"
"day13\01_GD32_PMU_mode\Library\SPI0.h","projects\07_FLASH_RTC_POWER\pmu-modes\course\Library\SPI0.h","546","484C159F75CA7C537789E3DB62F2E9758505CEE54C4C5AFA7640ED8BAF3E08E6","484C159F75CA7C537789E3DB62F2E9758505CEE54C4C5AFA7640ED8BAF3E08E6","MATCH"
"day13\01_GD32_PMU_mode\Library\TIMER_config.h","projects\07_FLASH_RTC_POWER\pmu-modes\course\Library\TIMER_config.h","1813","BD74AB72F9068615F9AB44169B11F6EF25CD9BC3D4CD0E27A95BE4AE24608766","BD74AB72F9068615F9AB44169B11F6EF25CD9BC3D4CD0E27A95BE4AE24608766","MATCH"
"day13\01_GD32_PMU_mode\Library\TIMER.c","projects\07_FLASH_RTC_POWER\pmu-modes\course\Library\TIMER.c","5924","68A9D9BBDB446C51E0C577B7E7969E8F3513AF7E4736C10BC6D579FBF5661435","68A9D9BBDB446C51E0C577B7E7969E8F3513AF7E4736C10BC6D579FBF5661435","MATCH"
"day13\01_GD32_PMU_mode\Library\TIMER.h","projects\07_FLASH_RTC_POWER\pmu-modes\course\Library\TIMER.h","759","51A72D9863C245195AD3CD40ADDB0D573930D5AB540B30D3D971AD2AF6B2E80E","51A72D9863C245195AD3CD40ADDB0D573930D5AB540B30D3D971AD2AF6B2E80E","MATCH"
"day13\01_GD32_PMU_mode\Library\USART_config.h","projects\07_FLASH_RTC_POWER\pmu-modes\course\Library\USART_config.h","1220","73E72408B41955E419784B2A24B0FBD8AD81A334AA38EB9DB60A7DDAE97AD633","73E72408B41955E419784B2A24B0FBD8AD81A334AA38EB9DB60A7DDAE97AD633","MATCH"
"day13\01_GD32_PMU_mode\Library\USART0.c","projects\07_FLASH_RTC_POWER\pmu-modes\course\Library\USART0.c","10194","325E153A7388566303CC9DA901A87ED2A3D158D0238FA4A36A20EB17B1067606","325E153A7388566303CC9DA901A87ED2A3D158D0238FA4A36A20EB17B1067606","MATCH"
"day13\01_GD32_PMU_mode\Library\USART0.h","projects\07_FLASH_RTC_POWER\pmu-modes\course\Library\USART0.h","658","6016FD90E22446BB90BE0996EA5EE6493AB9CDF6E7F71024ED583F05C4860399","6016FD90E22446BB90BE0996EA5EE6493AB9CDF6E7F71024ED583F05C4860399","MATCH"
"day13\01_GD32_PMU_mode\Project\GD32F407.uvprojx","projects\07_FLASH_RTC_POWER\pmu-modes\course\Project\GD32F407.uvprojx","19832","13DC8ACA215145E657A4260E48BD64F09F7A7215AA81CA4DE3C1FD80BFC9774E","13DC8ACA215145E657A4260E48BD64F09F7A7215AA81CA4DE3C1FD80BFC9774E","MATCH"
"day13\01_GD32_PMU_mode\User\gd32f4xx_it.c","projects\07_FLASH_RTC_POWER\pmu-modes\course\User\gd32f4xx_it.c","3980","5BE8E65B392A41354E513056974D1869598AF02739A7CE6419E611D6AA3979C6","5BE8E65B392A41354E513056974D1869598AF02739A7CE6419E611D6AA3979C6","MATCH"
"day13\01_GD32_PMU_mode\User\gd32f4xx_it.h","projects\07_FLASH_RTC_POWER\pmu-modes\course\User\gd32f4xx_it.h","2524","B4995762AE5CEB7125CC9720CEA7E2BAD8640C23B87ED1856D9B8A380A5FC8C3","B4995762AE5CEB7125CC9720CEA7E2BAD8640C23B87ED1856D9B8A380A5FC8C3","MATCH"
"day13\01_GD32_PMU_mode\User\gd32f4xx_libopt.h","projects\07_FLASH_RTC_POWER\pmu-modes\course\User\gd32f4xx_libopt.h","2917","702C6D85987BCDDDD363A8412C5806255F6C746065DA984EB21896C5DDD6BF09","702C6D85987BCDDDD363A8412C5806255F6C746065DA984EB21896C5DDD6BF09","MATCH"
"day13\01_GD32_PMU_mode\User\main.c","projects\07_FLASH_RTC_POWER\pmu-modes\course\User\main.c","2478","9E9F51130382019C5FE219C3B9C6B536294E912DB7C2BB854D53A28C726F0403","9E9F51130382019C5FE219C3B9C6B536294E912DB7C2BB854D53A28C726F0403","MATCH"
"day13\01_GD32_PMU_mode\User\main.h","projects\07_FLASH_RTC_POWER\pmu-modes\course\User\main.h","1814","32C273B119ABF22DA51E2782C09853A1545B1DF1364A13EFFA2B465379E1A53C","32C273B119ABF22DA51E2782C09853A1545B1DF1364A13EFFA2B465379E1A53C","MATCH"
"day13\01_GD32_PMU_mode\User\readme.txt","projects\07_FLASH_RTC_POWER\pmu-modes\course\User\readme.txt","1862","A45BD1E14D470B46BE2D57C9D35147E41204556CC4BB4E25EA3C7B6B424A0B7C","A45BD1E14D470B46BE2D57C9D35147E41204556CC4BB4E25EA3C7B6B424A0B7C","MATCH"
"day13\01_GD32_PMU_mode\User\systick.c","projects\07_FLASH_RTC_POWER\pmu-modes\course\User\systick.c","2835","3BFDC9D654AEE46AFAE59529984C667193CD9098D01115CFB80DB9AC96D37E14","3BFDC9D654AEE46AFAE59529984C667193CD9098D01115CFB80DB9AC96D37E14","MATCH"
"day13\01_GD32_PMU_mode\User\systick.h","projects\07_FLASH_RTC_POWER\pmu-modes\course\User\systick.h","2034","E74F1981340E6162CCE52F39F73009B1570EFB7F024410652F494E77997DA025","E74F1981340E6162CCE52F39F73009B1570EFB7F024410652F494E77997DA025","MATCH"
"day08\04_RTC_Alarm\Firmware\CMSIS\core_cm4_simd.h","projects\07_FLASH_RTC_POWER\rtc-alarm\course\Firmware\CMSIS\core_cm4_simd.h","22959","0C2A0C2D66C7791B82CA19D10336C96518830EF359F6BFD9DA7477BC2CBCCBBB","0C2A0C2D66C7791B82CA19D10336C96518830EF359F6BFD9DA7477BC2CBCCBBB","MATCH"
"day08\04_RTC_Alarm\Firmware\CMSIS\core_cm4.h","projects\07_FLASH_RTC_POWER\rtc-alarm\course\Firmware\CMSIS\core_cm4.h","109878","4756546E1449D17B1A7DEE2F3307F2C92C9F1D669C3F5DFC3EE1DEC8AEE9A8F7","4756546E1449D17B1A7DEE2F3307F2C92C9F1D669C3F5DFC3EE1DEC8AEE9A8F7","MATCH"
"day08\04_RTC_Alarm\Firmware\CMSIS\core_cmFunc.h","projects\07_FLASH_RTC_POWER\rtc-alarm\course\Firmware\CMSIS\core_cmFunc.h","15828","5075FF67C8E264B83D9B391C07C6512E26ABBC189E321DE0D8B4375476980E5E","5075FF67C8E264B83D9B391C07C6512E26ABBC189E321DE0D8B4375476980E5E","MATCH"
"day08\04_RTC_Alarm\Firmware\CMSIS\core_cmInstr.h","projects\07_FLASH_RTC_POWER\rtc-alarm\course\Firmware\CMSIS\core_cmInstr.h","17205","C35DDCA16CA04646DC70ACF2D592AD9EAEAAECD8125A32ABB710069648266EB5","C35DDCA16CA04646DC70ACF2D592AD9EAEAAECD8125A32ABB710069648266EB5","MATCH"
"day08\04_RTC_Alarm\Firmware\CMSIS\GD\GD32F4xx\Include\gd32f4xx.h","projects\07_FLASH_RTC_POWER\rtc-alarm\course\Firmware\CMSIS\GD\GD32F4xx\Include\gd32f4xx.h","28854","96F1F6884C9885D32DF760A385CA0B5E8E9B20C066F71B946771A00503623A62","96F1F6884C9885D32DF760A385CA0B5E8E9B20C066F71B946771A00503623A62","MATCH"
"day08\04_RTC_Alarm\Firmware\CMSIS\GD\GD32F4xx\Include\system_gd32f4xx.h","projects\07_FLASH_RTC_POWER\rtc-alarm\course\Firmware\CMSIS\GD\GD32F4xx\Include\system_gd32f4xx.h","2484","98EF2DD6DD7F6D2542C4D5CA83E9869BE3630B43300CB9AB453703E4277913BD","98EF2DD6DD7F6D2542C4D5CA83E9869BE3630B43300CB9AB453703E4277913BD","MATCH"
"day08\04_RTC_Alarm\Firmware\CMSIS\GD\GD32F4xx\Source\ARM\startup_gd32f405_425.s","projects\07_FLASH_RTC_POWER\rtc-alarm\course\Firmware\CMSIS\GD\GD32F4xx\Source\ARM\startup_gd32f405_425.s","21757","AEF6290F6950C0B7FB922FD12B91B3FC34ADA707A6846AA5D7A1277FDD50FBD9","AEF6290F6950C0B7FB922FD12B91B3FC34ADA707A6846AA5D7A1277FDD50FBD9","MATCH"
"day08\04_RTC_Alarm\Firmware\CMSIS\GD\GD32F4xx\Source\ARM\startup_gd32f407_427.s","projects\07_FLASH_RTC_POWER\rtc-alarm\course\Firmware\CMSIS\GD\GD32F4xx\Source\ARM\startup_gd32f407_427.s","22101","65127CC1FFC7BB0C6E3AB3E1EF32C8F935D09EF4A83AC4914E089D40C39B8B5B","65127CC1FFC7BB0C6E3AB3E1EF32C8F935D09EF4A83AC4914E089D40C39B8B5B","MATCH"
"day08\04_RTC_Alarm\Firmware\CMSIS\GD\GD32F4xx\Source\ARM\startup_gd32f450_470.s","projects\07_FLASH_RTC_POWER\rtc-alarm\course\Firmware\CMSIS\GD\GD32F4xx\Source\ARM\startup_gd32f450_470.s","23659","A4E9852BA47AAD025DE9645D067FAB33DDA87B8E82DEA6D77B3364F902345299","A4E9852BA47AAD025DE9645D067FAB33DDA87B8E82DEA6D77B3364F902345299","MATCH"
"day08\04_RTC_Alarm\Firmware\CMSIS\GD\GD32F4xx\Source\IAR\startup_gd32f405_425.s","projects\07_FLASH_RTC_POWER\rtc-alarm\course\Firmware\CMSIS\GD\GD32F4xx\Source\IAR\startup_gd32f405_425.s","25159","70E76C6AD0182A5682773261E308008BC1102C09839605A0E058851173026836","70E76C6AD0182A5682773261E308008BC1102C09839605A0E058851173026836","MATCH"
"day08\04_RTC_Alarm\Firmware\CMSIS\GD\GD32F4xx\Source\IAR\startup_gd32f407_427.s","projects\07_FLASH_RTC_POWER\rtc-alarm\course\Firmware\CMSIS\GD\GD32F4xx\Source\IAR\startup_gd32f407_427.s","25736","550D6CA54DE7F8FCB2791AAF9141666BA15978C55017FA6798BF0CA80A2864C6","550D6CA54DE7F8FCB2791AAF9141666BA15978C55017FA6798BF0CA80A2864C6","MATCH"
"day08\04_RTC_Alarm\Firmware\CMSIS\GD\GD32F4xx\Source\IAR\startup_gd32f450_470.s","projects\07_FLASH_RTC_POWER\rtc-alarm\course\Firmware\CMSIS\GD\GD32F4xx\Source\IAR\startup_gd32f450_470.s","27837","EE6654F1D551C6937D014FE943342B0395A32076E5AC8DD688C600EACB9BD343","EE6654F1D551C6937D014FE943342B0395A32076E5AC8DD688C600EACB9BD343","MATCH"
"day08\04_RTC_Alarm\Firmware\CMSIS\GD\GD32F4xx\Source\system_gd32f4xx.c","projects\07_FLASH_RTC_POWER\rtc-alarm\course\Firmware\CMSIS\GD\GD32F4xx\Source\system_gd32f4xx.c","36416","8F66A123756716CF74297A7B54EEC616F230CBBC37DFB60F21BF05D1BC070836","8F66A123756716CF74297A7B54EEC616F230CBBC37DFB60F21BF05D1BC070836","MATCH"
"day08\04_RTC_Alarm\Firmware\GD32F4xx_standard_peripheral\Include\gd32f4xx_adc.h","projects\07_FLASH_RTC_POWER\rtc-alarm\course\Firmware\GD32F4xx_standard_peripheral\Include\gd32f4xx_adc.h","41521","D6B41E007F1EE95E5FA1B495F94924F7E6166439FBF3E9234A26B5FA6C32F1DE","D6B41E007F1EE95E5FA1B495F94924F7E6166439FBF3E9234A26B5FA6C32F1DE","MATCH"
"day08\04_RTC_Alarm\Firmware\GD32F4xx_standard_peripheral\Include\gd32f4xx_can.h","projects\07_FLASH_RTC_POWER\rtc-alarm\course\Firmware\GD32F4xx_standard_peripheral\Include\gd32f4xx_can.h","54440","62A96066D7B8A1CEF45AB4092FCE5058B962050EB1C9E4B3585F0E19B9F30578","62A96066D7B8A1CEF45AB4092FCE5058B962050EB1C9E4B3585F0E19B9F30578","MATCH"
"day08\04_RTC_Alarm\Firmware\GD32F4xx_standard_peripheral\Include\gd32f4xx_crc.h","projects\07_FLASH_RTC_POWER\rtc-alarm\course\Firmware\GD32F4xx_standard_peripheral\Include\gd32f4xx_crc.h","3380","4870F145AEEC968F3A7A0A5068105591E1ADEB9A37A5E47FDCC9D27D7D3AFBD6","4870F145AEEC968F3A7A0A5068105591E1ADEB9A37A5E47FDCC9D27D7D3AFBD6","MATCH"
"day08\04_RTC_Alarm\Firmware\GD32F4xx_standard_peripheral\Include\gd32f4xx_ctc.h","projects\07_FLASH_RTC_POWER\rtc-alarm\course\Firmware\GD32F4xx_standard_peripheral\Include\gd32f4xx_ctc.h","11513","900AB7D5F9C585834166A58966C8D523FF91D410066D00BBED3E6522C25782D7","900AB7D5F9C585834166A58966C8D523FF91D410066D00BBED3E6522C25782D7","MATCH"
"day08\04_RTC_Alarm\Firmware\GD32F4xx_standard_peripheral\Include\gd32f4xx_dac.h","projects\07_FLASH_RTC_POWER\rtc-alarm\course\Firmware\GD32F4xx_standard_peripheral\Include\gd32f4xx_dac.h","18761","86057CC0C52A32F955A12F47ABA1E4997AC2DABA13B10A686D8777579F638AFB","86057CC0C52A32F955A12F47ABA1E4997AC2DABA13B10A686D8777579F638AFB","MATCH"
"day08\04_RTC_Alarm\Firmware\GD32F4xx_standard_peripheral\Include\gd32f4xx_dbg.h","projects\07_FLASH_RTC_POWER\rtc-alarm\course\Firmware\GD32F4xx_standard_peripheral\Include\gd32f4xx_dbg.h","9890","21A089B5880F1D101116BD37EAAC7A085A103901A40900E75941130D901B150E","21A089B5880F1D101116BD37EAAC7A085A103901A40900E75941130D901B150E","MATCH"
"day08\04_RTC_Alarm\Firmware\GD32F4xx_standard_peripheral\Include\gd32f4xx_dci.h","projects\07_FLASH_RTC_POWER\rtc-alarm\course\Firmware\GD32F4xx_standard_peripheral\Include\gd32f4xx_dci.h","13665","787F449F0B2EBA5BBCC92B0D50899FA668CEA6ED9CCAB3960EBA0B2253CC7748","787F449F0B2EBA5BBCC92B0D50899FA668CEA6ED9CCAB3960EBA0B2253CC7748","MATCH"
"day08\04_RTC_Alarm\Firmware\GD32F4xx_standard_peripheral\Include\gd32f4xx_dma.h","projects\07_FLASH_RTC_POWER\rtc-alarm\course\Firmware\GD32F4xx_standard_peripheral\Include\gd32f4xx_dma.h","32675","F358957EBF98C4C449480A088E349CDAC2716394C24FA4111DE08B06FCDC5094","F358957EBF98C4C449480A088E349CDAC2716394C24FA4111DE08B06FCDC5094","MATCH"
"day08\04_RTC_Alarm\Firmware\GD32F4xx_standard_peripheral\Include\gd32f4xx_enet.h","projects\07_FLASH_RTC_POWER\rtc-alarm\course\Firmware\GD32F4xx_standard_peripheral\Include\gd32f4xx_enet.h","144084","2BDBC2BE9B0E3BA398DEEAB38021442A2CFEEDFF21FC353CF3B16C717A2CDF9B","2BDBC2BE9B0E3BA398DEEAB38021442A2CFEEDFF21FC353CF3B16C717A2CDF9B","MATCH"
"day08\04_RTC_Alarm\Firmware\GD32F4xx_standard_peripheral\Include\gd32f4xx_exmc.h","projects\07_FLASH_RTC_POWER\rtc-alarm\course\Firmware\GD32F4xx_standard_peripheral\Include\gd32f4xx_exmc.h","64299","68482B678DD868085A6BE6317EEC18873D43F895936E503487E843E561A0D55E","68482B678DD868085A6BE6317EEC18873D43F895936E503487E843E561A0D55E","MATCH"
"day08\04_RTC_Alarm\Firmware\GD32F4xx_standard_peripheral\Include\gd32f4xx_exti.h","projects\07_FLASH_RTC_POWER\rtc-alarm\course\Firmware\GD32F4xx_standard_peripheral\Include\gd32f4xx_exti.h","20470","705948F029F63A5995D9849A60E417D6210ECE34C8E942C76A2D4E7A2B927426","705948F029F63A5995D9849A60E417D6210ECE34C8E942C76A2D4E7A2B927426","MATCH"
"day08\04_RTC_Alarm\Firmware\GD32F4xx_standard_peripheral\Include\gd32f4xx_fmc.h","projects\07_FLASH_RTC_POWER\rtc-alarm\course\Firmware\GD32F4xx_standard_peripheral\Include\gd32f4xx_fmc.h","28322","5A5D9F0B1CE1E7486206130F80048F81A6D3E9E6337BF0A4C69D4A1D5EDC9F7E","5A5D9F0B1CE1E7486206130F80048F81A6D3E9E6337BF0A4C69D4A1D5EDC9F7E","MATCH"
"day08\04_RTC_Alarm\Firmware\GD32F4xx_standard_peripheral\Include\gd32f4xx_fwdgt.h","projects\07_FLASH_RTC_POWER\rtc-alarm\course\Firmware\GD32F4xx_standard_peripheral\Include\gd32f4xx_fwdgt.h","5876","04CB4EE0D6526910CF9CA8BEFC437FC6DF3FDFE09FB0BC418AB7EA5C19611A50","04CB4EE0D6526910CF9CA8BEFC437FC6DF3FDFE09FB0BC418AB7EA5C19611A50","MATCH"
"day08\04_RTC_Alarm\Firmware\GD32F4xx_standard_peripheral\Include\gd32f4xx_gpio.h","projects\07_FLASH_RTC_POWER\rtc-alarm\course\Firmware\GD32F4xx_standard_peripheral\Include\gd32f4xx_gpio.h","29164","A20501A28644BF45B8E3C4AB2A7237466805C1480B06E7D6C8585296D7F08787","A20501A28644BF45B8E3C4AB2A7237466805C1480B06E7D6C8585296D7F08787","MATCH"
"day08\04_RTC_Alarm\Firmware\GD32F4xx_standard_peripheral\Include\gd32f4xx_i2c.h","projects\07_FLASH_RTC_POWER\rtc-alarm\course\Firmware\GD32F4xx_standard_peripheral\Include\gd32f4xx_i2c.h","29826","6CF4053E2452263CDFCB98DA0832CE1F2F1B0380C1BEA5D4284C1DF0D5CBBB05","6CF4053E2452263CDFCB98DA0832CE1F2F1B0380C1BEA5D4284C1DF0D5CBBB05","MATCH"
"day08\04_RTC_Alarm\Firmware\GD32F4xx_standard_peripheral\Include\gd32f4xx_ipa.h","projects\07_FLASH_RTC_POWER\rtc-alarm\course\Firmware\GD32F4xx_standard_peripheral\Include\gd32f4xx_ipa.h","25918","1AD22068402E09BAE4117E637ED972FCD7452751CCBE01C7829AEA7DF45AE8AE","1AD22068402E09BAE4117E637ED972FCD7452751CCBE01C7829AEA7DF45AE8AE","MATCH"
"day08\04_RTC_Alarm\Firmware\GD32F4xx_standard_peripheral\Include\gd32f4xx_iref.h","projects\07_FLASH_RTC_POWER\rtc-alarm\course\Firmware\GD32F4xx_standard_peripheral\Include\gd32f4xx_iref.h","13448","D9D1E67FD4473F44B2F7E22BB78C3DFA9B5109D083AF1B0FDC63EC657B241C4A","D9D1E67FD4473F44B2F7E22BB78C3DFA9B5109D083AF1B0FDC63EC657B241C4A","MATCH"
"day08\04_RTC_Alarm\Firmware\GD32F4xx_standard_peripheral\Include\gd32f4xx_misc.h","projects\07_FLASH_RTC_POWER\rtc-alarm\course\Firmware\GD32F4xx_standard_peripheral\Include\gd32f4xx_misc.h","4691","0A918F830F0200C0E806DFB50594259783E69D8ADBC27708705567F7193D35FB","0A918F830F0200C0E806DFB50594259783E69D8ADBC27708705567F7193D35FB","MATCH"
"day08\04_RTC_Alarm\Firmware\GD32F4xx_standard_peripheral\Include\gd32f4xx_pmu.h","projects\07_FLASH_RTC_POWER\rtc-alarm\course\Firmware\GD32F4xx_standard_peripheral\Include\gd32f4xx_pmu.h","11878","B9A72B6E42083EFD170C0C5FBE579C5D6417F9BBF674DB36041BE96FCBD84636","B9A72B6E42083EFD170C0C5FBE579C5D6417F9BBF674DB36041BE96FCBD84636","MATCH"
"day08\04_RTC_Alarm\Firmware\GD32F4xx_standard_peripheral\Include\gd32f4xx_rcu.h","projects\07_FLASH_RTC_POWER\rtc-alarm\course\Firmware\GD32F4xx_standard_peripheral\Include\gd32f4xx_rcu.h","95768","AC2B2AE653EDC89E674EDA24E1CFE8B511B73984AE0CABED3DF60BA61F8EEF08","AC2B2AE653EDC89E674EDA24E1CFE8B511B73984AE0CABED3DF60BA61F8EEF08","MATCH"
"day08\04_RTC_Alarm\Firmware\GD32F4xx_standard_peripheral\Include\gd32f4xx_rtc.h","projects\07_FLASH_RTC_POWER\rtc-alarm\course\Firmware\GD32F4xx_standard_peripheral\Include\gd32f4xx_rtc.h","52407","1798B1B495683096D4491CF0F854957D2AD60612F65A801ED0E7A4BEE49FA549","1798B1B495683096D4491CF0F854957D2AD60612F65A801ED0E7A4BEE49FA549","MATCH"
"day08\04_RTC_Alarm\Firmware\GD32F4xx_standard_peripheral\Include\gd32f4xx_sdio.h","projects\07_FLASH_RTC_POWER\rtc-alarm\course\Firmware\GD32F4xx_standard_peripheral\Include\gd32f4xx_sdio.h","30655","8D6813EFC565E3085611D767EA4E670E0C76A256C6F17FC93F313BCB11D0385A","8D6813EFC565E3085611D767EA4E670E0C76A256C6F17FC93F313BCB11D0385A","MATCH"
"day08\04_RTC_Alarm\Firmware\GD32F4xx_standard_peripheral\Include\gd32f4xx_spi.h","projects\07_FLASH_RTC_POWER\rtc-alarm\course\Firmware\GD32F4xx_standard_peripheral\Include\gd32f4xx_spi.h","25831","4C6360C8FE58D4A38E4870BCBA17630857551D3EC7B4BD3DDEB5085C31240B1C","4C6360C8FE58D4A38E4870BCBA17630857551D3EC7B4BD3DDEB5085C31240B1C","MATCH"
"day08\04_RTC_Alarm\Firmware\GD32F4xx_standard_peripheral\Include\gd32f4xx_syscfg.h","projects\07_FLASH_RTC_POWER\rtc-alarm\course\Firmware\GD32F4xx_standard_peripheral\Include\gd32f4xx_syscfg.h","11558","5060FEF0A07A3FC1396A31F09F95FE1D134F8A1FB1581E3DD98BB6078108C447","5060FEF0A07A3FC1396A31F09F95FE1D134F8A1FB1581E3DD98BB6078108C447","MATCH"
"day08\04_RTC_Alarm\Firmware\GD32F4xx_standard_peripheral\Include\gd32f4xx_timer.h","projects\07_FLASH_RTC_POWER\rtc-alarm\course\Firmware\GD32F4xx_standard_peripheral\Include\gd32f4xx_timer.h","59717","7A79F81F1D862A1B49F23BFE05B1AC751A71E761B6E63C2DFFABE6C7BC69AC49","7A79F81F1D862A1B49F23BFE05B1AC751A71E761B6E63C2DFFABE6C7BC69AC49","MATCH"
"day08\04_RTC_Alarm\Firmware\GD32F4xx_standard_peripheral\Include\gd32f4xx_tli.h","projects\07_FLASH_RTC_POWER\rtc-alarm\course\Firmware\GD32F4xx_standard_peripheral\Include\gd32f4xx_tli.h","23557","1B94EA157AC8CE2FED962B0C4FF95B6702C6194300AA51B04C3AAFE493768D2A","1B94EA157AC8CE2FED962B0C4FF95B6702C6194300AA51B04C3AAFE493768D2A","MATCH"
"day08\04_RTC_Alarm\Firmware\GD32F4xx_standard_peripheral\Include\gd32f4xx_trng.h","projects\07_FLASH_RTC_POWER\rtc-alarm\course\Firmware\GD32F4xx_standard_peripheral\Include\gd32f4xx_trng.h","4431","91E2BB5AFFEFA65F90927FAD795FAA0F4204516284ECA38E461506F0CD9CA924","91E2BB5AFFEFA65F90927FAD795FAA0F4204516284ECA38E461506F0CD9CA924","MATCH"
"day08\04_RTC_Alarm\Firmware\GD32F4xx_standard_peripheral\Include\gd32f4xx_usart.h","projects\07_FLASH_RTC_POWER\rtc-alarm\course\Firmware\GD32F4xx_standard_peripheral\Include\gd32f4xx_usart.h","31652","6CF40E957A1216C99E3663D667DE1944C42272897011834BF20ADCD97E791074","6CF40E957A1216C99E3663D667DE1944C42272897011834BF20ADCD97E791074","MATCH"
"day08\04_RTC_Alarm\Firmware\GD32F4xx_standard_peripheral\Include\gd32f4xx_wwdgt.h","projects\07_FLASH_RTC_POWER\rtc-alarm\course\Firmware\GD32F4xx_standard_peripheral\Include\gd32f4xx_wwdgt.h","4561","01EECFC98B4507AEB8F0AFBE7D994EA0A617A79E5D4EB2D1D4A85979BA014EFE","01EECFC98B4507AEB8F0AFBE7D994EA0A617A79E5D4EB2D1D4A85979BA014EFE","MATCH"
"day08\04_RTC_Alarm\Firmware\GD32F4xx_standard_peripheral\Source\gd32f4xx_adc.c","projects\07_FLASH_RTC_POWER\rtc-alarm\course\Firmware\GD32F4xx_standard_peripheral\Source\gd32f4xx_adc.c","49331","8A5C91EC7A397B53EFD086646674D273ECE00F36C9610AB50715FE1521BA4112","8A5C91EC7A397B53EFD086646674D273ECE00F36C9610AB50715FE1521BA4112","MATCH"
"day08\04_RTC_Alarm\Firmware\GD32F4xx_standard_peripheral\Source\gd32f4xx_can.c","projects\07_FLASH_RTC_POWER\rtc-alarm\course\Firmware\GD32F4xx_standard_peripheral\Source\gd32f4xx_can.c","40297","CE0E343B00856972EABACCC1F4D88C051796A8D1E30C4596312FC29A533DB8BA","CE0E343B00856972EABACCC1F4D88C051796A8D1E30C4596312FC29A533DB8BA","MATCH"
"day08\04_RTC_Alarm\Firmware\GD32F4xx_standard_peripheral\Source\gd32f4xx_crc.c","projects\07_FLASH_RTC_POWER\rtc-alarm\course\Firmware\GD32F4xx_standard_peripheral\Source\gd32f4xx_crc.c","3904","C14034159E72E082AA70E2A8CBA60FFCF950B63D75AE467706632F32EC00F315","C14034159E72E082AA70E2A8CBA60FFCF950B63D75AE467706632F32EC00F315","MATCH"
"day08\04_RTC_Alarm\Firmware\GD32F4xx_standard_peripheral\Source\gd32f4xx_ctc.c","projects\07_FLASH_RTC_POWER\rtc-alarm\course\Firmware\GD32F4xx_standard_peripheral\Source\gd32f4xx_ctc.c","12892","07F4A6385C6FFB2E18ECF95DAAE6A431FB91262FA988835A249A64F4002280A1","07F4A6385C6FFB2E18ECF95DAAE6A431FB91262FA988835A249A64F4002280A1","MATCH"
"day08\04_RTC_Alarm\Firmware\GD32F4xx_standard_peripheral\Source\gd32f4xx_dac.c","projects\07_FLASH_RTC_POWER\rtc-alarm\course\Firmware\GD32F4xx_standard_peripheral\Source\gd32f4xx_dac.c","22641","ACE5C99F1E2774D955CA4E4D5D6E81B2D831F718098487EA3E8C2C34C960E160","ACE5C99F1E2774D955CA4E4D5D6E81B2D831F718098487EA3E8C2C34C960E160","MATCH"
"day08\04_RTC_Alarm\Firmware\GD32F4xx_standard_peripheral\Source\gd32f4xx_dbg.c","projects\07_FLASH_RTC_POWER\rtc-alarm\course\Firmware\GD32F4xx_standard_peripheral\Source\gd32f4xx_dbg.c","7772","6EEC659FD6B5C549226BAE8E9C9C78785B064D557434189BB221287D550FE291","6EEC659FD6B5C549226BAE8E9C9C78785B064D557434189BB221287D550FE291","MATCH"
"day08\04_RTC_Alarm\Firmware\GD32F4xx_standard_peripheral\Source\gd32f4xx_dci.c","projects\07_FLASH_RTC_POWER\rtc-alarm\course\Firmware\GD32F4xx_standard_peripheral\Source\gd32f4xx_dci.c","10290","B99613D9A21A02DD39117F30B9A488B859209AB3489DCFDE7361D147CDF76516","B99613D9A21A02DD39117F30B9A488B859209AB3489DCFDE7361D147CDF76516","MATCH"
"day08\04_RTC_Alarm\Firmware\GD32F4xx_standard_peripheral\Source\gd32f4xx_dma.c","projects\07_FLASH_RTC_POWER\rtc-alarm\course\Firmware\GD32F4xx_standard_peripheral\Source\gd32f4xx_dma.c","36449","2D943A169ABABCC22CBC6C41665F5CE375C30B63005954E1D34BB3218CB63FAF","2D943A169ABABCC22CBC6C41665F5CE375C30B63005954E1D34BB3218CB63FAF","MATCH"
"day08\04_RTC_Alarm\Firmware\GD32F4xx_standard_peripheral\Source\gd32f4xx_enet.c","projects\07_FLASH_RTC_POWER\rtc-alarm\course\Firmware\GD32F4xx_standard_peripheral\Source\gd32f4xx_enet.c","151999","3051E8737C463D23D07B9C9AD937BC7C488BB573738B2313982870DAA670E87E","3051E8737C463D23D07B9C9AD937BC7C488BB573738B2313982870DAA670E87E","MATCH"
"day08\04_RTC_Alarm\Firmware\GD32F4xx_standard_peripheral\Source\gd32f4xx_exmc.c","projects\07_FLASH_RTC_POWER\rtc-alarm\course\Firmware\GD32F4xx_standard_peripheral\Source\gd32f4xx_exmc.c","57117","E4A79B377C89D9EB8BD5BE101E273AD5EFBA0C2A24FB4621AB7BC124BEEEAEBF","E4A79B377C89D9EB8BD5BE101E273AD5EFBA0C2A24FB4621AB7BC124BEEEAEBF","MATCH"
"day08\04_RTC_Alarm\Firmware\GD32F4xx_standard_peripheral\Source\gd32f4xx_exti.c","projects\07_FLASH_RTC_POWER\rtc-alarm\course\Firmware\GD32F4xx_standard_peripheral\Source\gd32f4xx_exti.c","8423","FCE4A7ECA93486D71A9E5758642F2282AE7F8805DBB559312837A0B17577FE58","FCE4A7ECA93486D71A9E5758642F2282AE7F8805DBB559312837A0B17577FE58","MATCH"
"day08\04_RTC_Alarm\Firmware\GD32F4xx_standard_peripheral\Source\gd32f4xx_fmc.c","projects\07_FLASH_RTC_POWER\rtc-alarm\course\Firmware\GD32F4xx_standard_peripheral\Source\gd32f4xx_fmc.c","34852","15408829D2405432FC8ED73D5D8C6BBB1E6C74540F1B817983BABD62E22CAB16","15408829D2405432FC8ED73D5D8C6BBB1E6C74540F1B817983BABD62E22CAB16","MATCH"
"day08\04_RTC_Alarm\Firmware\GD32F4xx_standard_peripheral\Source\gd32f4xx_fwdgt.c","projects\07_FLASH_RTC_POWER\rtc-alarm\course\Firmware\GD32F4xx_standard_peripheral\Source\gd32f4xx_fwdgt.c","7007","05B67D15069CED6F0472E4115ECD16064402E0D6220561499000025A8CD189B7","05B67D15069CED6F0472E4115ECD16064402E0D6220561499000025A8CD189B7","MATCH"
"day08\04_RTC_Alarm\Firmware\GD32F4xx_standard_peripheral\Source\gd32f4xx_gpio.c","projects\07_FLASH_RTC_POWER\rtc-alarm\course\Firmware\GD32F4xx_standard_peripheral\Source\gd32f4xx_gpio.c","15061","262BEFE864D5DA3BADA64D0B3DAB29E5C2747E46B154EDE8BCAB0B788DB614E0","262BEFE864D5DA3BADA64D0B3DAB29E5C2747E46B154EDE8BCAB0B788DB614E0","MATCH"
"day08\04_RTC_Alarm\Firmware\GD32F4xx_standard_peripheral\Source\gd32f4xx_i2c.c","projects\07_FLASH_RTC_POWER\rtc-alarm\course\Firmware\GD32F4xx_standard_peripheral\Source\gd32f4xx_i2c.c","30805","8EDFAF1A8F0BF2833923D0072FE1B9D0467382B3EC1D243E918D0DE9711CCCD2","8EDFAF1A8F0BF2833923D0072FE1B9D0467382B3EC1D243E918D0DE9711CCCD2","MATCH"
"day08\04_RTC_Alarm\Firmware\GD32F4xx_standard_peripheral\Source\gd32f4xx_ipa.c","projects\07_FLASH_RTC_POWER\rtc-alarm\course\Firmware\GD32F4xx_standard_peripheral\Source\gd32f4xx_ipa.c","26662","38A8350304763C1C83B4D2341F6782B090CA09ABE541AC360089B5CB454BCF57","38A8350304763C1C83B4D2341F6782B090CA09ABE541AC360089B5CB454BCF57","MATCH"
"day08\04_RTC_Alarm\Firmware\GD32F4xx_standard_peripheral\Source\gd32f4xx_iref.c","projects\07_FLASH_RTC_POWER\rtc-alarm\course\Firmware\GD32F4xx_standard_peripheral\Source\gd32f4xx_iref.c","3544","24F2FCFCD20882FD3E65773A281A827BF5391A0A8054324EEF7C98BB3F2B9B80","24F2FCFCD20882FD3E65773A281A827BF5391A0A8054324EEF7C98BB3F2B9B80","MATCH"
"day08\04_RTC_Alarm\Firmware\GD32F4xx_standard_peripheral\Source\gd32f4xx_misc.c","projects\07_FLASH_RTC_POWER\rtc-alarm\course\Firmware\GD32F4xx_standard_peripheral\Source\gd32f4xx_misc.c","7136","1CD262F295155428C25DEDC69BFBAB99F7A99DE09E0B602ECA1F2C6017CFE2DA","1CD262F295155428C25DEDC69BFBAB99F7A99DE09E0B602ECA1F2C6017CFE2DA","MATCH"
"day08\04_RTC_Alarm\Firmware\GD32F4xx_standard_peripheral\Source\gd32f4xx_pmu.c","projects\07_FLASH_RTC_POWER\rtc-alarm\course\Firmware\GD32F4xx_standard_peripheral\Source\gd32f4xx_pmu.c","11909","DAFA94838A55132E3313234C5AC2BE6172116DC26574347363D554EFFB186D79","DAFA94838A55132E3313234C5AC2BE6172116DC26574347363D554EFFB186D79","MATCH"
"day08\04_RTC_Alarm\Firmware\GD32F4xx_standard_peripheral\Source\gd32f4xx_rcu.c","projects\07_FLASH_RTC_POWER\rtc-alarm\course\Firmware\GD32F4xx_standard_peripheral\Source\gd32f4xx_rcu.c","50047","6C1030EB58EC7CB9C41E2A1FF31DDEF87F70DD083222327978234004C4E95B98","6C1030EB58EC7CB9C41E2A1FF31DDEF87F70DD083222327978234004C4E95B98","MATCH"
"day08\04_RTC_Alarm\Firmware\GD32F4xx_standard_peripheral\Source\gd32f4xx_rtc.c","projects\07_FLASH_RTC_POWER\rtc-alarm\course\Firmware\GD32F4xx_standard_peripheral\Source\gd32f4xx_rtc.c","46946","EEA5BCB92C88A7BAB9F3740F8E9408236412A546B03A5467F21B0F94A01183E7","EEA5BCB92C88A7BAB9F3740F8E9408236412A546B03A5467F21B0F94A01183E7","MATCH"
"day08\04_RTC_Alarm\Firmware\GD32F4xx_standard_peripheral\Source\gd32f4xx_sdio.c","projects\07_FLASH_RTC_POWER\rtc-alarm\course\Firmware\GD32F4xx_standard_peripheral\Source\gd32f4xx_sdio.c","28412","9D8F3E488C74C44A30C4D0BBB9CD8D86555D898CA9C36F259CE57609959B9854","9D8F3E488C74C44A30C4D0BBB9CD8D86555D898CA9C36F259CE57609959B9854","MATCH"
"day08\04_RTC_Alarm\Firmware\GD32F4xx_standard_peripheral\Source\gd32f4xx_spi.c","projects\07_FLASH_RTC_POWER\rtc-alarm\course\Firmware\GD32F4xx_standard_peripheral\Source\gd32f4xx_spi.c","30670","CE06438E9AD5882A0FCA88DFE658DD925ED3320BA574C2797E2F93ACF6142459","CE06438E9AD5882A0FCA88DFE658DD925ED3320BA574C2797E2F93ACF6142459","MATCH"
"day08\04_RTC_Alarm\Firmware\GD32F4xx_standard_peripheral\Source\gd32f4xx_syscfg.c","projects\07_FLASH_RTC_POWER\rtc-alarm\course\Firmware\GD32F4xx_standard_peripheral\Source\gd32f4xx_syscfg.c","7949","51A7A5E70F3064424CC6E2F6A06942B47ADAAC8C36A6612EE08B1643557B3CA3","51A7A5E70F3064424CC6E2F6A06942B47ADAAC8C36A6612EE08B1643557B3CA3","MATCH"
"day08\04_RTC_Alarm\Firmware\GD32F4xx_standard_peripheral\Source\gd32f4xx_timer.c","projects\07_FLASH_RTC_POWER\rtc-alarm\course\Firmware\GD32F4xx_standard_peripheral\Source\gd32f4xx_timer.c","89361","3961465CF6BA39554E34C02183C50676A4AB9B3991A6AAD32D271754B2506B14","3961465CF6BA39554E34C02183C50676A4AB9B3991A6AAD32D271754B2506B14","MATCH"
"day08\04_RTC_Alarm\Firmware\GD32F4xx_standard_peripheral\Source\gd32f4xx_tli.c","projects\07_FLASH_RTC_POWER\rtc-alarm\course\Firmware\GD32F4xx_standard_peripheral\Source\gd32f4xx_tli.c","24645","881A02E692AFD4A0B6848A929B0B8C79148911AD7543CF611287C45E82372541","881A02E692AFD4A0B6848A929B0B8C79148911AD7543CF611287C45E82372541","MATCH"
"day08\04_RTC_Alarm\Firmware\GD32F4xx_standard_peripheral\Source\gd32f4xx_trng.c","projects\07_FLASH_RTC_POWER\rtc-alarm\course\Firmware\GD32F4xx_standard_peripheral\Source\gd32f4xx_trng.c","4471","BA9093D046A01C997AA54D2DE9F663E8AF32FB9E53C950CFC640F1033FCD6C53","BA9093D046A01C997AA54D2DE9F663E8AF32FB9E53C950CFC640F1033FCD6C53","MATCH"
"day08\04_RTC_Alarm\Firmware\GD32F4xx_standard_peripheral\Source\gd32f4xx_usart.c","projects\07_FLASH_RTC_POWER\rtc-alarm\course\Firmware\GD32F4xx_standard_peripheral\Source\gd32f4xx_usart.c","34715","F67FA54D9C9537317BE92D95FD880A394D9ABE98DF708E5AA821FBFA392AE9B0","F67FA54D9C9537317BE92D95FD880A394D9ABE98DF708E5AA821FBFA392AE9B0","MATCH"
"day08\04_RTC_Alarm\Firmware\GD32F4xx_standard_peripheral\Source\gd32f4xx_wwdgt.c","projects\07_FLASH_RTC_POWER\rtc-alarm\course\Firmware\GD32F4xx_standard_peripheral\Source\gd32f4xx_wwdgt.c","4154","0ED39DE6F0101E10DDCB476E6EF21C44D2282D4F689D0D0D70F9E04940E6F0FE","0ED39DE6F0101E10DDCB476E6EF21C44D2282D4F689D0D0D70F9E04940E6F0FE","MATCH"
"day08\04_RTC_Alarm\Hardware\bsp_buzzer.c","projects\07_FLASH_RTC_POWER\rtc-alarm\course\Hardware\bsp_buzzer.c","3700","DB132610BB9FD25BB3606FEE7C189AD01FB3F68FEF38D105A74C0609C66B5CEE","DB132610BB9FD25BB3606FEE7C189AD01FB3F68FEF38D105A74C0609C66B5CEE","MATCH"
"day08\04_RTC_Alarm\Hardware\bsp_buzzer.h","projects\07_FLASH_RTC_POWER\rtc-alarm\course\Hardware\bsp_buzzer.h","291","A849E5A19D17A5DED0E7438846AFA0D5E3636544ABFC356B361024CA882EC6C5","A849E5A19D17A5DED0E7438846AFA0D5E3636544ABFC356B361024CA882EC6C5","MATCH"
"day08\04_RTC_Alarm\Hardware\bsp_buzzer2.c","projects\07_FLASH_RTC_POWER\rtc-alarm\course\Hardware\bsp_buzzer2.c","1429","D4F400CA00C8ACE082181E1D587A2B1CE7CC29C870BCA80C8A920BF78710B2C1","D4F400CA00C8ACE082181E1D587A2B1CE7CC29C870BCA80C8A920BF78710B2C1","MATCH"
"day08\04_RTC_Alarm\Hardware\bsp_buzzer2.h","projects\07_FLASH_RTC_POWER\rtc-alarm\course\Hardware\bsp_buzzer2.h","291","A849E5A19D17A5DED0E7438846AFA0D5E3636544ABFC356B361024CA882EC6C5","A849E5A19D17A5DED0E7438846AFA0D5E3636544ABFC356B361024CA882EC6C5","MATCH"
"day08\04_RTC_Alarm\Library\EXTI_config.h","projects\07_FLASH_RTC_POWER\rtc-alarm\course\Library\EXTI_config.h","1634","0FD94A8DF148AC6618D5CAA1F2788003CE63E2B27E13A31000428E29D095542B","0FD94A8DF148AC6618D5CAA1F2788003CE63E2B27E13A31000428E29D095542B","MATCH"
"day08\04_RTC_Alarm\Library\EXTI.c","projects\07_FLASH_RTC_POWER\rtc-alarm\course\Library\EXTI.c","3132","528D0B3C2AC1F1661095497895FDB15FF878723CF351D28F3D3EE13F79DF8AE2","528D0B3C2AC1F1661095497895FDB15FF878723CF351D28F3D3EE13F79DF8AE2","MATCH"
"day08\04_RTC_Alarm\Library\EXTI.h","projects\07_FLASH_RTC_POWER\rtc-alarm\course\Library\EXTI.h","246","63711925072BE76CE24B295341905A97BDD73234E1EFB33A28A0CEC82E3CD6C2","63711925072BE76CE24B295341905A97BDD73234E1EFB33A28A0CEC82E3CD6C2","MATCH"
"day08\04_RTC_Alarm\Library\TIMER_config.h","projects\07_FLASH_RTC_POWER\rtc-alarm\course\Library\TIMER_config.h","1813","BD74AB72F9068615F9AB44169B11F6EF25CD9BC3D4CD0E27A95BE4AE24608766","BD74AB72F9068615F9AB44169B11F6EF25CD9BC3D4CD0E27A95BE4AE24608766","MATCH"
"day08\04_RTC_Alarm\Library\TIMER.c","projects\07_FLASH_RTC_POWER\rtc-alarm\course\Library\TIMER.c","5924","68A9D9BBDB446C51E0C577B7E7969E8F3513AF7E4736C10BC6D579FBF5661435","68A9D9BBDB446C51E0C577B7E7969E8F3513AF7E4736C10BC6D579FBF5661435","MATCH"
"day08\04_RTC_Alarm\Library\TIMER.h","projects\07_FLASH_RTC_POWER\rtc-alarm\course\Library\TIMER.h","759","51A72D9863C245195AD3CD40ADDB0D573930D5AB540B30D3D971AD2AF6B2E80E","51A72D9863C245195AD3CD40ADDB0D573930D5AB540B30D3D971AD2AF6B2E80E","MATCH"
"day08\04_RTC_Alarm\Library\USART_config.h","projects\07_FLASH_RTC_POWER\rtc-alarm\course\Library\USART_config.h","1220","73E72408B41955E419784B2A24B0FBD8AD81A334AA38EB9DB60A7DDAE97AD633","73E72408B41955E419784B2A24B0FBD8AD81A334AA38EB9DB60A7DDAE97AD633","MATCH"
"day08\04_RTC_Alarm\Library\USART0.c","projects\07_FLASH_RTC_POWER\rtc-alarm\course\Library\USART0.c","10194","325E153A7388566303CC9DA901A87ED2A3D158D0238FA4A36A20EB17B1067606","325E153A7388566303CC9DA901A87ED2A3D158D0238FA4A36A20EB17B1067606","MATCH"
"day08\04_RTC_Alarm\Library\USART0.h","projects\07_FLASH_RTC_POWER\rtc-alarm\course\Library\USART0.h","658","6016FD90E22446BB90BE0996EA5EE6493AB9CDF6E7F71024ED583F05C4860399","6016FD90E22446BB90BE0996EA5EE6493AB9CDF6E7F71024ED583F05C4860399","MATCH"
"day08\04_RTC_Alarm\Project\GD32F407.uvprojx","projects\07_FLASH_RTC_POWER\rtc-alarm\course\Project\GD32F407.uvprojx","19240","DF8F8A6F55CDF19B01A7B9D69F012031826FF12406255F7CB27EE1703AB21D91","DF8F8A6F55CDF19B01A7B9D69F012031826FF12406255F7CB27EE1703AB21D91","MATCH"
"day08\04_RTC_Alarm\User\gd32f4xx_it.c","projects\07_FLASH_RTC_POWER\rtc-alarm\course\User\gd32f4xx_it.c","3980","5BE8E65B392A41354E513056974D1869598AF02739A7CE6419E611D6AA3979C6","5BE8E65B392A41354E513056974D1869598AF02739A7CE6419E611D6AA3979C6","MATCH"
"day08\04_RTC_Alarm\User\gd32f4xx_it.h","projects\07_FLASH_RTC_POWER\rtc-alarm\course\User\gd32f4xx_it.h","2524","B4995762AE5CEB7125CC9720CEA7E2BAD8640C23B87ED1856D9B8A380A5FC8C3","B4995762AE5CEB7125CC9720CEA7E2BAD8640C23B87ED1856D9B8A380A5FC8C3","MATCH"
"day08\04_RTC_Alarm\User\gd32f4xx_libopt.h","projects\07_FLASH_RTC_POWER\rtc-alarm\course\User\gd32f4xx_libopt.h","2917","702C6D85987BCDDDD363A8412C5806255F6C746065DA984EB21896C5DDD6BF09","702C6D85987BCDDDD363A8412C5806255F6C746065DA984EB21896C5DDD6BF09","MATCH"
"day08\04_RTC_Alarm\User\main.c","projects\07_FLASH_RTC_POWER\rtc-alarm\course\User\main.c","5569","591983045AF197593D140F65FF1FD08D917A50EB0DD950CB8EF4A435891B9F0A","591983045AF197593D140F65FF1FD08D917A50EB0DD950CB8EF4A435891B9F0A","MATCH"
"day08\04_RTC_Alarm\User\main.h","projects\07_FLASH_RTC_POWER\rtc-alarm\course\User\main.h","1814","32C273B119ABF22DA51E2782C09853A1545B1DF1364A13EFFA2B465379E1A53C","32C273B119ABF22DA51E2782C09853A1545B1DF1364A13EFFA2B465379E1A53C","MATCH"
"day08\04_RTC_Alarm\User\readme.txt","projects\07_FLASH_RTC_POWER\rtc-alarm\course\User\readme.txt","1862","A45BD1E14D470B46BE2D57C9D35147E41204556CC4BB4E25EA3C7B6B424A0B7C","A45BD1E14D470B46BE2D57C9D35147E41204556CC4BB4E25EA3C7B6B424A0B7C","MATCH"
"day08\04_RTC_Alarm\User\systick.c","projects\07_FLASH_RTC_POWER\rtc-alarm\course\User\systick.c","2835","3BFDC9D654AEE46AFAE59529984C667193CD9098D01115CFB80DB9AC96D37E14","3BFDC9D654AEE46AFAE59529984C667193CD9098D01115CFB80DB9AC96D37E14","MATCH"
"day08\04_RTC_Alarm\User\systick.h","projects\07_FLASH_RTC_POWER\rtc-alarm\course\User\systick.h","2034","E74F1981340E6162CCE52F39F73009B1570EFB7F024410652F494E77997DA025","E74F1981340E6162CCE52F39F73009B1570EFB7F024410652F494E77997DA025","MATCH"
"day08\04_RTC_Alarm\VSCode\.clang-format","projects\07_FLASH_RTC_POWER\rtc-alarm\course\VSCode\.clang-format","734","BF3B10DA62AAAC024B91B04712650380D638A6E77DD8CD412EC5F266EDFBE4CC","BF3B10DA62AAAC024B91B04712650380D638A6E77DD8CD412EC5F266EDFBE4CC","MATCH"
"day08\04_RTC_Alarm\VSCode\.cmsis\include\cachel1_armv7.h","projects\07_FLASH_RTC_POWER\rtc-alarm\course\VSCode\.cmsis\include\cachel1_armv7.h","12087","2E336A64F60A9C0EAF5A08E2C4845D94DA86C3FD84D219D0D0C9F530E63BC9C3","2E336A64F60A9C0EAF5A08E2C4845D94DA86C3FD84D219D0D0C9F530E63BC9C3","MATCH"
"day08\04_RTC_Alarm\VSCode\.cmsis\include\cmsis_armcc.h","projects\07_FLASH_RTC_POWER\rtc-alarm\course\VSCode\.cmsis\include\cmsis_armcc.h","27999","5BC0D7ED8E36E9BCB868C4042FFF350C702ECA305DF4162FB00384789E35EE1C","5BC0D7ED8E36E9BCB868C4042FFF350C702ECA305DF4162FB00384789E35EE1C","MATCH"
"day08\04_RTC_Alarm\VSCode\.cmsis\include\cmsis_armclang_ltm.h","projects\07_FLASH_RTC_POWER\rtc-alarm\course\VSCode\.cmsis\include\cmsis_armclang_ltm.h","56021","3E8FFB284F4F155DE3EA93841CCA853B41D5E812B53E52C64C3D4A67B7F1EC7C","3E8FFB284F4F155DE3EA93841CCA853B41D5E812B53E52C64C3D4A67B7F1EC7C","MATCH"
"day08\04_RTC_Alarm\VSCode\.cmsis\include\cmsis_armclang.h","projects\07_FLASH_RTC_POWER\rtc-alarm\course\VSCode\.cmsis\include\cmsis_armclang.h","48417","D5DA2B48204F0D0CF1FF38FFCCB527E5706CD0A091FF0A331EB41D6596C33FE5","D5DA2B48204F0D0CF1FF38FFCCB527E5706CD0A091FF0A331EB41D6596C33FE5","MATCH"
"day08\04_RTC_Alarm\VSCode\.cmsis\include\cmsis_compiler.h","projects\07_FLASH_RTC_POWER\rtc-alarm\course\VSCode\.cmsis\include\cmsis_compiler.h","9481","B51963D271C1571CA3463654C76AA7EA50C4EAC5D0A2710DF10414AC64D9E0F8","B51963D271C1571CA3463654C76AA7EA50C4EAC5D0A2710DF10414AC64D9E0F8","MATCH"
"day08\04_RTC_Alarm\VSCode\.cmsis\include\cmsis_gcc.h","projects\07_FLASH_RTC_POWER\rtc-alarm\course\VSCode\.cmsis\include\cmsis_gcc.h","63374","43BFD1FE69FBBC2CA70AAF7D43CC3E20F16E0C7F66E1BDEF9B51AF6DC14B2617","43BFD1FE69FBBC2CA70AAF7D43CC3E20F16E0C7F66E1BDEF9B51AF6DC14B2617","MATCH"
"day08\04_RTC_Alarm\VSCode\.cmsis\include\cmsis_iccarm.h","projects\07_FLASH_RTC_POWER\rtc-alarm\course\VSCode\.cmsis\include\cmsis_iccarm.h","29069","2D255C8429E507E52CB603F2970BED4CC4A6CDCC3EB7FC7997385ABAD7364837","2D255C8429E507E52CB603F2970BED4CC4A6CDCC3EB7FC7997385ABAD7364837","MATCH"
"day08\04_RTC_Alarm\VSCode\.cmsis\include\cmsis_version.h","projects\07_FLASH_RTC_POWER\rtc-alarm\course\VSCode\.cmsis\include\cmsis_version.h","1680","184C19FD3EE73632EDF35A0B4D49CD48BE75FBF49E6CCB19D9DB05FA83BEA4B3","184C19FD3EE73632EDF35A0B4D49CD48BE75FBF49E6CCB19D9DB05FA83BEA4B3","MATCH"
"day08\04_RTC_Alarm\VSCode\.cmsis\include\core_armv81mml.h","projects\07_FLASH_RTC_POWER\rtc-alarm\course\VSCode\.cmsis\include\core_armv81mml.h","276640","A40954BCCBF202BD65EE721EA688122561E005C9F9F9D18E082280C5B897D0E4","A40954BCCBF202BD65EE721EA688122561E005C9F9F9D18E082280C5B897D0E4","MATCH"
"day08\04_RTC_Alarm\VSCode\.cmsis\include\core_armv8mbl.h","projects\07_FLASH_RTC_POWER\rtc-alarm\course\VSCode\.cmsis\include\core_armv8mbl.h","115004","458B1E6788079DED52ADC7D06383701C865CA97B67C5E7A0A44884194F91A842","458B1E6788079DED52ADC7D06383701C865CA97B67C5E7A0A44884194F91A842","MATCH"
"day08\04_RTC_Alarm\VSCode\.cmsis\include\core_armv8mml.h","projects\07_FLASH_RTC_POWER\rtc-alarm\course\VSCode\.cmsis\include\core_armv8mml.h","183191","5A68204FA31CDA7D04D41C9CEAF3F4B1217908F59366F757EE778181C7CC8CB9","5A68204FA31CDA7D04D41C9CEAF3F4B1217908F59366F757EE778181C7CC8CB9","MATCH"
"day08\04_RTC_Alarm\VSCode\.cmsis\include\core_cm0.h","projects\07_FLASH_RTC_POWER\rtc-alarm\course\VSCode\.cmsis\include\core_cm0.h","41643","AC13CB645F108666A0E57C93467872660D6BC860A839F840DC870B7A5863B4BF","AC13CB645F108666A0E57C93467872660D6BC860A839F840DC870B7A5863B4BF","MATCH"
"day08\04_RTC_Alarm\VSCode\.cmsis\include\core_cm0plus.h","projects\07_FLASH_RTC_POWER\rtc-alarm\course\VSCode\.cmsis\include\core_cm0plus.h","49877","A09FA9C6B8B21D1920BCE15B98AA56182B027E9278CCA0B154812BAC2AEA3CFA","A09FA9C6B8B21D1920BCE15B98AA56182B027E9278CCA0B154812BAC2AEA3CFA","MATCH"
"day08\04_RTC_Alarm\VSCode\.cmsis\include\core_cm1.h","projects\07_FLASH_RTC_POWER\rtc-alarm\course\VSCode\.cmsis\include\core_cm1.h","42626","944BF0C4F940EEF30A632CD99D5DCFE8270E8A8431EB98C0F081BCF4F61F728E","944BF0C4F940EEF30A632CD99D5DCFE8270E8A8431EB98C0F081BCF4F61F728E","MATCH"
"day08\04_RTC_Alarm\VSCode\.cmsis\include\core_cm23.h","projects\07_FLASH_RTC_POWER\rtc-alarm\course\VSCode\.cmsis\include\core_cm23.h","121556","77822E9738885394EC52FCA6F617452B823A0B55E2664EE225E65576CF0E8F2D","77822E9738885394EC52FCA6F617452B823A0B55E2664EE225E65576CF0E8F2D","MATCH"
"day08\04_RTC_Alarm\VSCode\.cmsis\include\core_cm3.h","projects\07_FLASH_RTC_POWER\rtc-alarm\course\VSCode\.cmsis\include\core_cm3.h","109529","C9937781259A8897ADF514445441C68570087D6A72A558D8A4AFE75CDB62DBD2","C9937781259A8897ADF514445441C68570087D6A72A558D8A4AFE75CDB62DBD2","MATCH"
"day08\04_RTC_Alarm\VSCode\.cmsis\include\core_cm33.h","projects\07_FLASH_RTC_POWER\rtc-alarm\course\VSCode\.cmsis\include\core_cm33.h","189524","225C47C36230EDAA314F1E7A45B38279F6AB4D58FAEB132226DB35F7007D58AA","225C47C36230EDAA314F1E7A45B38279F6AB4D58FAEB132226DB35F7007D58AA","MATCH"
"day08\04_RTC_Alarm\VSCode\.cmsis\include\core_cm35p.h","projects\07_FLASH_RTC_POWER\rtc-alarm\course\VSCode\.cmsis\include\core_cm35p.h","189539","206B427589981B78169C1D9B73E898E4E8DE4EFBD76FD0C2DF7DF81D645B9FA2","206B427589981B78169C1D9B73E898E4E8DE4EFBD76FD0C2DF7DF81D645B9FA2","MATCH"
"day08\04_RTC_Alarm\VSCode\.cmsis\include\core_cm4.h","projects\07_FLASH_RTC_POWER\rtc-alarm\course\VSCode\.cmsis\include\core_cm4.h","120975","F5B63D52DD1557B15CA414CB59C264F595A7B5669DB2A5878DFFE22F4CAEDC8C","F5B63D52DD1557B15CA414CB59C264F595A7B5669DB2A5878DFFE22F4CAEDC8C","MATCH"
"day08\04_RTC_Alarm\VSCode\.cmsis\include\core_cm55.h","projects\07_FLASH_RTC_POWER\rtc-alarm\course\VSCode\.cmsis\include\core_cm55.h","317450","5707F716CF03F7E80151108AE94601FCFDF362DD2D830876040213318F6DEE3A","5707F716CF03F7E80151108AE94601FCFDF362DD2D830876040213318F6DEE3A","MATCH"
"day08\04_RTC_Alarm\VSCode\.cmsis\include\core_cm7.h","projects\07_FLASH_RTC_POWER\rtc-alarm\course\VSCode\.cmsis\include\core_cm7.h","138948","E974D0A91752487D0154457CD422C37667328E9DDB7BA4FA2FED479A63577F63","E974D0A91752487D0154457CD422C37667328E9DDB7BA4FA2FED479A63577F63","MATCH"
"day08\04_RTC_Alarm\VSCode\.cmsis\include\core_cm85.h","projects\07_FLASH_RTC_POWER\rtc-alarm\course\VSCode\.cmsis\include\core_cm85.h","308328","75BC123889F0F5CA33C4D16B6CBDD580A3572663C899FADB2C8E28F6A5E6FEAD","75BC123889F0F5CA33C4D16B6CBDD580A3572663C899FADB2C8E28F6A5E6FEAD","MATCH"
"day08\04_RTC_Alarm\VSCode\.cmsis\include\core_sc000.h","projects\07_FLASH_RTC_POWER\rtc-alarm\course\VSCode\.cmsis\include\core_sc000.h","46562","C81377A69A4EA8ECAEAD42194F2CE8AB59BD4EE7BD638E423F5B1F5EC283D154","C81377A69A4EA8ECAEAD42194F2CE8AB59BD4EE7BD638E423F5B1F5EC283D154","MATCH"
"day08\04_RTC_Alarm\VSCode\.cmsis\include\core_sc300.h","projects\07_FLASH_RTC_POWER\rtc-alarm\course\VSCode\.cmsis\include\core_sc300.h","108524","73DD461C12C7D3A693840DF3084FD8F85122095C6F21FA3D779B0F3ECEAEBAD5","73DD461C12C7D3A693840DF3084FD8F85122095C6F21FA3D779B0F3ECEAEBAD5","MATCH"
"day08\04_RTC_Alarm\VSCode\.cmsis\include\core_starmc1.h","projects\07_FLASH_RTC_POWER\rtc-alarm\course\VSCode\.cmsis\include\core_starmc1.h","193055","92D8661F2947D00DA91653D04794CDE0593FDAAFB3438842A0477775716AAFC5","92D8661F2947D00DA91653D04794CDE0593FDAAFB3438842A0477775716AAFC5","MATCH"
"day08\04_RTC_Alarm\VSCode\.cmsis\include\mpu_armv7.h","projects\07_FLASH_RTC_POWER\rtc-alarm\course\VSCode\.cmsis\include\mpu_armv7.h","11731","29206B52EE02290ED6F5A5415EBD4187DE802CF176D9B3CB844390D8E5571372","29206B52EE02290ED6F5A5415EBD4187DE802CF176D9B3CB844390D8E5571372","MATCH"
"day08\04_RTC_Alarm\VSCode\.cmsis\include\mpu_armv8.h","projects\07_FLASH_RTC_POWER\rtc-alarm\course\VSCode\.cmsis\include\mpu_armv8.h","11370","2C7D22A344CEDCC1E35380D1F76F0E6C55DA5E3101E6A41FD85497D1841FE8C9","2C7D22A344CEDCC1E35380D1F76F0E6C55DA5E3101E6A41FD85497D1841FE8C9","MATCH"
"day08\04_RTC_Alarm\VSCode\.cmsis\include\pac_armv81.h","projects\07_FLASH_RTC_POWER\rtc-alarm\course\VSCode\.cmsis\include\pac_armv81.h","6062","D76F5CC0C59A59E035115F700B8E8D95B7B98ECB99A2924E885F82A94903D984","D76F5CC0C59A59E035115F700B8E8D95B7B98ECB99A2924E885F82A94903D984","MATCH"
"day08\04_RTC_Alarm\VSCode\.cmsis\include\pmu_armv8.h","projects\07_FLASH_RTC_POWER\rtc-alarm\course\VSCode\.cmsis\include\pmu_armv8.h","22786","CEA8C105C5F41BA831FE4D9E8E39758068CD4C414383348DC2835D6BE447CCA0","CEA8C105C5F41BA831FE4D9E8E39758068CD4C414383348DC2835D6BE447CCA0","MATCH"
"day08\04_RTC_Alarm\VSCode\.cmsis\include\tz_context.h","projects\07_FLASH_RTC_POWER\rtc-alarm\course\VSCode\.cmsis\include\tz_context.h","2687","45565C8CB04C653AABAF3CCEDDFC848B6A0DE28C20D4F7E3D475A992C7EEE788","45565C8CB04C653AABAF3CCEDDFC848B6A0DE28C20D4F7E3D475A992C7EEE788","MATCH"
"day08\04_RTC_Alarm\VSCode\.eide.usr.ctx.json","projects\07_FLASH_RTC_POWER\rtc-alarm\course\VSCode\.eide.usr.ctx.json","28","03EE52DB36D82CC91C26B284E3B96463A6279B8908C327B3F06DCAB6366C1EBB","03EE52DB36D82CC91C26B284E3B96463A6279B8908C327B3F06DCAB6366C1EBB","MATCH"
"day08\04_RTC_Alarm\VSCode\.eide\eide.json","projects\07_FLASH_RTC_POWER\rtc-alarm\course\VSCode\.eide\eide.json","7398","989B199DBD366F1815435E633849C473A28774B1FBA14965AF7B18B1568A721C","989B199DBD366F1815435E633849C473A28774B1FBA14965AF7B18B1568A721C","MATCH"
"day08\04_RTC_Alarm\VSCode\.eide\env.ini","projects\07_FLASH_RTC_POWER\rtc-alarm\course\VSCode\.eide\env.ini","37","1F42E08381B7F9161DC65B5B4F98E584D5841FB9D722A6DEE18D48C52A2DDB42","1F42E08381B7F9161DC65B5B4F98E584D5841FB9D722A6DEE18D48C52A2DDB42","MATCH"
"day08\04_RTC_Alarm\VSCode\.eide\files.options.yml","projects\07_FLASH_RTC_POWER\rtc-alarm\course\VSCode\.eide\files.options.yml","689","DCE15A6F5EA9904173CC7A8EE4D6A3790B84BE7D855AD431DD758DD630D094AF","DCE15A6F5EA9904173CC7A8EE4D6A3790B84BE7D855AD431DD758DD630D094AF","MATCH"
"day08\04_RTC_Alarm\VSCode\.gitignore","projects\07_FLASH_RTC_POWER\rtc-alarm\course\VSCode\.gitignore","166","5430B7D763F0BECEA3C0D265A8BE1DB78E3F1A2E47938595F47498DA00E11E45","5430B7D763F0BECEA3C0D265A8BE1DB78E3F1A2E47938595F47498DA00E11E45","MATCH"
"day08\04_RTC_Alarm\VSCode\VSCode.code-workspace","projects\07_FLASH_RTC_POWER\rtc-alarm\course\VSCode\VSCode.code-workspace","1199","254E79D293DFCA8FC2AAADEC81282183E7F03826C6A02A27ECB05EDF8389D7F1","254E79D293DFCA8FC2AAADEC81282183E7F03826C6A02A27ECB05EDF8389D7F1","MATCH"
"day14\04_Debug_project\Middleware\exti\Exti.c","projects\08_HAL_AND_FIRMWARE_ARCHITECTURE\debug-middleware-skeleton\course\Middleware\exti\Exti.c","2294","57A39180B18A7F031F1BD55587682D3C44A182BAAC1856ACEF3CAE8E8C6490AB","57A39180B18A7F031F1BD55587682D3C44A182BAAC1856ACEF3CAE8E8C6490AB","MATCH"
"day14\04_Debug_project\Middleware\exti\Exti.h","projects\08_HAL_AND_FIRMWARE_ARCHITECTURE\debug-middleware-skeleton\course\Middleware\exti\Exti.h","2047","72BC583ED1C7BF1CA618873FD27F83FE49E2D4176FC0A58E848820260BD04DC8","72BC583ED1C7BF1CA618873FD27F83FE49E2D4176FC0A58E848820260BD04DC8","MATCH"
"day14\04_Debug_project\Middleware\i2c\I2C_config.h","projects\08_HAL_AND_FIRMWARE_ARCHITECTURE\debug-middleware-skeleton\course\Middleware\i2c\I2C_config.h","716","9F1E76717A35A442BA91C4532C21B4D5F40B2AB8894E482BDEA9A4776D566607","9F1E76717A35A442BA91C4532C21B4D5F40B2AB8894E482BDEA9A4776D566607","MATCH"
"day14\04_Debug_project\Middleware\i2c\I2C.c","projects\08_HAL_AND_FIRMWARE_ARCHITECTURE\debug-middleware-skeleton\course\Middleware\i2c\I2C.c","81","DDE1E1EA50A681038A047AD1A39B6C7468324529BBCDCBE760C1C17352D43CB4","DDE1E1EA50A681038A047AD1A39B6C7468324529BBCDCBE760C1C17352D43CB4","MATCH"
"day14\04_Debug_project\Middleware\i2c\I2C.h","projects\08_HAL_AND_FIRMWARE_ARCHITECTURE\debug-middleware-skeleton\course\Middleware\i2c\I2C.h","127","D795308702DA499208496A534E2BD0FABE6F8793EF276ECE0B96E30BB74A6408","D795308702DA499208496A534E2BD0FABE6F8793EF276ECE0B96E30BB74A6408","MATCH"
"day14\04_Debug_project\Middleware\i2c\I2C0.c","projects\08_HAL_AND_FIRMWARE_ARCHITECTURE\debug-middleware-skeleton\course\Middleware\i2c\I2C0.c","11819","9F9246688C76F44633419FE81990D7F92720F4D0F20A139E935897E0F5699B03","9F9246688C76F44633419FE81990D7F92720F4D0F20A139E935897E0F5699B03","MATCH"
"day14\04_Debug_project\Middleware\i2c\I2C0.h","projects\08_HAL_AND_FIRMWARE_ARCHITECTURE\debug-middleware-skeleton\course\Middleware\i2c\I2C0.h","336","EB4E218E18B2AE33033F558CDF137DD1087342D6979F89587AA28F24206AD6E5","EB4E218E18B2AE33033F558CDF137DD1087342D6979F89587AA28F24206AD6E5","MATCH"
"day14\04_Debug_project\Middleware\spi\SPI_config.h","projects\08_HAL_AND_FIRMWARE_ARCHITECTURE\debug-middleware-skeleton\course\Middleware\spi\SPI_config.h","1718","A38E5BA64D535F287209FC6A5DDEF85282F4F732362CE2955C63C5809767DA00","A38E5BA64D535F287209FC6A5DDEF85282F4F732362CE2955C63C5809767DA00","MATCH"
"day14\04_Debug_project\Middleware\spi\SPI.c","projects\08_HAL_AND_FIRMWARE_ARCHITECTURE\debug-middleware-skeleton\course\Middleware\spi\SPI.c","116","C4EC6F7F31E0C80D3C1B4F0E19AADA535320B6303C6278D34F48133C28C27951","C4EC6F7F31E0C80D3C1B4F0E19AADA535320B6303C6278D34F48133C28C27951","MATCH"
"day14\04_Debug_project\Middleware\spi\SPI.h","projects\08_HAL_AND_FIRMWARE_ARCHITECTURE\debug-middleware-skeleton\course\Middleware\spi\SPI.h","167","CB74F16DCAB679C34D97F521750E176AC0E8E5A7A5720D63EF1F0DA047828131","CB74F16DCAB679C34D97F521750E176AC0E8E5A7A5720D63EF1F0DA047828131","MATCH"
"day14\04_Debug_project\Middleware\spi\SPI0.c","projects\08_HAL_AND_FIRMWARE_ARCHITECTURE\debug-middleware-skeleton\course\Middleware\spi\SPI0.c","4844","BC446842D3C1D26F2C410A8D6BAAABEA179627DFC975E9B572ED83D679B79DD9","BC446842D3C1D26F2C410A8D6BAAABEA179627DFC975E9B572ED83D679B79DD9","MATCH"
"day14\04_Debug_project\Middleware\spi\SPI0.h","projects\08_HAL_AND_FIRMWARE_ARCHITECTURE\debug-middleware-skeleton\course\Middleware\spi\SPI0.h","183","25D92850B75300DCF844B77AF2BA8D39D75B03215CDD07B8E0465256405F43E3","25D92850B75300DCF844B77AF2BA8D39D75B03215CDD07B8E0465256405F43E3","MATCH"
"day14\04_Debug_project\Middleware\spi\SPI4.c","projects\08_HAL_AND_FIRMWARE_ARCHITECTURE\debug-middleware-skeleton\course\Middleware\spi\SPI4.c","4829","AEC8B1060F37B773536740B5E9F98736885E66DA06343ABFABB8F7790B4A4DA2","AEC8B1060F37B773536740B5E9F98736885E66DA06343ABFABB8F7790B4A4DA2","MATCH"
"day14\04_Debug_project\Middleware\spi\SPI4.h","projects\08_HAL_AND_FIRMWARE_ARCHITECTURE\debug-middleware-skeleton\course\Middleware\spi\SPI4.h","183","A9A306C5CC4F5D22CBFD04DE575A297F325E092D1353CD32456DC6A003F90E6E","A9A306C5CC4F5D22CBFD04DE575A297F325E092D1353CD32456DC6A003F90E6E","MATCH"
"day14\04_Debug_project\Middleware\usart\Usart0.c","projects\08_HAL_AND_FIRMWARE_ARCHITECTURE\debug-middleware-skeleton\course\Middleware\usart\Usart0.c","8928","27DEEEE01F0257E201162803FB593E66D014ADA02E198E7FF000C8393473F77A","27DEEEE01F0257E201162803FB593E66D014ADA02E198E7FF000C8393473F77A","MATCH"
"day14\04_Debug_project\Middleware\usart\Usart0.h","projects\08_HAL_AND_FIRMWARE_ARCHITECTURE\debug-middleware-skeleton\course\Middleware\usart\Usart0.h","1609","4371030B0136D9795563A2102360470D8050427C9986ED4BFE0D75058B6BAAF0","4371030B0136D9795563A2102360470D8050427C9986ED4BFE0D75058B6BAAF0","MATCH"
"day14\04_Debug_project\Project\EventRecorderStub.scvd","projects\08_HAL_AND_FIRMWARE_ARCHITECTURE\debug-middleware-skeleton\course\Project\EventRecorderStub.scvd","330","2482A3601234C1C796DD7BE18C0AA71F194088CECDF47F641EEF11AA734AD5C3","2482A3601234C1C796DD7BE18C0AA71F194088CECDF47F641EEF11AA734AD5C3","MATCH"
"day14\04_Debug_project\Project\Project.uvprojx","projects\08_HAL_AND_FIRMWARE_ARCHITECTURE\debug-middleware-skeleton\course\Project\Project.uvprojx","28444","A271C06E10A7A305AD69F37101BE2F1ECD14A08ACD7882770852E93162499DC5","A271C06E10A7A305AD69F37101BE2F1ECD14A08ACD7882770852E93162499DC5","MATCH"
"day14\04_Debug_project\Project\RTE\_Target_1\RTE_Components.h","projects\08_HAL_AND_FIRMWARE_ARCHITECTURE\debug-middleware-skeleton\course\Project\RTE\_Target_1\RTE_Components.h","853","F99939FDFA7E30726CC8604538D66C83006A8D20E5F7473C420D6DC08B8BED91","F99939FDFA7E30726CC8604538D66C83006A8D20E5F7473C420D6DC08B8BED91","MATCH"
"day14\04_Debug_project\Project\RTE\Device\GD32F407VE\gd32f4xx_dma.c","projects\08_HAL_AND_FIRMWARE_ARCHITECTURE\debug-middleware-skeleton\course\Project\RTE\Device\GD32F407VE\gd32f4xx_dma.c","36449","2D943A169ABABCC22CBC6C41665F5CE375C30B63005954E1D34BB3218CB63FAF","2D943A169ABABCC22CBC6C41665F5CE375C30B63005954E1D34BB3218CB63FAF","MATCH"
"day14\04_Debug_project\Project\RTE\Device\GD32F407VE\gd32f4xx_gpio.c","projects\08_HAL_AND_FIRMWARE_ARCHITECTURE\debug-middleware-skeleton\course\Project\RTE\Device\GD32F407VE\gd32f4xx_gpio.c","15061","262BEFE864D5DA3BADA64D0B3DAB29E5C2747E46B154EDE8BCAB0B788DB614E0","262BEFE864D5DA3BADA64D0B3DAB29E5C2747E46B154EDE8BCAB0B788DB614E0","MATCH"
"day14\04_Debug_project\Project\RTE\Device\GD32F407VE\gd32f4xx_misc.c","projects\08_HAL_AND_FIRMWARE_ARCHITECTURE\debug-middleware-skeleton\course\Project\RTE\Device\GD32F407VE\gd32f4xx_misc.c","7136","1CD262F295155428C25DEDC69BFBAB99F7A99DE09E0B602ECA1F2C6017CFE2DA","1CD262F295155428C25DEDC69BFBAB99F7A99DE09E0B602ECA1F2C6017CFE2DA","MATCH"
"day14\04_Debug_project\Project\RTE\Device\GD32F407VE\gd32f4xx_pmu.c","projects\08_HAL_AND_FIRMWARE_ARCHITECTURE\debug-middleware-skeleton\course\Project\RTE\Device\GD32F407VE\gd32f4xx_pmu.c","11909","DAFA94838A55132E3313234C5AC2BE6172116DC26574347363D554EFFB186D79","DAFA94838A55132E3313234C5AC2BE6172116DC26574347363D554EFFB186D79","MATCH"
"day14\04_Debug_project\Project\RTE\Device\GD32F407VE\gd32f4xx_rcu.c","projects\08_HAL_AND_FIRMWARE_ARCHITECTURE\debug-middleware-skeleton\course\Project\RTE\Device\GD32F407VE\gd32f4xx_rcu.c","50047","6C1030EB58EC7CB9C41E2A1FF31DDEF87F70DD083222327978234004C4E95B98","6C1030EB58EC7CB9C41E2A1FF31DDEF87F70DD083222327978234004C4E95B98","MATCH"
"day14\04_Debug_project\Project\RTE\Device\GD32F407VE\gd32f4xx_usart.c","projects\08_HAL_AND_FIRMWARE_ARCHITECTURE\debug-middleware-skeleton\course\Project\RTE\Device\GD32F407VE\gd32f4xx_usart.c","34715","F67FA54D9C9537317BE92D95FD880A394D9ABE98DF708E5AA821FBFA392AE9B0","F67FA54D9C9537317BE92D95FD880A394D9ABE98DF708E5AA821FBFA392AE9B0","MATCH"
"day14\04_Debug_project\Project\RTE\Device\GD32F407VE\startup_gd32f407_427.s","projects\08_HAL_AND_FIRMWARE_ARCHITECTURE\debug-middleware-skeleton\course\Project\RTE\Device\GD32F407VE\startup_gd32f407_427.s","22101","65127CC1FFC7BB0C6E3AB3E1EF32C8F935D09EF4A83AC4914E089D40C39B8B5B","65127CC1FFC7BB0C6E3AB3E1EF32C8F935D09EF4A83AC4914E089D40C39B8B5B","MATCH"
"day14\04_Debug_project\Project\RTE\Device\GD32F407VE\system_gd32f4xx.c","projects\08_HAL_AND_FIRMWARE_ARCHITECTURE\debug-middleware-skeleton\course\Project\RTE\Device\GD32F407VE\system_gd32f4xx.c","36416","8F66A123756716CF74297A7B54EEC616F230CBBC37DFB60F21BF05D1BC070836","8F66A123756716CF74297A7B54EEC616F230CBBC37DFB60F21BF05D1BC070836","MATCH"
"day14\04_Debug_project\Project\RTE\Device\GD32F470ZG\gd32f4xx_dma.c","projects\08_HAL_AND_FIRMWARE_ARCHITECTURE\debug-middleware-skeleton\course\Project\RTE\Device\GD32F470ZG\gd32f4xx_dma.c","35765","8EDF07E3FECCF672D77A52A0D9B6214FF477E0FFA701A386625C9EB6C5E4B636","8EDF07E3FECCF672D77A52A0D9B6214FF477E0FFA701A386625C9EB6C5E4B636","MATCH"
"day14\04_Debug_project\Project\RTE\Device\GD32F470ZG\gd32f4xx_gpio.c","projects\08_HAL_AND_FIRMWARE_ARCHITECTURE\debug-middleware-skeleton\course\Project\RTE\Device\GD32F470ZG\gd32f4xx_gpio.c","14795","A19B2118A9A00300D914BD33DA4F853C6473208202E9156FE0AEF7BC377AA74C","A19B2118A9A00300D914BD33DA4F853C6473208202E9156FE0AEF7BC377AA74C","MATCH"
"day14\04_Debug_project\Project\RTE\Device\GD32F470ZG\gd32f4xx_misc.c","projects\08_HAL_AND_FIRMWARE_ARCHITECTURE\debug-middleware-skeleton\course\Project\RTE\Device\GD32F470ZG\gd32f4xx_misc.c","7129","452B9FF01309091AB1357B4BD5ACEE06E12EC689B5CFC19E489F42725694B146","452B9FF01309091AB1357B4BD5ACEE06E12EC689B5CFC19E489F42725694B146","MATCH"
"day14\04_Debug_project\Project\RTE\Device\GD32F470ZG\gd32f4xx_pmu.c","projects\08_HAL_AND_FIRMWARE_ARCHITECTURE\debug-middleware-skeleton\course\Project\RTE\Device\GD32F470ZG\gd32f4xx_pmu.c","11625","4C4DC0F3AB15E47C69DC9745D91BF9475E12A705A4D628EE97286C9FDDEE0F36","4C4DC0F3AB15E47C69DC9745D91BF9475E12A705A4D628EE97286C9FDDEE0F36","MATCH"
"day14\04_Debug_project\Project\RTE\Device\GD32F470ZG\gd32f4xx_rcu.c","projects\08_HAL_AND_FIRMWARE_ARCHITECTURE\debug-middleware-skeleton\course\Project\RTE\Device\GD32F470ZG\gd32f4xx_rcu.c","48883","27177C4D17AA3756CB51C6C66C283A26949104F2E68B84DCBA6E75D76B24E4EB","27177C4D17AA3756CB51C6C66C283A26949104F2E68B84DCBA6E75D76B24E4EB","MATCH"
"day14\04_Debug_project\Project\RTE\Device\GD32F470ZG\gd32f4xx_usart.c","projects\08_HAL_AND_FIRMWARE_ARCHITECTURE\debug-middleware-skeleton\course\Project\RTE\Device\GD32F470ZG\gd32f4xx_usart.c","33766","412337BE314E144887F12BDA3B56A018ECA559837096DBBC094FAFF0AD36BC8B","412337BE314E144887F12BDA3B56A018ECA559837096DBBC094FAFF0AD36BC8B","MATCH"
"day14\04_Debug_project\Project\RTE\Device\GD32F470ZG\startup_gd32f450_470.s","projects\08_HAL_AND_FIRMWARE_ARCHITECTURE\debug-middleware-skeleton\course\Project\RTE\Device\GD32F470ZG\startup_gd32f450_470.s","23153","AE85BC0E0A30975FFA986A849DDC02E527C35F98F8737913170CF6282C4C8C19","AE85BC0E0A30975FFA986A849DDC02E527C35F98F8737913170CF6282C4C8C19","MATCH"
"day14\04_Debug_project\Project\RTE\Device\GD32F470ZG\system_gd32f4xx.c","projects\08_HAL_AND_FIRMWARE_ARCHITECTURE\debug-middleware-skeleton\course\Project\RTE\Device\GD32F470ZG\system_gd32f4xx.c","34590","84E443F6256010A683801C18E1F3C7A8BB3E1870155814B7019690444E381CAB","84E443F6256010A683801C18E1F3C7A8BB3E1870155814B7019690444E381CAB","MATCH"
"day14\04_Debug_project\User\gd32f4xx_it.c","projects\08_HAL_AND_FIRMWARE_ARCHITECTURE\debug-middleware-skeleton\course\User\gd32f4xx_it.c","3500","943A1D9C012CCF0FE248243772323B5F3BAD8C1D2AD5AF104BE38E0072CEE8F2","943A1D9C012CCF0FE248243772323B5F3BAD8C1D2AD5AF104BE38E0072CEE8F2","MATCH"
"day14\04_Debug_project\User\gd32f4xx_it.h","projects\08_HAL_AND_FIRMWARE_ARCHITECTURE\debug-middleware-skeleton\course\User\gd32f4xx_it.h","2464","F87230F35E964DF5C8B51E7C2977FA84275E5DF595DF3C4FD819B6AB8F624236","F87230F35E964DF5C8B51E7C2977FA84275E5DF595DF3C4FD819B6AB8F624236","MATCH"
"day14\04_Debug_project\User\main.c","projects\08_HAL_AND_FIRMWARE_ARCHITECTURE\debug-middleware-skeleton\course\User\main.c","1463","D933404665618DEB8925F4CA1D4B3075B6A2B4029CC98E96310F0B2598B42BDC","D933404665618DEB8925F4CA1D4B3075B6A2B4029CC98E96310F0B2598B42BDC","MATCH"
"day14\04_Debug_project\User\main.h","projects\08_HAL_AND_FIRMWARE_ARCHITECTURE\debug-middleware-skeleton\course\User\main.h","1723","D1558255048871C210DEB3B43DACC65878D458E798AA8CDFC3A8B313E21DD4F6","D1558255048871C210DEB3B43DACC65878D458E798AA8CDFC3A8B313E21DD4F6","MATCH"
"day14\04_Debug_project\User\systick.c","projects\08_HAL_AND_FIRMWARE_ARCHITECTURE\debug-middleware-skeleton\course\User\systick.c","2729","1928CB7EFD85AEF0DB408114EBA951E594997009A2E12B83EC203973466B46C2","1928CB7EFD85AEF0DB408114EBA951E594997009A2E12B83EC203973466B46C2","MATCH"
"day14\04_Debug_project\User\systick.h","projects\08_HAL_AND_FIRMWARE_ARCHITECTURE\debug-middleware-skeleton\course\User\systick.h","1984","2BE23AC74AFF55969D751C1A4C67D1B329482D8D6C24F8975E8702D15FB1E390","2BE23AC74AFF55969D751C1A4C67D1B329482D8D6C24F8975E8702D15FB1E390","MATCH"
"day13\04_STM32_HAL_adc\.mxproject","projects\08_HAL_AND_FIRMWARE_ARCHITECTURE\stm32-hal-adc\course\.mxproject","9476","F3EC682BDF33D370AFF5D1ACB420AACFB327D9434811DE8E90551DADDC34765F","F3EC682BDF33D370AFF5D1ACB420AACFB327D9434811DE8E90551DADDC34765F","MATCH"
"day13\04_STM32_HAL_adc\04_STM32_HAL_adc.ioc","projects\08_HAL_AND_FIRMWARE_ARCHITECTURE\stm32-hal-adc\course\04_STM32_HAL_adc.ioc","5439","F4313F1B017D5FA78F44C76DC3B7AACE9A9486798FBD899BDDC966F9CBA95893","F4313F1B017D5FA78F44C76DC3B7AACE9A9486798FBD899BDDC966F9CBA95893","MATCH"
"day13\04_STM32_HAL_adc\Core\Inc\adc.h","projects\08_HAL_AND_FIRMWARE_ARCHITECTURE\stm32-hal-adc\course\Core\Inc\adc.h","1345","8D367F1AC487941D8484FC00B73902FD14DE628C859820F118E960A818C91A83","8D367F1AC487941D8484FC00B73902FD14DE628C859820F118E960A818C91A83","MATCH"
"day13\04_STM32_HAL_adc\Core\Inc\gpio.h","projects\08_HAL_AND_FIRMWARE_ARCHITECTURE\stm32-hal-adc\course\Core\Inc\gpio.h","1313","ED4DD400A061AD318521CF96AE903FE21D1ABA75FBB685603C3F78DB56DF226B","ED4DD400A061AD318521CF96AE903FE21D1ABA75FBB685603C3F78DB56DF226B","MATCH"
"day13\04_STM32_HAL_adc\Core\Inc\main.h","projects\08_HAL_AND_FIRMWARE_ARCHITECTURE\stm32-hal-adc\course\Core\Inc\main.h","2003","9DC16883C716161ADA495FC3B182202054373D71AF9F7C8746280ABD0BFCADFD","9DC16883C716161ADA495FC3B182202054373D71AF9F7C8746280ABD0BFCADFD","MATCH"
"day13\04_STM32_HAL_adc\Core\Inc\stm32f4xx_hal_conf.h","projects\08_HAL_AND_FIRMWARE_ARCHITECTURE\stm32-hal-adc\course\Core\Inc\stm32f4xx_hal_conf.h","20037","7E90072F5B5E51295D623C159EBB2B5A19EF0719A32E7FFB1859643B465FC0C1","7E90072F5B5E51295D623C159EBB2B5A19EF0719A32E7FFB1859643B465FC0C1","MATCH"
"day13\04_STM32_HAL_adc\Core\Inc\stm32f4xx_it.h","projects\08_HAL_AND_FIRMWARE_ARCHITECTURE\stm32-hal-adc\course\Core\Inc\stm32f4xx_it.h","1926","B5BDF093BBD896ECDCC597314D3A6523A669CFF5380AE08EA0F8E9667A09A173","B5BDF093BBD896ECDCC597314D3A6523A669CFF5380AE08EA0F8E9667A09A173","MATCH"
"day13\04_STM32_HAL_adc\Core\Inc\usart.h","projects\08_HAL_AND_FIRMWARE_ARCHITECTURE\stm32-hal-adc\course\Core\Inc\usart.h","1364","4A1BBA5C2B1088E014514A2244AA94ACF8A98A7AA3C796B2460DAC70FEB816E2","4A1BBA5C2B1088E014514A2244AA94ACF8A98A7AA3C796B2460DAC70FEB816E2","MATCH"
"day13\04_STM32_HAL_adc\Core\Src\adc.c","projects\08_HAL_AND_FIRMWARE_ARCHITECTURE\stm32-hal-adc\course\Core\Src\adc.c","3763","7BB2A2E0EF38400352A48A61DDC166C4EF14B0180E7D90379DC1761D8943FC33","7BB2A2E0EF38400352A48A61DDC166C4EF14B0180E7D90379DC1761D8943FC33","MATCH"
"day13\04_STM32_HAL_adc\Core\Src\gpio.c","projects\08_HAL_AND_FIRMWARE_ARCHITECTURE\stm32-hal-adc\course\Core\Src\gpio.c","1533","BF141F19765AE50F45200FD80B9629A8CAAAE9E789E7E43BCB5C667EECCC5010","BF141F19765AE50F45200FD80B9629A8CAAAE9E789E7E43BCB5C667EECCC5010","MATCH"
"day13\04_STM32_HAL_adc\Core\Src\main.c","projects\08_HAL_AND_FIRMWARE_ARCHITECTURE\stm32-hal-adc\course\Core\Src\main.c","5989","FDB8C9B925A3DCAC9EA75AA110DF5CD10A7D98B433CC1E4F0C1C3603941008B5","FDB8C9B925A3DCAC9EA75AA110DF5CD10A7D98B433CC1E4F0C1C3603941008B5","MATCH"
"day13\04_STM32_HAL_adc\Core\Src\stm32f4xx_hal_msp.c","projects\08_HAL_AND_FIRMWARE_ARCHITECTURE\stm32-hal-adc\course\Core\Src\stm32f4xx_hal_msp.c","2231","29BEC55D569A16B71D8D6D93C8A46CCD343287712D82E8B3DFB65D0129174D1D","29BEC55D569A16B71D8D6D93C8A46CCD343287712D82E8B3DFB65D0129174D1D","MATCH"
"day13\04_STM32_HAL_adc\Core\Src\stm32f4xx_it.c","projects\08_HAL_AND_FIRMWARE_ARCHITECTURE\stm32-hal-adc\course\Core\Src\stm32f4xx_it.c","5409","F13796C48FA9B93685FCB67C97F583B1C19DA6DBDCD329FD73614DDD005D0C37","F13796C48FA9B93685FCB67C97F583B1C19DA6DBDCD329FD73614DDD005D0C37","MATCH"
"day13\04_STM32_HAL_adc\Core\Src\system_stm32f4xx.c","projects\08_HAL_AND_FIRMWARE_ARCHITECTURE\stm32-hal-adc\course\Core\Src\system_stm32f4xx.c","27589","CDEC0A2A4F0CFDE6EAE5BC16FCE9466367FB3E2986BDFAA673822B64548958FE","CDEC0A2A4F0CFDE6EAE5BC16FCE9466367FB3E2986BDFAA673822B64548958FE","MATCH"
"day13\04_STM32_HAL_adc\Core\Src\usart.c","projects\08_HAL_AND_FIRMWARE_ARCHITECTURE\stm32-hal-adc\course\Core\Src\usart.c","3043","CFDA9F4A6B6810024631B82E4EA2010FF5EE91686EB3C123E01B7ECD1A1CA1FB","CFDA9F4A6B6810024631B82E4EA2010FF5EE91686EB3C123E01B7ECD1A1CA1FB","MATCH"
"day13\04_STM32_HAL_adc\Drivers\CMSIS\Device\ST\STM32F4xx\Include\stm32f407xx.h","projects\08_HAL_AND_FIRMWARE_ARCHITECTURE\stm32-hal-adc\course\Drivers\CMSIS\Device\ST\STM32F4xx\Include\stm32f407xx.h","1208799","E4E38F39DC15F3D79D3EAB5270396B260381898C67B6DA9578D96D59B8ED99DC","E4E38F39DC15F3D79D3EAB5270396B260381898C67B6DA9578D96D59B8ED99DC","MATCH"
"day13\04_STM32_HAL_adc\Drivers\CMSIS\Device\ST\STM32F4xx\Include\stm32f4xx.h","projects\08_HAL_AND_FIRMWARE_ARCHITECTURE\stm32-hal-adc\course\Drivers\CMSIS\Device\ST\STM32F4xx\Include\stm32f4xx.h","12228","D3F227F83E5AB4A27BAA3FF90AA5B08DC8AF961C1A6BBFB8B29C422A806A33C9","D3F227F83E5AB4A27BAA3FF90AA5B08DC8AF961C1A6BBFB8B29C422A806A33C9","MATCH"
"day13\04_STM32_HAL_adc\Drivers\CMSIS\Device\ST\STM32F4xx\Include\system_stm32f4xx.h","projects\08_HAL_AND_FIRMWARE_ARCHITECTURE\stm32-hal-adc\course\Drivers\CMSIS\Device\ST\STM32F4xx\Include\system_stm32f4xx.h","2318","6BA46A957D0C32196D03304B981DB5BE8C3969D41953A53A364CA861085277D1","6BA46A957D0C32196D03304B981DB5BE8C3969D41953A53A364CA861085277D1","MATCH"
"day13\04_STM32_HAL_adc\Drivers\CMSIS\Device\ST\STM32F4xx\LICENSE.txt","projects\08_HAL_AND_FIRMWARE_ARCHITECTURE\stm32-hal-adc\course\Drivers\CMSIS\Device\ST\STM32F4xx\LICENSE.txt","377","D65CAD1327EB8DAE95D0AEAB71FB22505F99A3D7CD1CE2530D7D40C52AECE002","D65CAD1327EB8DAE95D0AEAB71FB22505F99A3D7CD1CE2530D7D40C52AECE002","MATCH"
"day13\04_STM32_HAL_adc\Drivers\CMSIS\Include\cachel1_armv7.h","projects\08_HAL_AND_FIRMWARE_ARCHITECTURE\stm32-hal-adc\course\Drivers\CMSIS\Include\cachel1_armv7.h","12498","6CDB5B324F2FD1BB5B2F47298BA6E6777E735D7CAD3BB8D942CD36E2C6E65328","6CDB5B324F2FD1BB5B2F47298BA6E6777E735D7CAD3BB8D942CD36E2C6E65328","MATCH"
"day13\04_STM32_HAL_adc\Drivers\CMSIS\Include\cmsis_armcc.h","projects\08_HAL_AND_FIRMWARE_ARCHITECTURE\stm32-hal-adc\course\Drivers\CMSIS\Include\cmsis_armcc.h","28887","D074534D7106CEC83474B3B0A897BD2553E1A8895ECBD54F4F4FB25928066EEE","D074534D7106CEC83474B3B0A897BD2553E1A8895ECBD54F4F4FB25928066EEE","MATCH"
"day13\04_STM32_HAL_adc\Drivers\CMSIS\Include\cmsis_armclang_ltm.h","projects\08_HAL_AND_FIRMWARE_ARCHITECTURE\stm32-hal-adc\course\Drivers\CMSIS\Include\cmsis_armclang_ltm.h","57949","8621969EA669A1B230FF2125A760EF66D575C48CB45E9E457F768909ABCBDA46","8621969EA669A1B230FF2125A760EF66D575C48CB45E9E457F768909ABCBDA46","MATCH"
"day13\04_STM32_HAL_adc\Drivers\CMSIS\Include\cmsis_armclang.h","projects\08_HAL_AND_FIRMWARE_ARCHITECTURE\stm32-hal-adc\course\Drivers\CMSIS\Include\cmsis_armclang.h","49920","11B39B96DDC1125124762B3423A77B90DD40EA5B4582A3513830245046B24311","11B39B96DDC1125124762B3423A77B90DD40EA5B4582A3513830245046B24311","MATCH"
"day13\04_STM32_HAL_adc\Drivers\CMSIS\Include\cmsis_compiler.h","projects\08_HAL_AND_FIRMWARE_ARCHITECTURE\stm32-hal-adc\course\Drivers\CMSIS\Include\cmsis_compiler.h","9764","869640702D811C4C63ABB52206715C891A93FD03BE954DF5AD40D378355AF3D6","869640702D811C4C63ABB52206715C891A93FD03BE954DF5AD40D378355AF3D6","MATCH"
"day13\04_STM32_HAL_adc\Drivers\CMSIS\Include\cmsis_gcc.h","projects\08_HAL_AND_FIRMWARE_ARCHITECTURE\stm32-hal-adc\course\Drivers\CMSIS\Include\cmsis_gcc.h","65585","3D4E265D0AA42F888385CCF073666E6EBB5EC9F834760B9DA27C474E177F708D","3D4E265D0AA42F888385CCF073666E6EBB5EC9F834760B9DA27C474E177F708D","MATCH"
"day13\04_STM32_HAL_adc\Drivers\CMSIS\Include\cmsis_iccarm.h","projects\08_HAL_AND_FIRMWARE_ARCHITECTURE\stm32-hal-adc\course\Drivers\CMSIS\Include\cmsis_iccarm.h","30071","F28119ADBC81FB0E3C957C9AEBE8FB423AD93634E76EAD3CAA2B0818D2E123AE","F28119ADBC81FB0E3C957C9AEBE8FB423AD93634E76EAD3CAA2B0818D2E123AE","MATCH"
"day13\04_STM32_HAL_adc\Drivers\CMSIS\Include\cmsis_version.h","projects\08_HAL_AND_FIRMWARE_ARCHITECTURE\stm32-hal-adc\course\Drivers\CMSIS\Include\cmsis_version.h","1719","8CDA7AC3FF6F0EB5E83C4FE613DD195151B24DA54167F5C3C007E599A03F1EDC","8CDA7AC3FF6F0EB5E83C4FE613DD195151B24DA54167F5C3C007E599A03F1EDC","MATCH"
"day13\04_STM32_HAL_adc\Drivers\CMSIS\Include\core_armv81mml.h","projects\08_HAL_AND_FIRMWARE_ARCHITECTURE\stm32-hal-adc\course\Drivers\CMSIS\Include\core_armv81mml.h","280868","255663BC446FEB00E341D682F7F78EC6F301A5C1802D856BCDD18D7552393DFF","255663BC446FEB00E341D682F7F78EC6F301A5C1802D856BCDD18D7552393DFF","MATCH"
"day13\04_STM32_HAL_adc\Drivers\CMSIS\Include\core_armv8mbl.h","projects\08_HAL_AND_FIRMWARE_ARCHITECTURE\stm32-hal-adc\course\Drivers\CMSIS\Include\core_armv8mbl.h","117226","B5A662723F65A9FE1FBDE82B83681DAEC28AADB78C2DC95E531D6FB6BB396DDE","B5A662723F65A9FE1FBDE82B83681DAEC28AADB78C2DC95E531D6FB6BB396DDE","MATCH"
"day13\04_STM32_HAL_adc\Drivers\CMSIS\Include\core_armv8mml.h","projects\08_HAL_AND_FIRMWARE_ARCHITECTURE\stm32-hal-adc\course\Drivers\CMSIS\Include\core_armv8mml.h","186400","17021C385F47945F2376FBB30F2F2E3FC28BD0F3D97EB857D212C192C54AB3FC","17021C385F47945F2376FBB30F2F2E3FC28BD0F3D97EB857D212C192C54AB3FC","MATCH"
"day13\04_STM32_HAL_adc\Drivers\CMSIS\Include\core_cm0.h","projects\08_HAL_AND_FIRMWARE_ARCHITECTURE\stm32-hal-adc\course\Drivers\CMSIS\Include\core_cm0.h","42595","5CC53E723EE0E97455233F8DEE892940209E2FFF66071D66D74BAB56C528B199","5CC53E723EE0E97455233F8DEE892940209E2FFF66071D66D74BAB56C528B199","MATCH"
"day13\04_STM32_HAL_adc\Drivers\CMSIS\Include\core_cm0plus.h","projects\08_HAL_AND_FIRMWARE_ARCHITECTURE\stm32-hal-adc\course\Drivers\CMSIS\Include\core_cm0plus.h","50964","A19E24C136145B4C72630D0AB7C83A7AEF010F3BA165E34C56A05057A2D9FED5","A19E24C136145B4C72630D0AB7C83A7AEF010F3BA165E34C56A05057A2D9FED5","MATCH"
"day13\04_STM32_HAL_adc\Drivers\CMSIS\Include\core_cm1.h","projects\08_HAL_AND_FIRMWARE_ARCHITECTURE\stm32-hal-adc\course\Drivers\CMSIS\Include\core_cm1.h","43605","C243C4AFB291068FE7078D2911B2F0001E78A4D5466C26728611B06147D65C2B","C243C4AFB291068FE7078D2911B2F0001E78A4D5466C26728611B06147D65C2B","MATCH"
"day13\04_STM32_HAL_adc\Drivers\CMSIS\Include\core_cm23.h","projects\08_HAL_AND_FIRMWARE_ARCHITECTURE\stm32-hal-adc\course\Drivers\CMSIS\Include\core_cm23.h","123853","B6FB9BB5FAEDFFE8EEC563550E21DC9097C9F64956258B2AF51E6D4D88CA4411","B6FB9BB5FAEDFFE8EEC563550E21DC9097C9F64956258B2AF51E6D4D88CA4411","MATCH"
"day13\04_STM32_HAL_adc\Drivers\CMSIS\Include\core_cm3.h","projects\08_HAL_AND_FIRMWARE_ARCHITECTURE\stm32-hal-adc\course\Drivers\CMSIS\Include\core_cm3.h","111472","0FB7749EA828CAD4FDED65BBEEFC3FD0CFF1EFFBB7C784F7086526FD69E26719","0FB7749EA828CAD4FDED65BBEEFC3FD0CFF1EFFBB7C784F7086526FD69E26719","MATCH"
"day13\04_STM32_HAL_adc\Drivers\CMSIS\Include\core_cm33.h","projects\08_HAL_AND_FIRMWARE_ARCHITECTURE\stm32-hal-adc\course\Drivers\CMSIS\Include\core_cm33.h","192801","D5C5FC559CBBBC1E495AF4AC2EA81959BCADB35AA69ECB1C20D183C3ED9CFEAE","D5C5FC559CBBBC1E495AF4AC2EA81959BCADB35AA69ECB1C20D183C3ED9CFEAE","MATCH"
"day13\04_STM32_HAL_adc\Drivers\CMSIS\Include\core_cm35p.h","projects\08_HAL_AND_FIRMWARE_ARCHITECTURE\stm32-hal-adc\course\Drivers\CMSIS\Include\core_cm35p.h","192816","E52A069FFDACDBF000FFCC6F1766F0DCDFEF1BB60F5E8CA0602BCBCFD2B69FA1","E52A069FFDACDBF000FFCC6F1766F0DCDFEF1BB60F5E8CA0602BCBCFD2B69FA1","MATCH"
"day13\04_STM32_HAL_adc\Drivers\CMSIS\Include\core_cm4.h","projects\08_HAL_AND_FIRMWARE_ARCHITECTURE\stm32-hal-adc\course\Drivers\CMSIS\Include\core_cm4.h","123104","D59A9E3ED4CF43A3C74A2E48F344D41BE2B6363EF9394EA2C551052FE553A6AF","D59A9E3ED4CF43A3C74A2E48F344D41BE2B6363EF9394EA2C551052FE553A6AF","MATCH"
"day13\04_STM32_HAL_adc\Drivers\CMSIS\Include\core_cm55.h","projects\08_HAL_AND_FIRMWARE_ARCHITECTURE\stm32-hal-adc\course\Drivers\CMSIS\Include\core_cm55.h","322267","BF661F2B792AD123795207BAFD405D6B250690C65A28232A92485D6FDBB76D98","BF661F2B792AD123795207BAFD405D6B250690C65A28232A92485D6FDBB76D98","MATCH"
"day13\04_STM32_HAL_adc\Drivers\CMSIS\Include\core_cm7.h","projects\08_HAL_AND_FIRMWARE_ARCHITECTURE\stm32-hal-adc\course\Drivers\CMSIS\Include\core_cm7.h","141314","A361F5FF7B053831CDBBC068EAE9609CD6681414C9A95C26DF582D686A2378B8","A361F5FF7B053831CDBBC068EAE9609CD6681414C9A95C26DF582D686A2378B8","MATCH"
"day13\04_STM32_HAL_adc\Drivers\CMSIS\Include\core_cm85.h","projects\08_HAL_AND_FIRMWARE_ARCHITECTURE\stm32-hal-adc\course\Drivers\CMSIS\Include\core_cm85.h","313000","062019526B524285BEE161459F65CE7C9BF827C2CEABC4101FD150F6D80B37F5","062019526B524285BEE161459F65CE7C9BF827C2CEABC4101FD150F6D80B37F5","MATCH"
"day13\04_STM32_HAL_adc\Drivers\CMSIS\Include\core_sc000.h","projects\08_HAL_AND_FIRMWARE_ARCHITECTURE\stm32-hal-adc\course\Drivers\CMSIS\Include\core_sc000.h","47592","4EC2D6FF893658C6BB7B1C56E6256087F3A2ED1E662C226E4BA11CFAAD28D05D","4EC2D6FF893658C6BB7B1C56E6256087F3A2ED1E662C226E4BA11CFAAD28D05D","MATCH"
"day13\04_STM32_HAL_adc\Drivers\CMSIS\Include\core_sc300.h","projects\08_HAL_AND_FIRMWARE_ARCHITECTURE\stm32-hal-adc\course\Drivers\CMSIS\Include\core_sc300.h","110441","4CA0E6F1FEC869E4942C70028CE2F3C9AE00A65A69C35F467840AF3FC3D03AE5","4CA0E6F1FEC869E4942C70028CE2F3C9AE00A65A69C35F467840AF3FC3D03AE5","MATCH"
"day13\04_STM32_HAL_adc\Drivers\CMSIS\Include\core_starmc1.h","projects\08_HAL_AND_FIRMWARE_ARCHITECTURE\stm32-hal-adc\course\Drivers\CMSIS\Include\core_starmc1.h","196647","47978DC5BFB51C5EDD09178D99C9B9163D500D48181985DA4EAD5A3C20D9A85B","47978DC5BFB51C5EDD09178D99C9B9163D500D48181985DA4EAD5A3C20D9A85B","MATCH"
"day13\04_STM32_HAL_adc\Drivers\CMSIS\Include\mpu_armv7.h","projects\08_HAL_AND_FIRMWARE_ARCHITECTURE\stm32-hal-adc\course\Drivers\CMSIS\Include\mpu_armv7.h","12006","DE1B5EB9ED566527B66DC06F4ECB6A43AB6800F7DAC47E87C9CB42984DCA41BB","DE1B5EB9ED566527B66DC06F4ECB6A43AB6800F7DAC47E87C9CB42984DCA41BB","MATCH"
"day13\04_STM32_HAL_adc\Drivers\CMSIS\Include\mpu_armv8.h","projects\08_HAL_AND_FIRMWARE_ARCHITECTURE\stm32-hal-adc\course\Drivers\CMSIS\Include\mpu_armv8.h","11722","467A5CE9D65D9B37FC32E01001ED184500D56576F303713D27B76E68DD67911C","467A5CE9D65D9B37FC32E01001ED184500D56576F303713D27B76E68DD67911C","MATCH"
"day13\04_STM32_HAL_adc\Drivers\CMSIS\Include\pac_armv81.h","projects\08_HAL_AND_FIRMWARE_ARCHITECTURE\stm32-hal-adc\course\Drivers\CMSIS\Include\pac_armv81.h","6268","F3497AF055E95873809E4A79420E2B08915582466CEF2EB4235D8E03FAA7C3AB","F3497AF055E95873809E4A79420E2B08915582466CEF2EB4235D8E03FAA7C3AB","MATCH"
"day13\04_STM32_HAL_adc\Drivers\CMSIS\Include\pmu_armv8.h","projects\08_HAL_AND_FIRMWARE_ARCHITECTURE\stm32-hal-adc\course\Drivers\CMSIS\Include\pmu_armv8.h","23123","EF9AA2F1C5B03BEA488D4B74D33DB14ACDC6C87E500273D68D75A6D3902A4F62","EF9AA2F1C5B03BEA488D4B74D33DB14ACDC6C87E500273D68D75A6D3902A4F62","MATCH"
"day13\04_STM32_HAL_adc\Drivers\CMSIS\Include\tz_context.h","projects\08_HAL_AND_FIRMWARE_ARCHITECTURE\stm32-hal-adc\course\Drivers\CMSIS\Include\tz_context.h","2757","7FCC21FC190F6FD970390E9CAAA6A86D72FD10F9EDF4EFAB36F12AECF1A8BAA0","7FCC21FC190F6FD970390E9CAAA6A86D72FD10F9EDF4EFAB36F12AECF1A8BAA0","MATCH"
"day13\04_STM32_HAL_adc\Drivers\CMSIS\LICENSE.txt","projects\08_HAL_AND_FIRMWARE_ARCHITECTURE\stm32-hal-adc\course\Drivers\CMSIS\LICENSE.txt","11558","E03BA41D7FAB20700769FE4118BAB50D800CB74F990353A05D2F5FFF1C228363","E03BA41D7FAB20700769FE4118BAB50D800CB74F990353A05D2F5FFF1C228363","MATCH"
"day13\04_STM32_HAL_adc\Drivers\STM32F4xx_HAL_Driver\Inc\Legacy\stm32_hal_legacy.h","projects\08_HAL_AND_FIRMWARE_ARCHITECTURE\stm32-hal-adc\course\Drivers\STM32F4xx_HAL_Driver\Inc\Legacy\stm32_hal_legacy.h","240031","7D48F139A6FF1DDE6668FE4B032BEB4938C7C15481CCF0850B2EA60D93C6111B","7D48F139A6FF1DDE6668FE4B032BEB4938C7C15481CCF0850B2EA60D93C6111B","MATCH"
"day13\04_STM32_HAL_adc\Drivers\STM32F4xx_HAL_Driver\Inc\stm32f4xx_hal_adc_ex.h","projects\08_HAL_AND_FIRMWARE_ARCHITECTURE\stm32-hal-adc\course\Drivers\STM32F4xx_HAL_Driver\Inc\stm32f4xx_hal_adc_ex.h","26168","10D9C6114A3C455342AD6E897A26ADC29C03EC1C08165B4D640DC165AE4CFB24","10D9C6114A3C455342AD6E897A26ADC29C03EC1C08165B4D640DC165AE4CFB24","MATCH"
"day13\04_STM32_HAL_adc\Drivers\STM32F4xx_HAL_Driver\Inc\stm32f4xx_hal_adc.h","projects\08_HAL_AND_FIRMWARE_ARCHITECTURE\stm32-hal-adc\course\Drivers\STM32F4xx_HAL_Driver\Inc\stm32f4xx_hal_adc.h","46618","5A9CD8E4B06EA0BDA4A6F0568CF581A214461EF0FA8F15F39FA8599AA0399FF2","5A9CD8E4B06EA0BDA4A6F0568CF581A214461EF0FA8F15F39FA8599AA0399FF2","MATCH"
"day13\04_STM32_HAL_adc\Drivers\STM32F4xx_HAL_Driver\Inc\stm32f4xx_hal_cortex.h","projects\08_HAL_AND_FIRMWARE_ARCHITECTURE\stm32-hal-adc\course\Drivers\STM32F4xx_HAL_Driver\Inc\stm32f4xx_hal_cortex.h","17405","93D85A6EA4FBDBC7543F0822844C8F74F610FC2F61BCD95265B8E48A19CDE09E","93D85A6EA4FBDBC7543F0822844C8F74F610FC2F61BCD95265B8E48A19CDE09E","MATCH"
"day13\04_STM32_HAL_adc\Drivers\STM32F4xx_HAL_Driver\Inc\stm32f4xx_hal_def.h","projects\08_HAL_AND_FIRMWARE_ARCHITECTURE\stm32-hal-adc\course\Drivers\STM32F4xx_HAL_Driver\Inc\stm32f4xx_hal_def.h","7775","C6F30EAA09B8A72E7F503C757F312745EC10C317D37D568500DCCAB9587C1A6B","C6F30EAA09B8A72E7F503C757F312745EC10C317D37D568500DCCAB9587C1A6B","MATCH"
"day13\04_STM32_HAL_adc\Drivers\STM32F4xx_HAL_Driver\Inc\stm32f4xx_hal_dma_ex.h","projects\08_HAL_AND_FIRMWARE_ARCHITECTURE\stm32-hal-adc\course\Drivers\STM32F4xx_HAL_Driver\Inc\stm32f4xx_hal_dma_ex.h","2753","8AA0A347B502D924077675AD9BB446CF40B3A6DAB47CF8A6B5A9F9E21DBFCF20","8AA0A347B502D924077675AD9BB446CF40B3A6DAB47CF8A6B5A9F9E21DBFCF20","MATCH"
"day13\04_STM32_HAL_adc\Drivers\STM32F4xx_HAL_Driver\Inc\stm32f4xx_hal_dma.h","projects\08_HAL_AND_FIRMWARE_ARCHITECTURE\stm32-hal-adc\course\Drivers\STM32F4xx_HAL_Driver\Inc\stm32f4xx_hal_dma.h","38671","4DC4D29C8930A5EC06B6F4B13480BED13C238D2674B3AFAC47E6F71B2AE25B98","4DC4D29C8930A5EC06B6F4B13480BED13C238D2674B3AFAC47E6F71B2AE25B98","MATCH"
"day13\04_STM32_HAL_adc\Drivers\STM32F4xx_HAL_Driver\Inc\stm32f4xx_hal_exti.h","projects\08_HAL_AND_FIRMWARE_ARCHITECTURE\stm32-hal-adc\course\Drivers\STM32F4xx_HAL_Driver\Inc\stm32f4xx_hal_exti.h","15199","E786FC8C276267EC0650AB0FC5853B2CA63697131947321A4E7E7175554C3B04","E786FC8C276267EC0650AB0FC5853B2CA63697131947321A4E7E7175554C3B04","MATCH"
"day13\04_STM32_HAL_adc\Drivers\STM32F4xx_HAL_Driver\Inc\stm32f4xx_hal_flash_ex.h","projects\08_HAL_AND_FIRMWARE_ARCHITECTURE\stm32-hal-adc\course\Drivers\STM32F4xx_HAL_Driver\Inc\stm32f4xx_hal_flash_ex.h","65259","F34511EEC786510D75C096E33324648FC47D5F325666AC4CB724CACCFC5BC271","F34511EEC786510D75C096E33324648FC47D5F325666AC4CB724CACCFC5BC271","MATCH"
"day13\04_STM32_HAL_adc\Drivers\STM32F4xx_HAL_Driver\Inc\stm32f4xx_hal_flash_ramfunc.h","projects\08_HAL_AND_FIRMWARE_ARCHITECTURE\stm32-hal-adc\course\Drivers\STM32F4xx_HAL_Driver\Inc\stm32f4xx_hal_flash_ramfunc.h","2293","CD2D5AB9F93E7AC34846468450FEE989D47280D97AF99231D6E600E254F6C9CD","CD2D5AB9F93E7AC34846468450FEE989D47280D97AF99231D6E600E254F6C9CD","MATCH"
"day13\04_STM32_HAL_adc\Drivers\STM32F4xx_HAL_Driver\Inc\stm32f4xx_hal_flash.h","projects\08_HAL_AND_FIRMWARE_ARCHITECTURE\stm32-hal-adc\course\Drivers\STM32F4xx_HAL_Driver\Inc\stm32f4xx_hal_flash.h","14858","734543040B2E25B165C9087C36AF91FDA8EFDCFA8834440696384CD48F831E20","734543040B2E25B165C9087C36AF91FDA8EFDCFA8834440696384CD48F831E20","MATCH"
"day13\04_STM32_HAL_adc\Drivers\STM32F4xx_HAL_Driver\Inc\stm32f4xx_hal_gpio_ex.h","projects\08_HAL_AND_FIRMWARE_ARCHITECTURE\stm32-hal-adc\course\Drivers\STM32F4xx_HAL_Driver\Inc\stm32f4xx_hal_gpio_ex.h","82731","5963C4EA366CFD6DE3A91792A382DE6327D86542A6278592CC2B79E594C8AD91","5963C4EA366CFD6DE3A91792A382DE6327D86542A6278592CC2B79E594C8AD91","MATCH"
"day13\04_STM32_HAL_adc\Drivers\STM32F4xx_HAL_Driver\Inc\stm32f4xx_hal_gpio.h","projects\08_HAL_AND_FIRMWARE_ARCHITECTURE\stm32-hal-adc\course\Drivers\STM32F4xx_HAL_Driver\Inc\stm32f4xx_hal_gpio.h","14012","5829D91F2E060D30F5798DC71E4FEF5D7FFA7D99DA21E751EE03D527D664307F","5829D91F2E060D30F5798DC71E4FEF5D7FFA7D99DA21E751EE03D527D664307F","MATCH"
"day13\04_STM32_HAL_adc\Drivers\STM32F4xx_HAL_Driver\Inc\stm32f4xx_hal_pwr_ex.h","projects\08_HAL_AND_FIRMWARE_ARCHITECTURE\stm32-hal-adc\course\Drivers\STM32F4xx_HAL_Driver\Inc\stm32f4xx_hal_pwr_ex.h","16224","3F0CAC843ABD6C0AE3EF9A4EDC6353B6F96052F8D297BF8A474F23BDD9A1576B","3F0CAC843ABD6C0AE3EF9A4EDC6353B6F96052F8D297BF8A474F23BDD9A1576B","MATCH"
"day13\04_STM32_HAL_adc\Drivers\STM32F4xx_HAL_Driver\Inc\stm32f4xx_hal_pwr.h","projects\08_HAL_AND_FIRMWARE_ARCHITECTURE\stm32-hal-adc\course\Drivers\STM32F4xx_HAL_Driver\Inc\stm32f4xx_hal_pwr.h","14892","2A8A5905165B97971B44B5F0768E55ED30F28659D0BDF40DFC3E0EB9B1A34E1E","2A8A5905165B97971B44B5F0768E55ED30F28659D0BDF40DFC3E0EB9B1A34E1E","MATCH"
"day13\04_STM32_HAL_adc\Drivers\STM32F4xx_HAL_Driver\Inc\stm32f4xx_hal_rcc_ex.h","projects\08_HAL_AND_FIRMWARE_ARCHITECTURE\stm32-hal-adc\course\Drivers\STM32F4xx_HAL_Driver\Inc\stm32f4xx_hal_rcc_ex.h","444884","00F9D7965F6943C0BD11558A44C1BCD20E6F18183F0BBE4D53F51FB1CCE95691","00F9D7965F6943C0BD11558A44C1BCD20E6F18183F0BBE4D53F51FB1CCE95691","MATCH"
"day13\04_STM32_HAL_adc\Drivers\STM32F4xx_HAL_Driver\Inc\stm32f4xx_hal_rcc.h","projects\08_HAL_AND_FIRMWARE_ARCHITECTURE\stm32-hal-adc\course\Drivers\STM32F4xx_HAL_Driver\Inc\stm32f4xx_hal_rcc.h","74904","4E7BD94E6E692F43FB87E1969C305CF299BD48B1062C69256508DA0BB4D0426C","4E7BD94E6E692F43FB87E1969C305CF299BD48B1062C69256508DA0BB4D0426C","MATCH"
"day13\04_STM32_HAL_adc\Drivers\STM32F4xx_HAL_Driver\Inc\stm32f4xx_hal_tim_ex.h","projects\08_HAL_AND_FIRMWARE_ARCHITECTURE\stm32-hal-adc\course\Drivers\STM32F4xx_HAL_Driver\Inc\stm32f4xx_hal_tim_ex.h","16935","7DB25BA17F4806CAFE1AB73F420A1FCB179CBE3E9D5CEB673A3FB8ECA22189B8","7DB25BA17F4806CAFE1AB73F420A1FCB179CBE3E9D5CEB673A3FB8ECA22189B8","MATCH"
"day13\04_STM32_HAL_adc\Drivers\STM32F4xx_HAL_Driver\Inc\stm32f4xx_hal_tim.h","projects\08_HAL_AND_FIRMWARE_ARCHITECTURE\stm32-hal-adc\course\Drivers\STM32F4xx_HAL_Driver\Inc\stm32f4xx_hal_tim.h","125125","6685F8EFC3B0670D8231176871E8D0205A1E197EC413580DD729DEC50BC843E6","6685F8EFC3B0670D8231176871E8D0205A1E197EC413580DD729DEC50BC843E6","MATCH"
"day13\04_STM32_HAL_adc\Drivers\STM32F4xx_HAL_Driver\Inc\stm32f4xx_hal_uart.h","projects\08_HAL_AND_FIRMWARE_ARCHITECTURE\stm32-hal-adc\course\Drivers\STM32F4xx_HAL_Driver\Inc\stm32f4xx_hal_uart.h","46436","5D79BF1566C0767F1985FCD106412D6CD4BDECAD978AA8A5B2995320191C8040","5D79BF1566C0767F1985FCD106412D6CD4BDECAD978AA8A5B2995320191C8040","MATCH"
"day13\04_STM32_HAL_adc\Drivers\STM32F4xx_HAL_Driver\Inc\stm32f4xx_hal.h","projects\08_HAL_AND_FIRMWARE_ARCHITECTURE\stm32-hal-adc\course\Drivers\STM32F4xx_HAL_Driver\Inc\stm32f4xx_hal.h","12980","78F46C52267D3BB7A68349FBF02ECD9F6E2E375E3FEB80AC0829A870BDDCD514","78F46C52267D3BB7A68349FBF02ECD9F6E2E375E3FEB80AC0829A870BDDCD514","MATCH"
"day13\04_STM32_HAL_adc\Drivers\STM32F4xx_HAL_Driver\Inc\stm32f4xx_ll_adc.h","projects\08_HAL_AND_FIRMWARE_ARCHITECTURE\stm32-hal-adc\course\Drivers\STM32F4xx_HAL_Driver\Inc\stm32f4xx_ll_adc.h","289110","440A5B3A329CADFAC3661B9E176DA6A4D7400C1AAA8AA8B4801BCA1E6847A356","440A5B3A329CADFAC3661B9E176DA6A4D7400C1AAA8AA8B4801BCA1E6847A356","MATCH"
"day13\04_STM32_HAL_adc\Drivers\STM32F4xx_HAL_Driver\Inc\stm32f4xx_ll_bus.h","projects\08_HAL_AND_FIRMWARE_ARCHITECTURE\stm32-hal-adc\course\Drivers\STM32F4xx_HAL_Driver\Inc\stm32f4xx_ll_bus.h","101909","D237F4A55FF8221BABEF14237CEA628055F2E5E227ABF308B2DF56A4C6AA167A","D237F4A55FF8221BABEF14237CEA628055F2E5E227ABF308B2DF56A4C6AA167A","MATCH"
"day13\04_STM32_HAL_adc\Drivers\STM32F4xx_HAL_Driver\Inc\stm32f4xx_ll_cortex.h","projects\08_HAL_AND_FIRMWARE_ARCHITECTURE\stm32-hal-adc\course\Drivers\STM32F4xx_HAL_Driver\Inc\stm32f4xx_ll_cortex.h","24946","27AF4FB7B3ACB41A677A02C6C807EAC3BA5D7CF3857C2E4A74DE499742313FD1","27AF4FB7B3ACB41A677A02C6C807EAC3BA5D7CF3857C2E4A74DE499742313FD1","MATCH"
"day13\04_STM32_HAL_adc\Drivers\STM32F4xx_HAL_Driver\Inc\stm32f4xx_ll_dma.h","projects\08_HAL_AND_FIRMWARE_ARCHITECTURE\stm32-hal-adc\course\Drivers\STM32F4xx_HAL_Driver\Inc\stm32f4xx_ll_dma.h","109906","F086BA919DBF5C98FBA89317BCBD239FE1B647167CBAA810CE2DD02302AE8EB3","F086BA919DBF5C98FBA89317BCBD239FE1B647167CBAA810CE2DD02302AE8EB3","MATCH"
"day13\04_STM32_HAL_adc\Drivers\STM32F4xx_HAL_Driver\Inc\stm32f4xx_ll_exti.h","projects\08_HAL_AND_FIRMWARE_ARCHITECTURE\stm32-hal-adc\course\Drivers\STM32F4xx_HAL_Driver\Inc\stm32f4xx_ll_exti.h","35019","96329E1FC07EA1D7DB3A7970AF4D97A5172E29CF9BE5E7A45B7A011C960A33B9","96329E1FC07EA1D7DB3A7970AF4D97A5172E29CF9BE5E7A45B7A011C960A33B9","MATCH"
"day13\04_STM32_HAL_adc\Drivers\STM32F4xx_HAL_Driver\Inc\stm32f4xx_ll_gpio.h","projects\08_HAL_AND_FIRMWARE_ARCHITECTURE\stm32-hal-adc\course\Drivers\STM32F4xx_HAL_Driver\Inc\stm32f4xx_ll_gpio.h","38426","B874A353F6075B18A7B352F8EAC77497C32EFF162EC0005BE4C75346FDFF3908","B874A353F6075B18A7B352F8EAC77497C32EFF162EC0005BE4C75346FDFF3908","MATCH"
"day13\04_STM32_HAL_adc\Drivers\STM32F4xx_HAL_Driver\Inc\stm32f4xx_ll_pwr.h","projects\08_HAL_AND_FIRMWARE_ARCHITECTURE\stm32-hal-adc\course\Drivers\STM32F4xx_HAL_Driver\Inc\stm32f4xx_ll_pwr.h","32524","187DEC9842B95CF7F2A448BBB7A2C1B98AC8C8D0EA69D68CBCD5B05C4EAEB6B9","187DEC9842B95CF7F2A448BBB7A2C1B98AC8C8D0EA69D68CBCD5B05C4EAEB6B9","MATCH"
"day13\04_STM32_HAL_adc\Drivers\STM32F4xx_HAL_Driver\Inc\stm32f4xx_ll_rcc.h","projects\08_HAL_AND_FIRMWARE_ARCHITECTURE\stm32-hal-adc\course\Drivers\STM32F4xx_HAL_Driver\Inc\stm32f4xx_ll_rcc.h","348202","ECE5BA9AA627B04045437232BB332D1777D92F361DE9609C5D65290A425A9E41","ECE5BA9AA627B04045437232BB332D1777D92F361DE9609C5D65290A425A9E41","MATCH"
"day13\04_STM32_HAL_adc\Drivers\STM32F4xx_HAL_Driver\Inc\stm32f4xx_ll_system.h","projects\08_HAL_AND_FIRMWARE_ARCHITECTURE\stm32-hal-adc\course\Drivers\STM32F4xx_HAL_Driver\Inc\stm32f4xx_ll_system.h","72383","FEF5EA5A5BFB7F2C4059FB2C1262D884F0F25B379A3A982DDEFD81C50ED5CD89","FEF5EA5A5BFB7F2C4059FB2C1262D884F0F25B379A3A982DDEFD81C50ED5CD89","MATCH"
"day13\04_STM32_HAL_adc\Drivers\STM32F4xx_HAL_Driver\Inc\stm32f4xx_ll_usart.h","projects\08_HAL_AND_FIRMWARE_ARCHITECTURE\stm32-hal-adc\course\Drivers\STM32F4xx_HAL_Driver\Inc\stm32f4xx_ll_usart.h","100138","7C20FF842F7840D8D5B177D1283A5CFF886E3DE9CF0296E188EE196E3259506D","7C20FF842F7840D8D5B177D1283A5CFF886E3DE9CF0296E188EE196E3259506D","MATCH"
"day13\04_STM32_HAL_adc\Drivers\STM32F4xx_HAL_Driver\Inc\stm32f4xx_ll_utils.h","projects\08_HAL_AND_FIRMWARE_ARCHITECTURE\stm32-hal-adc\course\Drivers\STM32F4xx_HAL_Driver\Inc\stm32f4xx_ll_utils.h","10941","541DA4AC68D22E174CA4A038240F8DA3024B29CDF33ED0F9C9AF82159239FACC","541DA4AC68D22E174CA4A038240F8DA3024B29CDF33ED0F9C9AF82159239FACC","MATCH"
"day13\04_STM32_HAL_adc\Drivers\STM32F4xx_HAL_Driver\LICENSE.txt","projects\08_HAL_AND_FIRMWARE_ARCHITECTURE\stm32-hal-adc\course\Drivers\STM32F4xx_HAL_Driver\LICENSE.txt","383","BDC7B0F98DB4846279336431024C49A01D578A2EA1D19EC68797BBE33E718D2D","BDC7B0F98DB4846279336431024C49A01D578A2EA1D19EC68797BBE33E718D2D","MATCH"
"day13\04_STM32_HAL_adc\Drivers\STM32F4xx_HAL_Driver\Src\stm32f4xx_hal_adc_ex.c","projects\08_HAL_AND_FIRMWARE_ARCHITECTURE\stm32-hal-adc\course\Drivers\STM32F4xx_HAL_Driver\Src\stm32f4xx_hal_adc_ex.c","42103","6776AA318CA5889260D5D8F5DBAF04799D9FB222039B8DB279A1266CB944529C","6776AA318CA5889260D5D8F5DBAF04799D9FB222039B8DB279A1266CB944529C","MATCH"
"day13\04_STM32_HAL_adc\Drivers\STM32F4xx_HAL_Driver\Src\stm32f4xx_hal_adc.c","projects\08_HAL_AND_FIRMWARE_ARCHITECTURE\stm32-hal-adc\course\Drivers\STM32F4xx_HAL_Driver\Src\stm32f4xx_hal_adc.c","78959","A2231324CF79813BC1166802E040320671AA5449145F3395C0621C7796A5D4E6","A2231324CF79813BC1166802E040320671AA5449145F3395C0621C7796A5D4E6","MATCH"
"day13\04_STM32_HAL_adc\Drivers\STM32F4xx_HAL_Driver\Src\stm32f4xx_hal_cortex.c","projects\08_HAL_AND_FIRMWARE_ARCHITECTURE\stm32-hal-adc\course\Drivers\STM32F4xx_HAL_Driver\Src\stm32f4xx_hal_cortex.c","19301","2CC9C6492C0F4F57E48EEF8C84C42B227914645E0F3E865D104FE329F47BF8BE","2CC9C6492C0F4F57E48EEF8C84C42B227914645E0F3E865D104FE329F47BF8BE","MATCH"
"day13\04_STM32_HAL_adc\Drivers\STM32F4xx_HAL_Driver\Src\stm32f4xx_hal_dma_ex.c","projects\08_HAL_AND_FIRMWARE_ARCHITECTURE\stm32-hal-adc\course\Drivers\STM32F4xx_HAL_Driver\Src\stm32f4xx_hal_dma_ex.c","10587","000253CEC2E4C9E0678ADD30A7B01F854B27F4271CD3124F43023B993EEC54EA","000253CEC2E4C9E0678ADD30A7B01F854B27F4271CD3124F43023B993EEC54EA","MATCH"
"day13\04_STM32_HAL_adc\Drivers\STM32F4xx_HAL_Driver\Src\stm32f4xx_hal_dma.c","projects\08_HAL_AND_FIRMWARE_ARCHITECTURE\stm32-hal-adc\course\Drivers\STM32F4xx_HAL_Driver\Src\stm32f4xx_hal_dma.c","40830","F3DA7DC31942B79A88349C7F7DD38F6B586656B47C6FC78C8283925176368763","F3DA7DC31942B79A88349C7F7DD38F6B586656B47C6FC78C8283925176368763","MATCH"
"day13\04_STM32_HAL_adc\Drivers\STM32F4xx_HAL_Driver\Src\stm32f4xx_hal_exti.c","projects\08_HAL_AND_FIRMWARE_ARCHITECTURE\stm32-hal-adc\course\Drivers\STM32F4xx_HAL_Driver\Src\stm32f4xx_hal_exti.c","15475","B06EA7837BAC5A06CAD4627E6048D5D7BF9D6D8BFB66A2F78BFBF526B2E5620F","B06EA7837BAC5A06CAD4627E6048D5D7BF9D6D8BFB66A2F78BFBF526B2E5620F","MATCH"
"day13\04_STM32_HAL_adc\Drivers\STM32F4xx_HAL_Driver\Src\stm32f4xx_hal_flash_ex.c","projects\08_HAL_AND_FIRMWARE_ARCHITECTURE\stm32-hal-adc\course\Drivers\STM32F4xx_HAL_Driver\Src\stm32f4xx_hal_flash_ex.c","51251","EC7F19883964D7FED5005E24611DB97D5AD2DBDC5B63851E2587533E72CB632A","EC7F19883964D7FED5005E24611DB97D5AD2DBDC5B63851E2587533E72CB632A","MATCH"
"day13\04_STM32_HAL_adc\Drivers\STM32F4xx_HAL_Driver\Src\stm32f4xx_hal_flash_ramfunc.c","projects\08_HAL_AND_FIRMWARE_ARCHITECTURE\stm32-hal-adc\course\Drivers\STM32F4xx_HAL_Driver\Src\stm32f4xx_hal_flash_ramfunc.c","6199","2C33420EAB6AED3919241162D10B8AE21EC062D2904A4CEB7F9FBDCEFABED147","2C33420EAB6AED3919241162D10B8AE21EC062D2904A4CEB7F9FBDCEFABED147","MATCH"
"day13\04_STM32_HAL_adc\Drivers\STM32F4xx_HAL_Driver\Src\stm32f4xx_hal_flash.c","projects\08_HAL_AND_FIRMWARE_ARCHITECTURE\stm32-hal-adc\course\Drivers\STM32F4xx_HAL_Driver\Src\stm32f4xx_hal_flash.c","24788","05DE175A6754EBF6CAF91651DE750EE8CF05FE0549ADC5E0573050B0F855D4EA","05DE175A6754EBF6CAF91651DE750EE8CF05FE0549ADC5E0573050B0F855D4EA","MATCH"
"day13\04_STM32_HAL_adc\Drivers\STM32F4xx_HAL_Driver\Src\stm32f4xx_hal_gpio.c","projects\08_HAL_AND_FIRMWARE_ARCHITECTURE\stm32-hal-adc\course\Drivers\STM32F4xx_HAL_Driver\Src\stm32f4xx_hal_gpio.c","19377","72D8F3CB23A396CDBF9183C5CEA2A0C00CFA0336DEF3736652480C4491F38788","72D8F3CB23A396CDBF9183C5CEA2A0C00CFA0336DEF3736652480C4491F38788","MATCH"
"day13\04_STM32_HAL_adc\Drivers\STM32F4xx_HAL_Driver\Src\stm32f4xx_hal_pwr_ex.c","projects\08_HAL_AND_FIRMWARE_ARCHITECTURE\stm32-hal-adc\course\Drivers\STM32F4xx_HAL_Driver\Src\stm32f4xx_hal_pwr_ex.c","23373","FC8A26AD3A0F8359817C1B08C68AF50B9F7905A69C44E4599225EAA53A66E856","FC8A26AD3A0F8359817C1B08C68AF50B9F7905A69C44E4599225EAA53A66E856","MATCH"
"day13\04_STM32_HAL_adc\Drivers\STM32F4xx_HAL_Driver\Src\stm32f4xx_hal_pwr.c","projects\08_HAL_AND_FIRMWARE_ARCHITECTURE\stm32-hal-adc\course\Drivers\STM32F4xx_HAL_Driver\Src\stm32f4xx_hal_pwr.c","22582","89EA9BA1D4D0D40B21A7094935BFB8CE2A9B90DF4D742F5D04A51E1D7BBC8D68","89EA9BA1D4D0D40B21A7094935BFB8CE2A9B90DF4D742F5D04A51E1D7BBC8D68","MATCH"
"day13\04_STM32_HAL_adc\Drivers\STM32F4xx_HAL_Driver\Src\stm32f4xx_hal_rcc_ex.c","projects\08_HAL_AND_FIRMWARE_ARCHITECTURE\stm32-hal-adc\course\Drivers\STM32F4xx_HAL_Driver\Src\stm32f4xx_hal_rcc_ex.c","159466","6B284323FFD5286E10B90DD7E2D9E8A0D222C43A966D636A1D5ED47B19CCD07B","6B284323FFD5286E10B90DD7E2D9E8A0D222C43A966D636A1D5ED47B19CCD07B","MATCH"
"day13\04_STM32_HAL_adc\Drivers\STM32F4xx_HAL_Driver\Src\stm32f4xx_hal_rcc.c","projects\08_HAL_AND_FIRMWARE_ARCHITECTURE\stm32-hal-adc\course\Drivers\STM32F4xx_HAL_Driver\Src\stm32f4xx_hal_rcc.c","43467","08B83E2E595AB1835BBDB50DF69418A71C63C3C9D5F7C993F1775FA33C5BFE25","08B83E2E595AB1835BBDB50DF69418A71C63C3C9D5F7C993F1775FA33C5BFE25","MATCH"
"day13\04_STM32_HAL_adc\Drivers\STM32F4xx_HAL_Driver\Src\stm32f4xx_hal_tim_ex.c","projects\08_HAL_AND_FIRMWARE_ARCHITECTURE\stm32-hal-adc\course\Drivers\STM32F4xx_HAL_Driver\Src\stm32f4xx_hal_tim_ex.c","84008","B3F85B80ECCC5B00F5DF119711C5DC8B93F7D297490A951AA600A971D28D6F6E","B3F85B80ECCC5B00F5DF119711C5DC8B93F7D297490A951AA600A971D28D6F6E","MATCH"
"day13\04_STM32_HAL_adc\Drivers\STM32F4xx_HAL_Driver\Src\stm32f4xx_hal_tim.c","projects\08_HAL_AND_FIRMWARE_ARCHITECTURE\stm32-hal-adc\course\Drivers\STM32F4xx_HAL_Driver\Src\stm32f4xx_hal_tim.c","251804","7DC188B13A858B671B79684859AE6A5C6CF7716A9591744818209E6679E4A5CF","7DC188B13A858B671B79684859AE6A5C6CF7716A9591744818209E6679E4A5CF","MATCH"
"day13\04_STM32_HAL_adc\Drivers\STM32F4xx_HAL_Driver\Src\stm32f4xx_hal_uart.c","projects\08_HAL_AND_FIRMWARE_ARCHITECTURE\stm32-hal-adc\course\Drivers\STM32F4xx_HAL_Driver\Src\stm32f4xx_hal_uart.c","139424","9F59720F39849977A09570260EDFD63F089C8F723D836E4BBF8B7769D8A91C1D","9F59720F39849977A09570260EDFD63F089C8F723D836E4BBF8B7769D8A91C1D","MATCH"
"day13\04_STM32_HAL_adc\Drivers\STM32F4xx_HAL_Driver\Src\stm32f4xx_hal.c","projects\08_HAL_AND_FIRMWARE_ARCHITECTURE\stm32-hal-adc\course\Drivers\STM32F4xx_HAL_Driver\Src\stm32f4xx_hal.c","19804","51494455BC1C0E6F8A1529F2C9620DB73BF24758AF4523B2B71A8AB494FD406C","51494455BC1C0E6F8A1529F2C9620DB73BF24758AF4523B2B71A8AB494FD406C","MATCH"
"day13\04_STM32_HAL_adc\Drivers\STM32F4xx_HAL_Driver\Src\stm32f4xx_ll_adc.c","projects\08_HAL_AND_FIRMWARE_ARCHITECTURE\stm32-hal-adc\course\Drivers\STM32F4xx_HAL_Driver\Src\stm32f4xx_ll_adc.c","43626","767FE798F30CB2C8739E2B6F91379C318ABB2889CEE0D81EBF977807DBDBF5D6","767FE798F30CB2C8739E2B6F91379C318ABB2889CEE0D81EBF977807DBDBF5D6","MATCH"
"day13\04_STM32_HAL_adc\MDK-ARM\04_STM32_HAL_adc.uvprojx","projects\08_HAL_AND_FIRMWARE_ARCHITECTURE\stm32-hal-adc\course\MDK-ARM\04_STM32_HAL_adc.uvprojx","29229","93E5BED185E06C4B080CD65B2907D7BD77C96B4ED05B8CEAA5A837CFD9FB2882","93E5BED185E06C4B080CD65B2907D7BD77C96B4ED05B8CEAA5A837CFD9FB2882","MATCH"
"day13\04_STM32_HAL_adc\MDK-ARM\04_STM32_HAL_adc\04_STM32_HAL_adc.sct","projects\08_HAL_AND_FIRMWARE_ARCHITECTURE\stm32-hal-adc\course\MDK-ARM\04_STM32_HAL_adc\04_STM32_HAL_adc.sct","494","F87CA14645873E589EF5A3F63FE499879F3447467522E5122501B845C22586F7","F87CA14645873E589EF5A3F63FE499879F3447467522E5122501B845C22586F7","MATCH"
"day13\04_STM32_HAL_adc\MDK-ARM\RTE\_04_STM32_HAL_adc\RTE_Components.h","projects\08_HAL_AND_FIRMWARE_ARCHITECTURE\stm32-hal-adc\course\MDK-ARM\RTE\_04_STM32_HAL_adc\RTE_Components.h","334","EE0FA6BE0A84A5E56AC695A9487D08FB92973609FD236F8A578260C1F0546892","EE0FA6BE0A84A5E56AC695A9487D08FB92973609FD236F8A578260C1F0546892","MATCH"
"day13\04_STM32_HAL_adc\MDK-ARM\startup_stm32f407xx.s","projects\08_HAL_AND_FIRMWARE_ARCHITECTURE\stm32-hal-adc\course\MDK-ARM\startup_stm32f407xx.s","28816","77B28AFAA17D3BD31B983055DCFFC57BA475945EB499A453876E2762DAC1D6BA","77B28AFAA17D3BD31B983055DCFFC57BA475945EB499A453876E2762DAC1D6BA","MATCH"
"day13\02_STM32_HAL_Led\.mxproject","projects\08_HAL_AND_FIRMWARE_ARCHITECTURE\stm32-hal-led\course\.mxproject","8095","EDEA50EA5B437BA508F966D7C43B58967EA97F3A58A15984D5081684F9A4BC4E","EDEA50EA5B437BA508F966D7C43B58967EA97F3A58A15984D5081684F9A4BC4E","MATCH"
"day13\02_STM32_HAL_Led\02_STM32_HAL_Led.ioc","projects\08_HAL_AND_FIRMWARE_ARCHITECTURE\stm32-hal-led\course\02_STM32_HAL_Led.ioc","4444","8AA3CE4F6DB56488A3C43883B7D41B897BB8112F0BF3B7E736962658CBA31372","8AA3CE4F6DB56488A3C43883B7D41B897BB8112F0BF3B7E736962658CBA31372","MATCH"
"day13\02_STM32_HAL_Led\Core\Inc\gpio.h","projects\08_HAL_AND_FIRMWARE_ARCHITECTURE\stm32-hal-led\course\Core\Inc\gpio.h","1313","ED4DD400A061AD318521CF96AE903FE21D1ABA75FBB685603C3F78DB56DF226B","ED4DD400A061AD318521CF96AE903FE21D1ABA75FBB685603C3F78DB56DF226B","MATCH"
"day13\02_STM32_HAL_Led\Core\Inc\main.h","projects\08_HAL_AND_FIRMWARE_ARCHITECTURE\stm32-hal-led\course\Core\Inc\main.h","2062","DFC0A1EB49C03D39C41AEFB92D02A3385990ECDFE1E8F5BB1156D441A197A56B","DFC0A1EB49C03D39C41AEFB92D02A3385990ECDFE1E8F5BB1156D441A197A56B","MATCH"
"day13\02_STM32_HAL_Led\Core\Inc\stm32f4xx_hal_conf.h","projects\08_HAL_AND_FIRMWARE_ARCHITECTURE\stm32-hal-led\course\Core\Inc\stm32f4xx_hal_conf.h","20049","36E91173F88DA789FF5A8FADDB658654C4A9F236E690C4367DD6C926A55D3CDE","36E91173F88DA789FF5A8FADDB658654C4A9F236E690C4367DD6C926A55D3CDE","MATCH"
"day13\02_STM32_HAL_Led\Core\Inc\stm32f4xx_it.h","projects\08_HAL_AND_FIRMWARE_ARCHITECTURE\stm32-hal-led\course\Core\Inc\stm32f4xx_it.h","1926","B5BDF093BBD896ECDCC597314D3A6523A669CFF5380AE08EA0F8E9667A09A173","B5BDF093BBD896ECDCC597314D3A6523A669CFF5380AE08EA0F8E9667A09A173","MATCH"
"day13\02_STM32_HAL_Led\Core\Src\gpio.c","projects\08_HAL_AND_FIRMWARE_ARCHITECTURE\stm32-hal-led\course\Core\Src\gpio.c","1942","1C01C763F1C9604FADAE93284EAB371ED10256350C683D3FF867982F0F1F87F1","1C01C763F1C9604FADAE93284EAB371ED10256350C683D3FF867982F0F1F87F1","MATCH"
"day13\02_STM32_HAL_Led\Core\Src\main.c","projects\08_HAL_AND_FIRMWARE_ARCHITECTURE\stm32-hal-led\course\Core\Src\main.c","5177","9D232E183B15B33502BB2306181BC50516A3CB6BDD91B0BB9F2FFECF769A1826","9D232E183B15B33502BB2306181BC50516A3CB6BDD91B0BB9F2FFECF769A1826","MATCH"
"day13\02_STM32_HAL_Led\Core\Src\stm32f4xx_hal_msp.c","projects\08_HAL_AND_FIRMWARE_ARCHITECTURE\stm32-hal-led\course\Core\Src\stm32f4xx_hal_msp.c","2231","29BEC55D569A16B71D8D6D93C8A46CCD343287712D82E8B3DFB65D0129174D1D","29BEC55D569A16B71D8D6D93C8A46CCD343287712D82E8B3DFB65D0129174D1D","MATCH"
"day13\02_STM32_HAL_Led\Core\Src\stm32f4xx_it.c","projects\08_HAL_AND_FIRMWARE_ARCHITECTURE\stm32-hal-led\course\Core\Src\stm32f4xx_it.c","5409","F13796C48FA9B93685FCB67C97F583B1C19DA6DBDCD329FD73614DDD005D0C37","F13796C48FA9B93685FCB67C97F583B1C19DA6DBDCD329FD73614DDD005D0C37","MATCH"
"day13\02_STM32_HAL_Led\Core\Src\system_stm32f4xx.c","projects\08_HAL_AND_FIRMWARE_ARCHITECTURE\stm32-hal-led\course\Core\Src\system_stm32f4xx.c","27589","CDEC0A2A4F0CFDE6EAE5BC16FCE9466367FB3E2986BDFAA673822B64548958FE","CDEC0A2A4F0CFDE6EAE5BC16FCE9466367FB3E2986BDFAA673822B64548958FE","MATCH"
"day13\02_STM32_HAL_Led\Drivers\CMSIS\Core\Include\cachel1_armv7.h","projects\08_HAL_AND_FIRMWARE_ARCHITECTURE\stm32-hal-led\course\Drivers\CMSIS\Core\Include\cachel1_armv7.h","12498","6CDB5B324F2FD1BB5B2F47298BA6E6777E735D7CAD3BB8D942CD36E2C6E65328","6CDB5B324F2FD1BB5B2F47298BA6E6777E735D7CAD3BB8D942CD36E2C6E65328","MATCH"
"day13\02_STM32_HAL_Led\Drivers\CMSIS\Core\Include\cmsis_armcc.h","projects\08_HAL_AND_FIRMWARE_ARCHITECTURE\stm32-hal-led\course\Drivers\CMSIS\Core\Include\cmsis_armcc.h","28887","D074534D7106CEC83474B3B0A897BD2553E1A8895ECBD54F4F4FB25928066EEE","D074534D7106CEC83474B3B0A897BD2553E1A8895ECBD54F4F4FB25928066EEE","MATCH"
"day13\02_STM32_HAL_Led\Drivers\CMSIS\Core\Include\cmsis_armclang_ltm.h","projects\08_HAL_AND_FIRMWARE_ARCHITECTURE\stm32-hal-led\course\Drivers\CMSIS\Core\Include\cmsis_armclang_ltm.h","57949","8621969EA669A1B230FF2125A760EF66D575C48CB45E9E457F768909ABCBDA46","8621969EA669A1B230FF2125A760EF66D575C48CB45E9E457F768909ABCBDA46","MATCH"
"day13\02_STM32_HAL_Led\Drivers\CMSIS\Core\Include\cmsis_armclang.h","projects\08_HAL_AND_FIRMWARE_ARCHITECTURE\stm32-hal-led\course\Drivers\CMSIS\Core\Include\cmsis_armclang.h","49920","11B39B96DDC1125124762B3423A77B90DD40EA5B4582A3513830245046B24311","11B39B96DDC1125124762B3423A77B90DD40EA5B4582A3513830245046B24311","MATCH"
"day13\02_STM32_HAL_Led\Drivers\CMSIS\Core\Include\cmsis_compiler.h","projects\08_HAL_AND_FIRMWARE_ARCHITECTURE\stm32-hal-led\course\Drivers\CMSIS\Core\Include\cmsis_compiler.h","9764","869640702D811C4C63ABB52206715C891A93FD03BE954DF5AD40D378355AF3D6","869640702D811C4C63ABB52206715C891A93FD03BE954DF5AD40D378355AF3D6","MATCH"
"day13\02_STM32_HAL_Led\Drivers\CMSIS\Core\Include\cmsis_gcc.h","projects\08_HAL_AND_FIRMWARE_ARCHITECTURE\stm32-hal-led\course\Drivers\CMSIS\Core\Include\cmsis_gcc.h","65585","3D4E265D0AA42F888385CCF073666E6EBB5EC9F834760B9DA27C474E177F708D","3D4E265D0AA42F888385CCF073666E6EBB5EC9F834760B9DA27C474E177F708D","MATCH"
"day13\02_STM32_HAL_Led\Drivers\CMSIS\Core\Include\cmsis_iccarm.h","projects\08_HAL_AND_FIRMWARE_ARCHITECTURE\stm32-hal-led\course\Drivers\CMSIS\Core\Include\cmsis_iccarm.h","30071","F28119ADBC81FB0E3C957C9AEBE8FB423AD93634E76EAD3CAA2B0818D2E123AE","F28119ADBC81FB0E3C957C9AEBE8FB423AD93634E76EAD3CAA2B0818D2E123AE","MATCH"
"day13\02_STM32_HAL_Led\Drivers\CMSIS\Core\Include\cmsis_version.h","projects\08_HAL_AND_FIRMWARE_ARCHITECTURE\stm32-hal-led\course\Drivers\CMSIS\Core\Include\cmsis_version.h","1719","8CDA7AC3FF6F0EB5E83C4FE613DD195151B24DA54167F5C3C007E599A03F1EDC","8CDA7AC3FF6F0EB5E83C4FE613DD195151B24DA54167F5C3C007E599A03F1EDC","MATCH"
"day13\02_STM32_HAL_Led\Drivers\CMSIS\Core\Include\core_armv81mml.h","projects\08_HAL_AND_FIRMWARE_ARCHITECTURE\stm32-hal-led\course\Drivers\CMSIS\Core\Include\core_armv81mml.h","280868","255663BC446FEB00E341D682F7F78EC6F301A5C1802D856BCDD18D7552393DFF","255663BC446FEB00E341D682F7F78EC6F301A5C1802D856BCDD18D7552393DFF","MATCH"
"day13\02_STM32_HAL_Led\Drivers\CMSIS\Core\Include\core_armv8mbl.h","projects\08_HAL_AND_FIRMWARE_ARCHITECTURE\stm32-hal-led\course\Drivers\CMSIS\Core\Include\core_armv8mbl.h","117226","B5A662723F65A9FE1FBDE82B83681DAEC28AADB78C2DC95E531D6FB6BB396DDE","B5A662723F65A9FE1FBDE82B83681DAEC28AADB78C2DC95E531D6FB6BB396DDE","MATCH"
"day13\02_STM32_HAL_Led\Drivers\CMSIS\Core\Include\core_armv8mml.h","projects\08_HAL_AND_FIRMWARE_ARCHITECTURE\stm32-hal-led\course\Drivers\CMSIS\Core\Include\core_armv8mml.h","186400","17021C385F47945F2376FBB30F2F2E3FC28BD0F3D97EB857D212C192C54AB3FC","17021C385F47945F2376FBB30F2F2E3FC28BD0F3D97EB857D212C192C54AB3FC","MATCH"
"day13\02_STM32_HAL_Led\Drivers\CMSIS\Core\Include\core_cm0.h","projects\08_HAL_AND_FIRMWARE_ARCHITECTURE\stm32-hal-led\course\Drivers\CMSIS\Core\Include\core_cm0.h","42595","5CC53E723EE0E97455233F8DEE892940209E2FFF66071D66D74BAB56C528B199","5CC53E723EE0E97455233F8DEE892940209E2FFF66071D66D74BAB56C528B199","MATCH"
"day13\02_STM32_HAL_Led\Drivers\CMSIS\Core\Include\core_cm0plus.h","projects\08_HAL_AND_FIRMWARE_ARCHITECTURE\stm32-hal-led\course\Drivers\CMSIS\Core\Include\core_cm0plus.h","50964","A19E24C136145B4C72630D0AB7C83A7AEF010F3BA165E34C56A05057A2D9FED5","A19E24C136145B4C72630D0AB7C83A7AEF010F3BA165E34C56A05057A2D9FED5","MATCH"
"day13\02_STM32_HAL_Led\Drivers\CMSIS\Core\Include\core_cm1.h","projects\08_HAL_AND_FIRMWARE_ARCHITECTURE\stm32-hal-led\course\Drivers\CMSIS\Core\Include\core_cm1.h","43605","C243C4AFB291068FE7078D2911B2F0001E78A4D5466C26728611B06147D65C2B","C243C4AFB291068FE7078D2911B2F0001E78A4D5466C26728611B06147D65C2B","MATCH"
"day13\02_STM32_HAL_Led\Drivers\CMSIS\Core\Include\core_cm23.h","projects\08_HAL_AND_FIRMWARE_ARCHITECTURE\stm32-hal-led\course\Drivers\CMSIS\Core\Include\core_cm23.h","123853","B6FB9BB5FAEDFFE8EEC563550E21DC9097C9F64956258B2AF51E6D4D88CA4411","B6FB9BB5FAEDFFE8EEC563550E21DC9097C9F64956258B2AF51E6D4D88CA4411","MATCH"
"day13\02_STM32_HAL_Led\Drivers\CMSIS\Core\Include\core_cm3.h","projects\08_HAL_AND_FIRMWARE_ARCHITECTURE\stm32-hal-led\course\Drivers\CMSIS\Core\Include\core_cm3.h","111472","0FB7749EA828CAD4FDED65BBEEFC3FD0CFF1EFFBB7C784F7086526FD69E26719","0FB7749EA828CAD4FDED65BBEEFC3FD0CFF1EFFBB7C784F7086526FD69E26719","MATCH"
"day13\02_STM32_HAL_Led\Drivers\CMSIS\Core\Include\core_cm33.h","projects\08_HAL_AND_FIRMWARE_ARCHITECTURE\stm32-hal-led\course\Drivers\CMSIS\Core\Include\core_cm33.h","192801","D5C5FC559CBBBC1E495AF4AC2EA81959BCADB35AA69ECB1C20D183C3ED9CFEAE","D5C5FC559CBBBC1E495AF4AC2EA81959BCADB35AA69ECB1C20D183C3ED9CFEAE","MATCH"
"day13\02_STM32_HAL_Led\Drivers\CMSIS\Core\Include\core_cm35p.h","projects\08_HAL_AND_FIRMWARE_ARCHITECTURE\stm32-hal-led\course\Drivers\CMSIS\Core\Include\core_cm35p.h","192816","E52A069FFDACDBF000FFCC6F1766F0DCDFEF1BB60F5E8CA0602BCBCFD2B69FA1","E52A069FFDACDBF000FFCC6F1766F0DCDFEF1BB60F5E8CA0602BCBCFD2B69FA1","MATCH"
"day13\02_STM32_HAL_Led\Drivers\CMSIS\Core\Include\core_cm4.h","projects\08_HAL_AND_FIRMWARE_ARCHITECTURE\stm32-hal-led\course\Drivers\CMSIS\Core\Include\core_cm4.h","123104","D59A9E3ED4CF43A3C74A2E48F344D41BE2B6363EF9394EA2C551052FE553A6AF","D59A9E3ED4CF43A3C74A2E48F344D41BE2B6363EF9394EA2C551052FE553A6AF","MATCH"
"day13\02_STM32_HAL_Led\Drivers\CMSIS\Core\Include\core_cm55.h","projects\08_HAL_AND_FIRMWARE_ARCHITECTURE\stm32-hal-led\course\Drivers\CMSIS\Core\Include\core_cm55.h","322267","BF661F2B792AD123795207BAFD405D6B250690C65A28232A92485D6FDBB76D98","BF661F2B792AD123795207BAFD405D6B250690C65A28232A92485D6FDBB76D98","MATCH"
"day13\02_STM32_HAL_Led\Drivers\CMSIS\Core\Include\core_cm7.h","projects\08_HAL_AND_FIRMWARE_ARCHITECTURE\stm32-hal-led\course\Drivers\CMSIS\Core\Include\core_cm7.h","141314","A361F5FF7B053831CDBBC068EAE9609CD6681414C9A95C26DF582D686A2378B8","A361F5FF7B053831CDBBC068EAE9609CD6681414C9A95C26DF582D686A2378B8","MATCH"
"day13\02_STM32_HAL_Led\Drivers\CMSIS\Core\Include\core_cm85.h","projects\08_HAL_AND_FIRMWARE_ARCHITECTURE\stm32-hal-led\course\Drivers\CMSIS\Core\Include\core_cm85.h","313000","062019526B524285BEE161459F65CE7C9BF827C2CEABC4101FD150F6D80B37F5","062019526B524285BEE161459F65CE7C9BF827C2CEABC4101FD150F6D80B37F5","MATCH"
"day13\02_STM32_HAL_Led\Drivers\CMSIS\Core\Include\core_sc000.h","projects\08_HAL_AND_FIRMWARE_ARCHITECTURE\stm32-hal-led\course\Drivers\CMSIS\Core\Include\core_sc000.h","47592","4EC2D6FF893658C6BB7B1C56E6256087F3A2ED1E662C226E4BA11CFAAD28D05D","4EC2D6FF893658C6BB7B1C56E6256087F3A2ED1E662C226E4BA11CFAAD28D05D","MATCH"
"day13\02_STM32_HAL_Led\Drivers\CMSIS\Core\Include\core_sc300.h","projects\08_HAL_AND_FIRMWARE_ARCHITECTURE\stm32-hal-led\course\Drivers\CMSIS\Core\Include\core_sc300.h","110441","4CA0E6F1FEC869E4942C70028CE2F3C9AE00A65A69C35F467840AF3FC3D03AE5","4CA0E6F1FEC869E4942C70028CE2F3C9AE00A65A69C35F467840AF3FC3D03AE5","MATCH"
"day13\02_STM32_HAL_Led\Drivers\CMSIS\Core\Include\core_starmc1.h","projects\08_HAL_AND_FIRMWARE_ARCHITECTURE\stm32-hal-led\course\Drivers\CMSIS\Core\Include\core_starmc1.h","196647","47978DC5BFB51C5EDD09178D99C9B9163D500D48181985DA4EAD5A3C20D9A85B","47978DC5BFB51C5EDD09178D99C9B9163D500D48181985DA4EAD5A3C20D9A85B","MATCH"
"day13\02_STM32_HAL_Led\Drivers\CMSIS\Core\Include\mpu_armv7.h","projects\08_HAL_AND_FIRMWARE_ARCHITECTURE\stm32-hal-led\course\Drivers\CMSIS\Core\Include\mpu_armv7.h","12006","DE1B5EB9ED566527B66DC06F4ECB6A43AB6800F7DAC47E87C9CB42984DCA41BB","DE1B5EB9ED566527B66DC06F4ECB6A43AB6800F7DAC47E87C9CB42984DCA41BB","MATCH"
"day13\02_STM32_HAL_Led\Drivers\CMSIS\Core\Include\mpu_armv8.h","projects\08_HAL_AND_FIRMWARE_ARCHITECTURE\stm32-hal-led\course\Drivers\CMSIS\Core\Include\mpu_armv8.h","11722","467A5CE9D65D9B37FC32E01001ED184500D56576F303713D27B76E68DD67911C","467A5CE9D65D9B37FC32E01001ED184500D56576F303713D27B76E68DD67911C","MATCH"
"day13\02_STM32_HAL_Led\Drivers\CMSIS\Core\Include\pac_armv81.h","projects\08_HAL_AND_FIRMWARE_ARCHITECTURE\stm32-hal-led\course\Drivers\CMSIS\Core\Include\pac_armv81.h","6268","F3497AF055E95873809E4A79420E2B08915582466CEF2EB4235D8E03FAA7C3AB","F3497AF055E95873809E4A79420E2B08915582466CEF2EB4235D8E03FAA7C3AB","MATCH"
"day13\02_STM32_HAL_Led\Drivers\CMSIS\Core\Include\pmu_armv8.h","projects\08_HAL_AND_FIRMWARE_ARCHITECTURE\stm32-hal-led\course\Drivers\CMSIS\Core\Include\pmu_armv8.h","23123","EF9AA2F1C5B03BEA488D4B74D33DB14ACDC6C87E500273D68D75A6D3902A4F62","EF9AA2F1C5B03BEA488D4B74D33DB14ACDC6C87E500273D68D75A6D3902A4F62","MATCH"
"day13\02_STM32_HAL_Led\Drivers\CMSIS\Core\Include\tz_context.h","projects\08_HAL_AND_FIRMWARE_ARCHITECTURE\stm32-hal-led\course\Drivers\CMSIS\Core\Include\tz_context.h","2757","7FCC21FC190F6FD970390E9CAAA6A86D72FD10F9EDF4EFAB36F12AECF1A8BAA0","7FCC21FC190F6FD970390E9CAAA6A86D72FD10F9EDF4EFAB36F12AECF1A8BAA0","MATCH"
"day13\02_STM32_HAL_Led\Drivers\CMSIS\Core\Template\ARMv8-M\main_s.c","projects\08_HAL_AND_FIRMWARE_ARCHITECTURE\stm32-hal-led\course\Drivers\CMSIS\Core\Template\ARMv8-M\main_s.c","1877","201200CC4594E26C256DF0D8B86A915797B3506FA04BCBBAB383131D5E954114","201200CC4594E26C256DF0D8B86A915797B3506FA04BCBBAB383131D5E954114","MATCH"
"day13\02_STM32_HAL_Led\Drivers\CMSIS\Core\Template\ARMv8-M\tz_context.c","projects\08_HAL_AND_FIRMWARE_ARCHITECTURE\stm32-hal-led\course\Drivers\CMSIS\Core\Template\ARMv8-M\tz_context.c","6001","E7E04F69A91598E679D284A060D2793B23F5EF6832EFEB99EAC808506C184A26","E7E04F69A91598E679D284A060D2793B23F5EF6832EFEB99EAC808506C184A26","MATCH"
"day13\02_STM32_HAL_Led\Drivers\CMSIS\Device\ST\STM32F4xx\Include\stm32f407xx.h","projects\08_HAL_AND_FIRMWARE_ARCHITECTURE\stm32-hal-led\course\Drivers\CMSIS\Device\ST\STM32F4xx\Include\stm32f407xx.h","1208799","E4E38F39DC15F3D79D3EAB5270396B260381898C67B6DA9578D96D59B8ED99DC","E4E38F39DC15F3D79D3EAB5270396B260381898C67B6DA9578D96D59B8ED99DC","MATCH"
"day13\02_STM32_HAL_Led\Drivers\CMSIS\Device\ST\STM32F4xx\Include\stm32f4xx.h","projects\08_HAL_AND_FIRMWARE_ARCHITECTURE\stm32-hal-led\course\Drivers\CMSIS\Device\ST\STM32F4xx\Include\stm32f4xx.h","12228","D3F227F83E5AB4A27BAA3FF90AA5B08DC8AF961C1A6BBFB8B29C422A806A33C9","D3F227F83E5AB4A27BAA3FF90AA5B08DC8AF961C1A6BBFB8B29C422A806A33C9","MATCH"
"day13\02_STM32_HAL_Led\Drivers\CMSIS\Device\ST\STM32F4xx\Include\system_stm32f4xx.h","projects\08_HAL_AND_FIRMWARE_ARCHITECTURE\stm32-hal-led\course\Drivers\CMSIS\Device\ST\STM32F4xx\Include\system_stm32f4xx.h","2318","6BA46A957D0C32196D03304B981DB5BE8C3969D41953A53A364CA861085277D1","6BA46A957D0C32196D03304B981DB5BE8C3969D41953A53A364CA861085277D1","MATCH"
"day13\02_STM32_HAL_Led\Drivers\CMSIS\Device\ST\STM32F4xx\LICENSE.txt","projects\08_HAL_AND_FIRMWARE_ARCHITECTURE\stm32-hal-led\course\Drivers\CMSIS\Device\ST\STM32F4xx\LICENSE.txt","377","D65CAD1327EB8DAE95D0AEAB71FB22505F99A3D7CD1CE2530D7D40C52AECE002","D65CAD1327EB8DAE95D0AEAB71FB22505F99A3D7CD1CE2530D7D40C52AECE002","MATCH"
"day13\02_STM32_HAL_Led\Drivers\CMSIS\Include\cachel1_armv7.h","projects\08_HAL_AND_FIRMWARE_ARCHITECTURE\stm32-hal-led\course\Drivers\CMSIS\Include\cachel1_armv7.h","12498","6CDB5B324F2FD1BB5B2F47298BA6E6777E735D7CAD3BB8D942CD36E2C6E65328","6CDB5B324F2FD1BB5B2F47298BA6E6777E735D7CAD3BB8D942CD36E2C6E65328","MATCH"
"day13\02_STM32_HAL_Led\Drivers\CMSIS\Include\cmsis_armcc.h","projects\08_HAL_AND_FIRMWARE_ARCHITECTURE\stm32-hal-led\course\Drivers\CMSIS\Include\cmsis_armcc.h","28887","D074534D7106CEC83474B3B0A897BD2553E1A8895ECBD54F4F4FB25928066EEE","D074534D7106CEC83474B3B0A897BD2553E1A8895ECBD54F4F4FB25928066EEE","MATCH"
"day13\02_STM32_HAL_Led\Drivers\CMSIS\Include\cmsis_armclang_ltm.h","projects\08_HAL_AND_FIRMWARE_ARCHITECTURE\stm32-hal-led\course\Drivers\CMSIS\Include\cmsis_armclang_ltm.h","57949","8621969EA669A1B230FF2125A760EF66D575C48CB45E9E457F768909ABCBDA46","8621969EA669A1B230FF2125A760EF66D575C48CB45E9E457F768909ABCBDA46","MATCH"
"day13\02_STM32_HAL_Led\Drivers\CMSIS\Include\cmsis_armclang.h","projects\08_HAL_AND_FIRMWARE_ARCHITECTURE\stm32-hal-led\course\Drivers\CMSIS\Include\cmsis_armclang.h","49920","11B39B96DDC1125124762B3423A77B90DD40EA5B4582A3513830245046B24311","11B39B96DDC1125124762B3423A77B90DD40EA5B4582A3513830245046B24311","MATCH"
"day13\02_STM32_HAL_Led\Drivers\CMSIS\Include\cmsis_compiler.h","projects\08_HAL_AND_FIRMWARE_ARCHITECTURE\stm32-hal-led\course\Drivers\CMSIS\Include\cmsis_compiler.h","9764","869640702D811C4C63ABB52206715C891A93FD03BE954DF5AD40D378355AF3D6","869640702D811C4C63ABB52206715C891A93FD03BE954DF5AD40D378355AF3D6","MATCH"
"day13\02_STM32_HAL_Led\Drivers\CMSIS\Include\cmsis_gcc.h","projects\08_HAL_AND_FIRMWARE_ARCHITECTURE\stm32-hal-led\course\Drivers\CMSIS\Include\cmsis_gcc.h","65585","3D4E265D0AA42F888385CCF073666E6EBB5EC9F834760B9DA27C474E177F708D","3D4E265D0AA42F888385CCF073666E6EBB5EC9F834760B9DA27C474E177F708D","MATCH"
"day13\02_STM32_HAL_Led\Drivers\CMSIS\Include\cmsis_iccarm.h","projects\08_HAL_AND_FIRMWARE_ARCHITECTURE\stm32-hal-led\course\Drivers\CMSIS\Include\cmsis_iccarm.h","30071","F28119ADBC81FB0E3C957C9AEBE8FB423AD93634E76EAD3CAA2B0818D2E123AE","F28119ADBC81FB0E3C957C9AEBE8FB423AD93634E76EAD3CAA2B0818D2E123AE","MATCH"
"day13\02_STM32_HAL_Led\Drivers\CMSIS\Include\cmsis_version.h","projects\08_HAL_AND_FIRMWARE_ARCHITECTURE\stm32-hal-led\course\Drivers\CMSIS\Include\cmsis_version.h","1719","8CDA7AC3FF6F0EB5E83C4FE613DD195151B24DA54167F5C3C007E599A03F1EDC","8CDA7AC3FF6F0EB5E83C4FE613DD195151B24DA54167F5C3C007E599A03F1EDC","MATCH"
"day13\02_STM32_HAL_Led\Drivers\CMSIS\Include\core_armv81mml.h","projects\08_HAL_AND_FIRMWARE_ARCHITECTURE\stm32-hal-led\course\Drivers\CMSIS\Include\core_armv81mml.h","280868","255663BC446FEB00E341D682F7F78EC6F301A5C1802D856BCDD18D7552393DFF","255663BC446FEB00E341D682F7F78EC6F301A5C1802D856BCDD18D7552393DFF","MATCH"
"day13\02_STM32_HAL_Led\Drivers\CMSIS\Include\core_armv8mbl.h","projects\08_HAL_AND_FIRMWARE_ARCHITECTURE\stm32-hal-led\course\Drivers\CMSIS\Include\core_armv8mbl.h","117226","B5A662723F65A9FE1FBDE82B83681DAEC28AADB78C2DC95E531D6FB6BB396DDE","B5A662723F65A9FE1FBDE82B83681DAEC28AADB78C2DC95E531D6FB6BB396DDE","MATCH"
"day13\02_STM32_HAL_Led\Drivers\CMSIS\Include\core_armv8mml.h","projects\08_HAL_AND_FIRMWARE_ARCHITECTURE\stm32-hal-led\course\Drivers\CMSIS\Include\core_armv8mml.h","186400","17021C385F47945F2376FBB30F2F2E3FC28BD0F3D97EB857D212C192C54AB3FC","17021C385F47945F2376FBB30F2F2E3FC28BD0F3D97EB857D212C192C54AB3FC","MATCH"
"day13\02_STM32_HAL_Led\Drivers\CMSIS\Include\core_cm0.h","projects\08_HAL_AND_FIRMWARE_ARCHITECTURE\stm32-hal-led\course\Drivers\CMSIS\Include\core_cm0.h","42595","5CC53E723EE0E97455233F8DEE892940209E2FFF66071D66D74BAB56C528B199","5CC53E723EE0E97455233F8DEE892940209E2FFF66071D66D74BAB56C528B199","MATCH"
"day13\02_STM32_HAL_Led\Drivers\CMSIS\Include\core_cm0plus.h","projects\08_HAL_AND_FIRMWARE_ARCHITECTURE\stm32-hal-led\course\Drivers\CMSIS\Include\core_cm0plus.h","50964","A19E24C136145B4C72630D0AB7C83A7AEF010F3BA165E34C56A05057A2D9FED5","A19E24C136145B4C72630D0AB7C83A7AEF010F3BA165E34C56A05057A2D9FED5","MATCH"
"day13\02_STM32_HAL_Led\Drivers\CMSIS\Include\core_cm1.h","projects\08_HAL_AND_FIRMWARE_ARCHITECTURE\stm32-hal-led\course\Drivers\CMSIS\Include\core_cm1.h","43605","C243C4AFB291068FE7078D2911B2F0001E78A4D5466C26728611B06147D65C2B","C243C4AFB291068FE7078D2911B2F0001E78A4D5466C26728611B06147D65C2B","MATCH"
"day13\02_STM32_HAL_Led\Drivers\CMSIS\Include\core_cm23.h","projects\08_HAL_AND_FIRMWARE_ARCHITECTURE\stm32-hal-led\course\Drivers\CMSIS\Include\core_cm23.h","123853","B6FB9BB5FAEDFFE8EEC563550E21DC9097C9F64956258B2AF51E6D4D88CA4411","B6FB9BB5FAEDFFE8EEC563550E21DC9097C9F64956258B2AF51E6D4D88CA4411","MATCH"
"day13\02_STM32_HAL_Led\Drivers\CMSIS\Include\core_cm3.h","projects\08_HAL_AND_FIRMWARE_ARCHITECTURE\stm32-hal-led\course\Drivers\CMSIS\Include\core_cm3.h","111472","0FB7749EA828CAD4FDED65BBEEFC3FD0CFF1EFFBB7C784F7086526FD69E26719","0FB7749EA828CAD4FDED65BBEEFC3FD0CFF1EFFBB7C784F7086526FD69E26719","MATCH"
"day13\02_STM32_HAL_Led\Drivers\CMSIS\Include\core_cm33.h","projects\08_HAL_AND_FIRMWARE_ARCHITECTURE\stm32-hal-led\course\Drivers\CMSIS\Include\core_cm33.h","192801","D5C5FC559CBBBC1E495AF4AC2EA81959BCADB35AA69ECB1C20D183C3ED9CFEAE","D5C5FC559CBBBC1E495AF4AC2EA81959BCADB35AA69ECB1C20D183C3ED9CFEAE","MATCH"
"day13\02_STM32_HAL_Led\Drivers\CMSIS\Include\core_cm35p.h","projects\08_HAL_AND_FIRMWARE_ARCHITECTURE\stm32-hal-led\course\Drivers\CMSIS\Include\core_cm35p.h","192816","E52A069FFDACDBF000FFCC6F1766F0DCDFEF1BB60F5E8CA0602BCBCFD2B69FA1","E52A069FFDACDBF000FFCC6F1766F0DCDFEF1BB60F5E8CA0602BCBCFD2B69FA1","MATCH"
"day13\02_STM32_HAL_Led\Drivers\CMSIS\Include\core_cm4.h","projects\08_HAL_AND_FIRMWARE_ARCHITECTURE\stm32-hal-led\course\Drivers\CMSIS\Include\core_cm4.h","123104","D59A9E3ED4CF43A3C74A2E48F344D41BE2B6363EF9394EA2C551052FE553A6AF","D59A9E3ED4CF43A3C74A2E48F344D41BE2B6363EF9394EA2C551052FE553A6AF","MATCH"
"day13\02_STM32_HAL_Led\Drivers\CMSIS\Include\core_cm55.h","projects\08_HAL_AND_FIRMWARE_ARCHITECTURE\stm32-hal-led\course\Drivers\CMSIS\Include\core_cm55.h","322267","BF661F2B792AD123795207BAFD405D6B250690C65A28232A92485D6FDBB76D98","BF661F2B792AD123795207BAFD405D6B250690C65A28232A92485D6FDBB76D98","MATCH"
"day13\02_STM32_HAL_Led\Drivers\CMSIS\Include\core_cm7.h","projects\08_HAL_AND_FIRMWARE_ARCHITECTURE\stm32-hal-led\course\Drivers\CMSIS\Include\core_cm7.h","141314","A361F5FF7B053831CDBBC068EAE9609CD6681414C9A95C26DF582D686A2378B8","A361F5FF7B053831CDBBC068EAE9609CD6681414C9A95C26DF582D686A2378B8","MATCH"
"day13\02_STM32_HAL_Led\Drivers\CMSIS\Include\core_cm85.h","projects\08_HAL_AND_FIRMWARE_ARCHITECTURE\stm32-hal-led\course\Drivers\CMSIS\Include\core_cm85.h","313000","062019526B524285BEE161459F65CE7C9BF827C2CEABC4101FD150F6D80B37F5","062019526B524285BEE161459F65CE7C9BF827C2CEABC4101FD150F6D80B37F5","MATCH"
"day13\02_STM32_HAL_Led\Drivers\CMSIS\Include\core_sc000.h","projects\08_HAL_AND_FIRMWARE_ARCHITECTURE\stm32-hal-led\course\Drivers\CMSIS\Include\core_sc000.h","47592","4EC2D6FF893658C6BB7B1C56E6256087F3A2ED1E662C226E4BA11CFAAD28D05D","4EC2D6FF893658C6BB7B1C56E6256087F3A2ED1E662C226E4BA11CFAAD28D05D","MATCH"
"day13\02_STM32_HAL_Led\Drivers\CMSIS\Include\core_sc300.h","projects\08_HAL_AND_FIRMWARE_ARCHITECTURE\stm32-hal-led\course\Drivers\CMSIS\Include\core_sc300.h","110441","4CA0E6F1FEC869E4942C70028CE2F3C9AE00A65A69C35F467840AF3FC3D03AE5","4CA0E6F1FEC869E4942C70028CE2F3C9AE00A65A69C35F467840AF3FC3D03AE5","MATCH"
"day13\02_STM32_HAL_Led\Drivers\CMSIS\Include\core_starmc1.h","projects\08_HAL_AND_FIRMWARE_ARCHITECTURE\stm32-hal-led\course\Drivers\CMSIS\Include\core_starmc1.h","196647","47978DC5BFB51C5EDD09178D99C9B9163D500D48181985DA4EAD5A3C20D9A85B","47978DC5BFB51C5EDD09178D99C9B9163D500D48181985DA4EAD5A3C20D9A85B","MATCH"
"day13\02_STM32_HAL_Led\Drivers\CMSIS\Include\mpu_armv7.h","projects\08_HAL_AND_FIRMWARE_ARCHITECTURE\stm32-hal-led\course\Drivers\CMSIS\Include\mpu_armv7.h","12006","DE1B5EB9ED566527B66DC06F4ECB6A43AB6800F7DAC47E87C9CB42984DCA41BB","DE1B5EB9ED566527B66DC06F4ECB6A43AB6800F7DAC47E87C9CB42984DCA41BB","MATCH"
"day13\02_STM32_HAL_Led\Drivers\CMSIS\Include\mpu_armv8.h","projects\08_HAL_AND_FIRMWARE_ARCHITECTURE\stm32-hal-led\course\Drivers\CMSIS\Include\mpu_armv8.h","11722","467A5CE9D65D9B37FC32E01001ED184500D56576F303713D27B76E68DD67911C","467A5CE9D65D9B37FC32E01001ED184500D56576F303713D27B76E68DD67911C","MATCH"
"day13\02_STM32_HAL_Led\Drivers\CMSIS\Include\pac_armv81.h","projects\08_HAL_AND_FIRMWARE_ARCHITECTURE\stm32-hal-led\course\Drivers\CMSIS\Include\pac_armv81.h","6268","F3497AF055E95873809E4A79420E2B08915582466CEF2EB4235D8E03FAA7C3AB","F3497AF055E95873809E4A79420E2B08915582466CEF2EB4235D8E03FAA7C3AB","MATCH"
"day13\02_STM32_HAL_Led\Drivers\CMSIS\Include\pmu_armv8.h","projects\08_HAL_AND_FIRMWARE_ARCHITECTURE\stm32-hal-led\course\Drivers\CMSIS\Include\pmu_armv8.h","23123","EF9AA2F1C5B03BEA488D4B74D33DB14ACDC6C87E500273D68D75A6D3902A4F62","EF9AA2F1C5B03BEA488D4B74D33DB14ACDC6C87E500273D68D75A6D3902A4F62","MATCH"
"day13\02_STM32_HAL_Led\Drivers\CMSIS\Include\tz_context.h","projects\08_HAL_AND_FIRMWARE_ARCHITECTURE\stm32-hal-led\course\Drivers\CMSIS\Include\tz_context.h","2757","7FCC21FC190F6FD970390E9CAAA6A86D72FD10F9EDF4EFAB36F12AECF1A8BAA0","7FCC21FC190F6FD970390E9CAAA6A86D72FD10F9EDF4EFAB36F12AECF1A8BAA0","MATCH"
"day13\02_STM32_HAL_Led\Drivers\CMSIS\LICENSE.txt","projects\08_HAL_AND_FIRMWARE_ARCHITECTURE\stm32-hal-led\course\Drivers\CMSIS\LICENSE.txt","11558","E03BA41D7FAB20700769FE4118BAB50D800CB74F990353A05D2F5FFF1C228363","E03BA41D7FAB20700769FE4118BAB50D800CB74F990353A05D2F5FFF1C228363","MATCH"
"day13\02_STM32_HAL_Led\Drivers\STM32F4xx_HAL_Driver\Inc\Legacy\stm32_hal_legacy.h","projects\08_HAL_AND_FIRMWARE_ARCHITECTURE\stm32-hal-led\course\Drivers\STM32F4xx_HAL_Driver\Inc\Legacy\stm32_hal_legacy.h","240031","7D48F139A6FF1DDE6668FE4B032BEB4938C7C15481CCF0850B2EA60D93C6111B","7D48F139A6FF1DDE6668FE4B032BEB4938C7C15481CCF0850B2EA60D93C6111B","MATCH"
"day13\02_STM32_HAL_Led\Drivers\STM32F4xx_HAL_Driver\Inc\Legacy\stm32f4xx_hal_can_legacy.h","projects\08_HAL_AND_FIRMWARE_ARCHITECTURE\stm32-hal-led\course\Drivers\STM32F4xx_HAL_Driver\Inc\Legacy\stm32f4xx_hal_can_legacy.h","35630","ECA1C5F0E2FEF01594F7CCA9CE3083595AE654BAE35C369B96C49D8205FD1E4D","ECA1C5F0E2FEF01594F7CCA9CE3083595AE654BAE35C369B96C49D8205FD1E4D","MATCH"
"day13\02_STM32_HAL_Led\Drivers\STM32F4xx_HAL_Driver\Inc\Legacy\stm32f4xx_hal_eth_legacy.h","projects\08_HAL_AND_FIRMWARE_ARCHITECTURE\stm32-hal-led\course\Drivers\STM32F4xx_HAL_Driver\Inc\Legacy\stm32f4xx_hal_eth_legacy.h","110932","531246E37CFE090B5275AF48141A9C139912EE562380FB1DC652DAEB85F218CE","531246E37CFE090B5275AF48141A9C139912EE562380FB1DC652DAEB85F218CE","MATCH"
"day13\02_STM32_HAL_Led\Drivers\STM32F4xx_HAL_Driver\Inc\stm32_assert_template.h","projects\08_HAL_AND_FIRMWARE_ARCHITECTURE\stm32-hal-led\course\Drivers\STM32F4xx_HAL_Driver\Inc\stm32_assert_template.h","2047","E51BC68A92486A3C2D615B09A1275A9463E226E07CBF92CECEEEC743539801A2","E51BC68A92486A3C2D615B09A1275A9463E226E07CBF92CECEEEC743539801A2","MATCH"
"day13\02_STM32_HAL_Led\Drivers\STM32F4xx_HAL_Driver\Inc\stm32f4xx_hal_adc_ex.h","projects\08_HAL_AND_FIRMWARE_ARCHITECTURE\stm32-hal-led\course\Drivers\STM32F4xx_HAL_Driver\Inc\stm32f4xx_hal_adc_ex.h","26168","10D9C6114A3C455342AD6E897A26ADC29C03EC1C08165B4D640DC165AE4CFB24","10D9C6114A3C455342AD6E897A26ADC29C03EC1C08165B4D640DC165AE4CFB24","MATCH"
"day13\02_STM32_HAL_Led\Drivers\STM32F4xx_HAL_Driver\Inc\stm32f4xx_hal_adc.h","projects\08_HAL_AND_FIRMWARE_ARCHITECTURE\stm32-hal-led\course\Drivers\STM32F4xx_HAL_Driver\Inc\stm32f4xx_hal_adc.h","46618","5A9CD8E4B06EA0BDA4A6F0568CF581A214461EF0FA8F15F39FA8599AA0399FF2","5A9CD8E4B06EA0BDA4A6F0568CF581A214461EF0FA8F15F39FA8599AA0399FF2","MATCH"
"day13\02_STM32_HAL_Led\Drivers\STM32F4xx_HAL_Driver\Inc\stm32f4xx_hal_can.h","projects\08_HAL_AND_FIRMWARE_ARCHITECTURE\stm32-hal-led\course\Drivers\STM32F4xx_HAL_Driver\Inc\stm32f4xx_hal_can.h","44390","441E5E2FCD403120E32D994B0F5AAB39EBA79CB966701426314E0FF66D3A96A0","441E5E2FCD403120E32D994B0F5AAB39EBA79CB966701426314E0FF66D3A96A0","MATCH"
"day13\02_STM32_HAL_Led\Drivers\STM32F4xx_HAL_Driver\Inc\stm32f4xx_hal_cec.h","projects\08_HAL_AND_FIRMWARE_ARCHITECTURE\stm32-hal-led\course\Drivers\STM32F4xx_HAL_Driver\Inc\stm32f4xx_hal_cec.h","36640","3063A79B9DF5F46B0A894058AD79BF8BB2915954052C22E9B140C3FD7472638E","3063A79B9DF5F46B0A894058AD79BF8BB2915954052C22E9B140C3FD7472638E","MATCH"
"day13\02_STM32_HAL_Led\Drivers\STM32F4xx_HAL_Driver\Inc\stm32f4xx_hal_conf_template.h","projects\08_HAL_AND_FIRMWARE_ARCHITECTURE\stm32-hal-led\course\Drivers\STM32F4xx_HAL_Driver\Inc\stm32f4xx_hal_conf_template.h","20488","C0A12926A0E82416067D7EBA1F1134E19850CE01C2C1CE6FA71790755DD241EC","C0A12926A0E82416067D7EBA1F1134E19850CE01C2C1CE6FA71790755DD241EC","MATCH"
"day13\02_STM32_HAL_Led\Drivers\STM32F4xx_HAL_Driver\Inc\stm32f4xx_hal_cortex.h","projects\08_HAL_AND_FIRMWARE_ARCHITECTURE\stm32-hal-led\course\Drivers\STM32F4xx_HAL_Driver\Inc\stm32f4xx_hal_cortex.h","17405","93D85A6EA4FBDBC7543F0822844C8F74F610FC2F61BCD95265B8E48A19CDE09E","93D85A6EA4FBDBC7543F0822844C8F74F610FC2F61BCD95265B8E48A19CDE09E","MATCH"
"day13\02_STM32_HAL_Led\Drivers\STM32F4xx_HAL_Driver\Inc\stm32f4xx_hal_crc.h","projects\08_HAL_AND_FIRMWARE_ARCHITECTURE\stm32-hal-led\course\Drivers\STM32F4xx_HAL_Driver\Inc\stm32f4xx_hal_crc.h","5081","FDA08B166111D0DFDA131E9B237AFC2E5BA7FF9D2DF7D54315B2E74A127071FE","FDA08B166111D0DFDA131E9B237AFC2E5BA7FF9D2DF7D54315B2E74A127071FE","MATCH"
"day13\02_STM32_HAL_Led\Drivers\STM32F4xx_HAL_Driver\Inc\stm32f4xx_hal_cryp_ex.h","projects\08_HAL_AND_FIRMWARE_ARCHITECTURE\stm32-hal-led\course\Drivers\STM32F4xx_HAL_Driver\Inc\stm32f4xx_hal_cryp_ex.h","3316","1A403B383046F2A49FC38C560552679DB46D47569C51E701AFB2617FE90EC570","1A403B383046F2A49FC38C560552679DB46D47569C51E701AFB2617FE90EC570","MATCH"
"day13\02_STM32_HAL_Led\Drivers\STM32F4xx_HAL_Driver\Inc\stm32f4xx_hal_cryp.h","projects\08_HAL_AND_FIRMWARE_ARCHITECTURE\stm32-hal-led\course\Drivers\STM32F4xx_HAL_Driver\Inc\stm32f4xx_hal_cryp.h","28585","58EA968D04EAE3C9171FA6FD916E35C1C8E895E52170A80EF2627B32715AD491","58EA968D04EAE3C9171FA6FD916E35C1C8E895E52170A80EF2627B32715AD491","MATCH"
"day13\02_STM32_HAL_Led\Drivers\STM32F4xx_HAL_Driver\Inc\stm32f4xx_hal_dac_ex.h","projects\08_HAL_AND_FIRMWARE_ARCHITECTURE\stm32-hal-led\course\Drivers\STM32F4xx_HAL_Driver\Inc\stm32f4xx_hal_dac_ex.h","10758","E7E8FF596898730076578D05B9C007D6AA423AEC2A485002A6159A845F2416D2","E7E8FF596898730076578D05B9C007D6AA423AEC2A485002A6159A845F2416D2","MATCH"
"day13\02_STM32_HAL_Led\Drivers\STM32F4xx_HAL_Driver\Inc\stm32f4xx_hal_dac.h","projects\08_HAL_AND_FIRMWARE_ARCHITECTURE\stm32-hal-led\course\Drivers\STM32F4xx_HAL_Driver\Inc\stm32f4xx_hal_dac.h","18367","B84D5632295630A4958A3862E19FFC48DA63B4F95E020A75E2F3EE2C0B69963E","B84D5632295630A4958A3862E19FFC48DA63B4F95E020A75E2F3EE2C0B69963E","MATCH"
"day13\02_STM32_HAL_Led\Drivers\STM32F4xx_HAL_Driver\Inc\stm32f4xx_hal_dcmi_ex.h","projects\08_HAL_AND_FIRMWARE_ARCHITECTURE\stm32-hal-led\course\Drivers\STM32F4xx_HAL_Driver\Inc\stm32f4xx_hal_dcmi_ex.h","9165","3D6661D3458F01163BB5C6ECC761BB7CC6958580C52C82B56D7CFE170C92AC7D","3D6661D3458F01163BB5C6ECC761BB7CC6958580C52C82B56D7CFE170C92AC7D","MATCH"
"day13\02_STM32_HAL_Led\Drivers\STM32F4xx_HAL_Driver\Inc\stm32f4xx_hal_dcmi.h","projects\08_HAL_AND_FIRMWARE_ARCHITECTURE\stm32-hal-led\course\Drivers\STM32F4xx_HAL_Driver\Inc\stm32f4xx_hal_dcmi.h","24159","DC14D2B7F0E1DFD1D9A74A06BBB8B4CF85A517FFC80DCDBCE352EDF1AD448E4C","DC14D2B7F0E1DFD1D9A74A06BBB8B4CF85A517FFC80DCDBCE352EDF1AD448E4C","MATCH"
"day13\02_STM32_HAL_Led\Drivers\STM32F4xx_HAL_Driver\Inc\stm32f4xx_hal_def.h","projects\08_HAL_AND_FIRMWARE_ARCHITECTURE\stm32-hal-led\course\Drivers\STM32F4xx_HAL_Driver\Inc\stm32f4xx_hal_def.h","7775","C6F30EAA09B8A72E7F503C757F312745EC10C317D37D568500DCCAB9587C1A6B","C6F30EAA09B8A72E7F503C757F312745EC10C317D37D568500DCCAB9587C1A6B","MATCH"
"day13\02_STM32_HAL_Led\Drivers\STM32F4xx_HAL_Driver\Inc\stm32f4xx_hal_dfsdm.h","projects\08_HAL_AND_FIRMWARE_ARCHITECTURE\stm32-hal-led\course\Drivers\STM32F4xx_HAL_Driver\Inc\stm32f4xx_hal_dfsdm.h","64032","593045C817900AC60BE772EB6C3DF079FFE53F8C79D42434C6B419D49615E726","593045C817900AC60BE772EB6C3DF079FFE53F8C79D42434C6B419D49615E726","MATCH"
"day13\02_STM32_HAL_Led\Drivers\STM32F4xx_HAL_Driver\Inc\stm32f4xx_hal_dma_ex.h","projects\08_HAL_AND_FIRMWARE_ARCHITECTURE\stm32-hal-led\course\Drivers\STM32F4xx_HAL_Driver\Inc\stm32f4xx_hal_dma_ex.h","2753","8AA0A347B502D924077675AD9BB446CF40B3A6DAB47CF8A6B5A9F9E21DBFCF20","8AA0A347B502D924077675AD9BB446CF40B3A6DAB47CF8A6B5A9F9E21DBFCF20","MATCH"
"day13\02_STM32_HAL_Led\Drivers\STM32F4xx_HAL_Driver\Inc\stm32f4xx_hal_dma.h","projects\08_HAL_AND_FIRMWARE_ARCHITECTURE\stm32-hal-led\course\Drivers\STM32F4xx_HAL_Driver\Inc\stm32f4xx_hal_dma.h","38671","4DC4D29C8930A5EC06B6F4B13480BED13C238D2674B3AFAC47E6F71B2AE25B98","4DC4D29C8930A5EC06B6F4B13480BED13C238D2674B3AFAC47E6F71B2AE25B98","MATCH"
"day13\02_STM32_HAL_Led\Drivers\STM32F4xx_HAL_Driver\Inc\stm32f4xx_hal_dma2d.h","projects\08_HAL_AND_FIRMWARE_ARCHITECTURE\stm32-hal-led\course\Drivers\STM32F4xx_HAL_Driver\Inc\stm32f4xx_hal_dma2d.h","28424","2F4ADF5D41D618540A924FFCE757A5B3D234250A434010D79A57FC81A85C7240","2F4ADF5D41D618540A924FFCE757A5B3D234250A434010D79A57FC81A85C7240","MATCH"
"day13\02_STM32_HAL_Led\Drivers\STM32F4xx_HAL_Driver\Inc\stm32f4xx_hal_dsi.h","projects\08_HAL_AND_FIRMWARE_ARCHITECTURE\stm32-hal-led\course\Drivers\STM32F4xx_HAL_Driver\Inc\stm32f4xx_hal_dsi.h","59023","35F69BF769275D09B2B73D143DE0FF4ED3E359006FA496786A9AA4751FA7B72C","35F69BF769275D09B2B73D143DE0FF4ED3E359006FA496786A9AA4751FA7B72C","MATCH"
"day13\02_STM32_HAL_Led\Drivers\STM32F4xx_HAL_Driver\Inc\stm32f4xx_hal_eth.h","projects\08_HAL_AND_FIRMWARE_ARCHITECTURE\stm32-hal-led\course\Drivers\STM32F4xx_HAL_Driver\Inc\stm32f4xx_hal_eth.h","96659","92A276B45EE3F0FD64AE86A9A0E658CF73981B1C4C2521B1C590058B3E94E320","92A276B45EE3F0FD64AE86A9A0E658CF73981B1C4C2521B1C590058B3E94E320","MATCH"
"day13\02_STM32_HAL_Led\Drivers\STM32F4xx_HAL_Driver\Inc\stm32f4xx_hal_exti.h","projects\08_HAL_AND_FIRMWARE_ARCHITECTURE\stm32-hal-led\course\Drivers\STM32F4xx_HAL_Driver\Inc\stm32f4xx_hal_exti.h","15199","E786FC8C276267EC0650AB0FC5853B2CA63697131947321A4E7E7175554C3B04","E786FC8C276267EC0650AB0FC5853B2CA63697131947321A4E7E7175554C3B04","MATCH"
"day13\02_STM32_HAL_Led\Drivers\STM32F4xx_HAL_Driver\Inc\stm32f4xx_hal_flash_ex.h","projects\08_HAL_AND_FIRMWARE_ARCHITECTURE\stm32-hal-led\course\Drivers\STM32F4xx_HAL_Driver\Inc\stm32f4xx_hal_flash_ex.h","65259","F34511EEC786510D75C096E33324648FC47D5F325666AC4CB724CACCFC5BC271","F34511EEC786510D75C096E33324648FC47D5F325666AC4CB724CACCFC5BC271","MATCH"
"day13\02_STM32_HAL_Led\Drivers\STM32F4xx_HAL_Driver\Inc\stm32f4xx_hal_flash_ramfunc.h","projects\08_HAL_AND_FIRMWARE_ARCHITECTURE\stm32-hal-led\course\Drivers\STM32F4xx_HAL_Driver\Inc\stm32f4xx_hal_flash_ramfunc.h","2293","CD2D5AB9F93E7AC34846468450FEE989D47280D97AF99231D6E600E254F6C9CD","CD2D5AB9F93E7AC34846468450FEE989D47280D97AF99231D6E600E254F6C9CD","MATCH"
"day13\02_STM32_HAL_Led\Drivers\STM32F4xx_HAL_Driver\Inc\stm32f4xx_hal_flash.h","projects\08_HAL_AND_FIRMWARE_ARCHITECTURE\stm32-hal-led\course\Drivers\STM32F4xx_HAL_Driver\Inc\stm32f4xx_hal_flash.h","14858","734543040B2E25B165C9087C36AF91FDA8EFDCFA8834440696384CD48F831E20","734543040B2E25B165C9087C36AF91FDA8EFDCFA8834440696384CD48F831E20","MATCH"
"day13\02_STM32_HAL_Led\Drivers\STM32F4xx_HAL_Driver\Inc\stm32f4xx_hal_fmpi2c_ex.h","projects\08_HAL_AND_FIRMWARE_ARCHITECTURE\stm32-hal-led\course\Drivers\STM32F4xx_HAL_Driver\Inc\stm32f4xx_hal_fmpi2c_ex.h","4318","B3E73A258DABB5EEE4D4B1AC0F7CF0E31B649F834087FD003A439A5F603A6140","B3E73A258DABB5EEE4D4B1AC0F7CF0E31B649F834087FD003A439A5F603A6140","MATCH"
"day13\02_STM32_HAL_Led\Drivers\STM32F4xx_HAL_Driver\Inc\stm32f4xx_hal_fmpi2c.h","projects\08_HAL_AND_FIRMWARE_ARCHITECTURE\stm32-hal-led\course\Drivers\STM32F4xx_HAL_Driver\Inc\stm32f4xx_hal_fmpi2c.h","41810","697B99DFAC67B75EC1B8DB1FD3E94CC7FB796F7AD792D7DE81997C4FB40D3E37","697B99DFAC67B75EC1B8DB1FD3E94CC7FB796F7AD792D7DE81997C4FB40D3E37","MATCH"
"day13\02_STM32_HAL_Led\Drivers\STM32F4xx_HAL_Driver\Inc\stm32f4xx_hal_fmpsmbus_ex.h","projects\08_HAL_AND_FIRMWARE_ARCHITECTURE\stm32-hal-led\course\Drivers\STM32F4xx_HAL_Driver\Inc\stm32f4xx_hal_fmpsmbus_ex.h","3796","A066C64F67EF4CD20A46525659B6BCCFCB0A2793CD1AAA22DB30683EC4F1CA13","A066C64F67EF4CD20A46525659B6BCCFCB0A2793CD1AAA22DB30683EC4F1CA13","MATCH"
"day13\02_STM32_HAL_Led\Drivers\STM32F4xx_HAL_Driver\Inc\stm32f4xx_hal_fmpsmbus.h","projects\08_HAL_AND_FIRMWARE_ARCHITECTURE\stm32-hal-led\course\Drivers\STM32F4xx_HAL_Driver\Inc\stm32f4xx_hal_fmpsmbus.h","39839","2998AEA5D8E974640567CEB9FA03218937ED1A64C4AC4DFA414A83391A4E4827","2998AEA5D8E974640567CEB9FA03218937ED1A64C4AC4DFA414A83391A4E4827","MATCH"
"day13\02_STM32_HAL_Led\Drivers\STM32F4xx_HAL_Driver\Inc\stm32f4xx_hal_gpio_ex.h","projects\08_HAL_AND_FIRMWARE_ARCHITECTURE\stm32-hal-led\course\Drivers\STM32F4xx_HAL_Driver\Inc\stm32f4xx_hal_gpio_ex.h","82731","5963C4EA366CFD6DE3A91792A382DE6327D86542A6278592CC2B79E594C8AD91","5963C4EA366CFD6DE3A91792A382DE6327D86542A6278592CC2B79E594C8AD91","MATCH"
"day13\02_STM32_HAL_Led\Drivers\STM32F4xx_HAL_Driver\Inc\stm32f4xx_hal_gpio.h","projects\08_HAL_AND_FIRMWARE_ARCHITECTURE\stm32-hal-led\course\Drivers\STM32F4xx_HAL_Driver\Inc\stm32f4xx_hal_gpio.h","14012","5829D91F2E060D30F5798DC71E4FEF5D7FFA7D99DA21E751EE03D527D664307F","5829D91F2E060D30F5798DC71E4FEF5D7FFA7D99DA21E751EE03D527D664307F","MATCH"
"day13\02_STM32_HAL_Led\Drivers\STM32F4xx_HAL_Driver\Inc\stm32f4xx_hal_hash_ex.h","projects\08_HAL_AND_FIRMWARE_ARCHITECTURE\stm32-hal-led\course\Drivers\STM32F4xx_HAL_Driver\Inc\stm32f4xx_hal_hash_ex.h","7314","40421BDDE3BAB9A1ACC37451CECCEE5944434D958D3CCD0854BA5473209CC9F0","40421BDDE3BAB9A1ACC37451CECCEE5944434D958D3CCD0854BA5473209CC9F0","MATCH"
"day13\02_STM32_HAL_Led\Drivers\STM32F4xx_HAL_Driver\Inc\stm32f4xx_hal_hash.h","projects\08_HAL_AND_FIRMWARE_ARCHITECTURE\stm32-hal-led\course\Drivers\STM32F4xx_HAL_Driver\Inc\stm32f4xx_hal_hash.h","26374","90D3C5C02313D50B3FE3D3632FBCFF77254E7E31847E10462BC8E084E34C928F","90D3C5C02313D50B3FE3D3632FBCFF77254E7E31847E10462BC8E084E34C928F","MATCH"
"day13\02_STM32_HAL_Led\Drivers\STM32F4xx_HAL_Driver\Inc\stm32f4xx_hal_hcd.h","projects\08_HAL_AND_FIRMWARE_ARCHITECTURE\stm32-hal-led\course\Drivers\STM32F4xx_HAL_Driver\Inc\stm32f4xx_hal_hcd.h","13011","86A2A65DFD149CDDF4AACDF7FDE1A86FFAE963F293A506307BE4306AAFF2C27C","86A2A65DFD149CDDF4AACDF7FDE1A86FFAE963F293A506307BE4306AAFF2C27C","MATCH"
"day13\02_STM32_HAL_Led\Drivers\STM32F4xx_HAL_Driver\Inc\stm32f4xx_hal_i2c_ex.h","projects\08_HAL_AND_FIRMWARE_ARCHITECTURE\stm32-hal-led\course\Drivers\STM32F4xx_HAL_Driver\Inc\stm32f4xx_hal_i2c_ex.h","3089","D46FB65AFDC6181B0CEA8F80DB433D102099734183B1DBCFFEE4C0682F4EE112","D46FB65AFDC6181B0CEA8F80DB433D102099734183B1DBCFFEE4C0682F4EE112","MATCH"
"day13\02_STM32_HAL_Led\Drivers\STM32F4xx_HAL_Driver\Inc\stm32f4xx_hal_i2c.h","projects\08_HAL_AND_FIRMWARE_ARCHITECTURE\stm32-hal-led\course\Drivers\STM32F4xx_HAL_Driver\Inc\stm32f4xx_hal_i2c.h","35718","80D2996918DC151F7D0C17A025F13571CB60916AC560996471872DC3DFA58342","80D2996918DC151F7D0C17A025F13571CB60916AC560996471872DC3DFA58342","MATCH"
"day13\02_STM32_HAL_Led\Drivers\STM32F4xx_HAL_Driver\Inc\stm32f4xx_hal_i2s_ex.h","projects\08_HAL_AND_FIRMWARE_ARCHITECTURE\stm32-hal-led\course\Drivers\STM32F4xx_HAL_Driver\Inc\stm32f4xx_hal_i2s_ex.h","8188","079B95EE1435AE1C7EF79FF141A923902F5E06F7D6C6C6CD2947D21F8000DF20","079B95EE1435AE1C7EF79FF141A923902F5E06F7D6C6C6CD2947D21F8000DF20","MATCH"
"day13\02_STM32_HAL_Led\Drivers\STM32F4xx_HAL_Driver\Inc\stm32f4xx_hal_i2s.h","projects\08_HAL_AND_FIRMWARE_ARCHITECTURE\stm32-hal-led\course\Drivers\STM32F4xx_HAL_Driver\Inc\stm32f4xx_hal_i2s.h","28226","EF0E7458C6A5EDB7BF1BDFD722477595E1BBA1669725C371930B6A32112496B6","EF0E7458C6A5EDB7BF1BDFD722477595E1BBA1669725C371930B6A32112496B6","MATCH"
"day13\02_STM32_HAL_Led\Drivers\STM32F4xx_HAL_Driver\Inc\stm32f4xx_hal_irda.h","projects\08_HAL_AND_FIRMWARE_ARCHITECTURE\stm32-hal-led\course\Drivers\STM32F4xx_HAL_Driver\Inc\stm32f4xx_hal_irda.h","32188","705B5BCD6DF7724B7BF72073C2182C43CA11335AAF1C0882548E0A9644A79CA7","705B5BCD6DF7724B7BF72073C2182C43CA11335AAF1C0882548E0A9644A79CA7","MATCH"
"day13\02_STM32_HAL_Led\Drivers\STM32F4xx_HAL_Driver\Inc\stm32f4xx_hal_iwdg.h","projects\08_HAL_AND_FIRMWARE_ARCHITECTURE\stm32-hal-led\course\Drivers\STM32F4xx_HAL_Driver\Inc\stm32f4xx_hal_iwdg.h","6827","737303D56608EC998BAF5261A3127AF25AC0E0B428044EA0A0039EF85C8020AB","737303D56608EC998BAF5261A3127AF25AC0E0B428044EA0A0039EF85C8020AB","MATCH"
"day13\02_STM32_HAL_Led\Drivers\STM32F4xx_HAL_Driver\Inc\stm32f4xx_hal_lptim.h","projects\08_HAL_AND_FIRMWARE_ARCHITECTURE\stm32-hal-led\course\Drivers\STM32F4xx_HAL_Driver\Inc\stm32f4xx_hal_lptim.h","37593","01C754A3111AC9F26FE5CD108E9EBCBB5A365705BA4E7E4885E3A76726975610","01C754A3111AC9F26FE5CD108E9EBCBB5A365705BA4E7E4885E3A76726975610","MATCH"
"day13\02_STM32_HAL_Led\Drivers\STM32F4xx_HAL_Driver\Inc\stm32f4xx_hal_ltdc_ex.h","projects\08_HAL_AND_FIRMWARE_ARCHITECTURE\stm32-hal-led\course\Drivers\STM32F4xx_HAL_Driver\Inc\stm32f4xx_hal_ltdc_ex.h","2451","D9AF6866DB96455E5634F28EA84E08B1AA694B534133857F2A68B6B2EBD0C492","D9AF6866DB96455E5634F28EA84E08B1AA694B534133857F2A68B6B2EBD0C492","MATCH"
"day13\02_STM32_HAL_Led\Drivers\STM32F4xx_HAL_Driver\Inc\stm32f4xx_hal_ltdc.h","projects\08_HAL_AND_FIRMWARE_ARCHITECTURE\stm32-hal-led\course\Drivers\STM32F4xx_HAL_Driver\Inc\stm32f4xx_hal_ltdc.h","33960","59B0D44F8BBC95B274629C988951D1EEA44B645D59F0085949EE8077433C398E","59B0D44F8BBC95B274629C988951D1EEA44B645D59F0085949EE8077433C398E","MATCH"
"day13\02_STM32_HAL_Led\Drivers\STM32F4xx_HAL_Driver\Inc\stm32f4xx_hal_mmc.h","projects\08_HAL_AND_FIRMWARE_ARCHITECTURE\stm32-hal-led\course\Drivers\STM32F4xx_HAL_Driver\Inc\stm32f4xx_hal_mmc.h","37878","4C763AD7D6BE4510DB0E4C117804B08BF0901CB2D94617CAA40527D52967BE1C","4C763AD7D6BE4510DB0E4C117804B08BF0901CB2D94617CAA40527D52967BE1C","MATCH"
"day13\02_STM32_HAL_Led\Drivers\STM32F4xx_HAL_Driver\Inc\stm32f4xx_hal_nand.h","projects\08_HAL_AND_FIRMWARE_ARCHITECTURE\stm32-hal-led\course\Drivers\STM32F4xx_HAL_Driver\Inc\stm32f4xx_hal_nand.h","15230","9E1EC717ABD447757EB9058CEFD64E791E83749A433C2CDACB7F3A29EA7F2144","9E1EC717ABD447757EB9058CEFD64E791E83749A433C2CDACB7F3A29EA7F2144","MATCH"
"day13\02_STM32_HAL_Led\Drivers\STM32F4xx_HAL_Driver\Inc\stm32f4xx_hal_nor.h","projects\08_HAL_AND_FIRMWARE_ARCHITECTURE\stm32-hal-led\course\Drivers\STM32F4xx_HAL_Driver\Inc\stm32f4xx_hal_nor.h","11725","C919F20851071DA70FB4C0CD741C7D86D2CCB727B521F8BB88401D0B42EAB33C","C919F20851071DA70FB4C0CD741C7D86D2CCB727B521F8BB88401D0B42EAB33C","MATCH"
"day13\02_STM32_HAL_Led\Drivers\STM32F4xx_HAL_Driver\Inc\stm32f4xx_hal_pccard.h","projects\08_HAL_AND_FIRMWARE_ARCHITECTURE\stm32-hal-led\course\Drivers\STM32F4xx_HAL_Driver\Inc\stm32f4xx_hal_pccard.h","11896","0F4475E71C8AFA8587A51E56DB74BE9173DD7D24FD948BC3F6FD6ABDA430A59D","0F4475E71C8AFA8587A51E56DB74BE9173DD7D24FD948BC3F6FD6ABDA430A59D","MATCH"
"day13\02_STM32_HAL_Led\Drivers\STM32F4xx_HAL_Driver\Inc\stm32f4xx_hal_pcd_ex.h","projects\08_HAL_AND_FIRMWARE_ARCHITECTURE\stm32-hal-led\course\Drivers\STM32F4xx_HAL_Driver\Inc\stm32f4xx_hal_pcd_ex.h","3463","823FC06B873CE127737E8387C543E6DB97220A504722D4F142AFE69E9C2F90C7","823FC06B873CE127737E8387C543E6DB97220A504722D4F142AFE69E9C2F90C7","MATCH"
"day13\02_STM32_HAL_Led\Drivers\STM32F4xx_HAL_Driver\Inc\stm32f4xx_hal_pcd.h","projects\08_HAL_AND_FIRMWARE_ARCHITECTURE\stm32-hal-led\course\Drivers\STM32F4xx_HAL_Driver\Inc\stm32f4xx_hal_pcd.h","19734","8693393B3ACD5384017F71F118671C2085463DC43EE97D9BD3FC803504B26110","8693393B3ACD5384017F71F118671C2085463DC43EE97D9BD3FC803504B26110","MATCH"
"day13\02_STM32_HAL_Led\Drivers\STM32F4xx_HAL_Driver\Inc\stm32f4xx_hal_pwr_ex.h","projects\08_HAL_AND_FIRMWARE_ARCHITECTURE\stm32-hal-led\course\Drivers\STM32F4xx_HAL_Driver\Inc\stm32f4xx_hal_pwr_ex.h","16224","3F0CAC843ABD6C0AE3EF9A4EDC6353B6F96052F8D297BF8A474F23BDD9A1576B","3F0CAC843ABD6C0AE3EF9A4EDC6353B6F96052F8D297BF8A474F23BDD9A1576B","MATCH"
"day13\02_STM32_HAL_Led\Drivers\STM32F4xx_HAL_Driver\Inc\stm32f4xx_hal_pwr.h","projects\08_HAL_AND_FIRMWARE_ARCHITECTURE\stm32-hal-led\course\Drivers\STM32F4xx_HAL_Driver\Inc\stm32f4xx_hal_pwr.h","14892","2A8A5905165B97971B44B5F0768E55ED30F28659D0BDF40DFC3E0EB9B1A34E1E","2A8A5905165B97971B44B5F0768E55ED30F28659D0BDF40DFC3E0EB9B1A34E1E","MATCH"
"day13\02_STM32_HAL_Led\Drivers\STM32F4xx_HAL_Driver\Inc\stm32f4xx_hal_qspi.h","projects\08_HAL_AND_FIRMWARE_ARCHITECTURE\stm32-hal-led\course\Drivers\STM32F4xx_HAL_Driver\Inc\stm32f4xx_hal_qspi.h","37618","CB8F006E78423917088BF03F5EE0BE0CDF8BE36F2329388F771982902C598525","CB8F006E78423917088BF03F5EE0BE0CDF8BE36F2329388F771982902C598525","MATCH"
"day13\02_STM32_HAL_Led\Drivers\STM32F4xx_HAL_Driver\Inc\stm32f4xx_hal_rcc_ex.h","projects\08_HAL_AND_FIRMWARE_ARCHITECTURE\stm32-hal-led\course\Drivers\STM32F4xx_HAL_Driver\Inc\stm32f4xx_hal_rcc_ex.h","444884","00F9D7965F6943C0BD11558A44C1BCD20E6F18183F0BBE4D53F51FB1CCE95691","00F9D7965F6943C0BD11558A44C1BCD20E6F18183F0BBE4D53F51FB1CCE95691","MATCH"
"day13\02_STM32_HAL_Led\Drivers\STM32F4xx_HAL_Driver\Inc\stm32f4xx_hal_rcc.h","projects\08_HAL_AND_FIRMWARE_ARCHITECTURE\stm32-hal-led\course\Drivers\STM32F4xx_HAL_Driver\Inc\stm32f4xx_hal_rcc.h","74904","4E7BD94E6E692F43FB87E1969C305CF299BD48B1062C69256508DA0BB4D0426C","4E7BD94E6E692F43FB87E1969C305CF299BD48B1062C69256508DA0BB4D0426C","MATCH"
"day13\02_STM32_HAL_Led\Drivers\STM32F4xx_HAL_Driver\Inc\stm32f4xx_hal_rng.h","projects\08_HAL_AND_FIRMWARE_ARCHITECTURE\stm32-hal-led\course\Drivers\STM32F4xx_HAL_Driver\Inc\stm32f4xx_hal_rng.h","12288","C73B03784CA1A0B7863E5D398081532F65BB59628C66938CD661D8CEA67B05F9","C73B03784CA1A0B7863E5D398081532F65BB59628C66938CD661D8CEA67B05F9","MATCH"
"day13\02_STM32_HAL_Led\Drivers\STM32F4xx_HAL_Driver\Inc\stm32f4xx_hal_rtc_ex.h","projects\08_HAL_AND_FIRMWARE_ARCHITECTURE\stm32-hal-led\course\Drivers\STM32F4xx_HAL_Driver\Inc\stm32f4xx_hal_rtc_ex.h","47113","9FFDFB0CF45A867CCA69E3F4E7E1B076295BF2DF78BDDEB5C8A14CED7DC5EE18","9FFDFB0CF45A867CCA69E3F4E7E1B076295BF2DF78BDDEB5C8A14CED7DC5EE18","MATCH"
"day13\02_STM32_HAL_Led\Drivers\STM32F4xx_HAL_Driver\Inc\stm32f4xx_hal_rtc.h","projects\08_HAL_AND_FIRMWARE_ARCHITECTURE\stm32-hal-led\course\Drivers\STM32F4xx_HAL_Driver\Inc\stm32f4xx_hal_rtc.h","40478","82A4B957DEB4405E234B6871CF9C60141062FA8C2347B747879F690EEF5709D9","82A4B957DEB4405E234B6871CF9C60141062FA8C2347B747879F690EEF5709D9","MATCH"
"day13\02_STM32_HAL_Led\Drivers\STM32F4xx_HAL_Driver\Inc\stm32f4xx_hal_sai_ex.h","projects\08_HAL_AND_FIRMWARE_ARCHITECTURE\stm32-hal-led\course\Drivers\STM32F4xx_HAL_Driver\Inc\stm32f4xx_hal_sai_ex.h","3883","0E56FDE228C7837E9A012C1E5E5F7F7F7AB7910EE511D632B016E2148C159262","0E56FDE228C7837E9A012C1E5E5F7F7F7AB7910EE511D632B016E2148C159262","MATCH"
"day13\02_STM32_HAL_Led\Drivers\STM32F4xx_HAL_Driver\Inc\stm32f4xx_hal_sai.h","projects\08_HAL_AND_FIRMWARE_ARCHITECTURE\stm32-hal-led\course\Drivers\STM32F4xx_HAL_Driver\Inc\stm32f4xx_hal_sai.h","39606","3009A283068D53CD188D9A39DC2EE8381B4B85C24F04EF0CDA03FA191A81C022","3009A283068D53CD188D9A39DC2EE8381B4B85C24F04EF0CDA03FA191A81C022","MATCH"
"day13\02_STM32_HAL_Led\Drivers\STM32F4xx_HAL_Driver\Inc\stm32f4xx_hal_sd.h","projects\08_HAL_AND_FIRMWARE_ARCHITECTURE\stm32-hal-led\course\Drivers\STM32F4xx_HAL_Driver\Inc\stm32f4xx_hal_sd.h","38301","769D3AC03ACF80B7C7AA2BE9D9BB1642B19EEA53202F97BFCDD4C35644F1B4B8","769D3AC03ACF80B7C7AA2BE9D9BB1642B19EEA53202F97BFCDD4C35644F1B4B8","MATCH"
"day13\02_STM32_HAL_Led\Drivers\STM32F4xx_HAL_Driver\Inc\stm32f4xx_hal_sdram.h","projects\08_HAL_AND_FIRMWARE_ARCHITECTURE\stm32-hal-led\course\Drivers\STM32F4xx_HAL_Driver\Inc\stm32f4xx_hal_sdram.h","9562","DE7B9F794AA55FF0F55F8BDE244C391EF0E3FC6F47EA91936A73D503B8C721C0","DE7B9F794AA55FF0F55F8BDE244C391EF0E3FC6F47EA91936A73D503B8C721C0","MATCH"
"day13\02_STM32_HAL_Led\Drivers\STM32F4xx_HAL_Driver\Inc\stm32f4xx_hal_smartcard.h","projects\08_HAL_AND_FIRMWARE_ARCHITECTURE\stm32-hal-led\course\Drivers\STM32F4xx_HAL_Driver\Inc\stm32f4xx_hal_smartcard.h","38690","8A3F1F86E6C92228984FF962079F11CA1363825809DD62242A78168C5557759D","8A3F1F86E6C92228984FF962079F11CA1363825809DD62242A78168C5557759D","MATCH"
"day13\02_STM32_HAL_Led\Drivers\STM32F4xx_HAL_Driver\Inc\stm32f4xx_hal_smbus.h","projects\08_HAL_AND_FIRMWARE_ARCHITECTURE\stm32-hal-led\course\Drivers\STM32F4xx_HAL_Driver\Inc\stm32f4xx_hal_smbus.h","33679","3B52FA33258B788209AF04F734EB69ADA3ED5DC4C5FEEC5B0CC146D8754E5A76","3B52FA33258B788209AF04F734EB69ADA3ED5DC4C5FEEC5B0CC146D8754E5A76","MATCH"
"day13\02_STM32_HAL_Led\Drivers\STM32F4xx_HAL_Driver\Inc\stm32f4xx_hal_spdifrx.h","projects\08_HAL_AND_FIRMWARE_ARCHITECTURE\stm32-hal-led\course\Drivers\STM32F4xx_HAL_Driver\Inc\stm32f4xx_hal_spdifrx.h","26740","D62B51A8FE382355B8A17444AB4B9B47A61EC415C1CBD273338A0BC5CCAB33AE","D62B51A8FE382355B8A17444AB4B9B47A61EC415C1CBD273338A0BC5CCAB33AE","MATCH"
"day13\02_STM32_HAL_Led\Drivers\STM32F4xx_HAL_Driver\Inc\stm32f4xx_hal_spi.h","projects\08_HAL_AND_FIRMWARE_ARCHITECTURE\stm32-hal-led\course\Drivers\STM32F4xx_HAL_Driver\Inc\stm32f4xx_hal_spi.h","32853","92405F4477EAA49332DFF81C33A60A061A483E47B5465A19170C81DF752C4EF2","92405F4477EAA49332DFF81C33A60A061A483E47B5465A19170C81DF752C4EF2","MATCH"
"day13\02_STM32_HAL_Led\Drivers\STM32F4xx_HAL_Driver\Inc\stm32f4xx_hal_sram.h","projects\08_HAL_AND_FIRMWARE_ARCHITECTURE\stm32-hal-led\course\Drivers\STM32F4xx_HAL_Driver\Inc\stm32f4xx_hal_sram.h","8997","9823A21A4E0DC598980BF4F2CD207F229472E34FB5B380A0F70FE1F0F2DC2F02","9823A21A4E0DC598980BF4F2CD207F229472E34FB5B380A0F70FE1F0F2DC2F02","MATCH"
"day13\02_STM32_HAL_Led\Drivers\STM32F4xx_HAL_Driver\Inc\stm32f4xx_hal_tim_ex.h","projects\08_HAL_AND_FIRMWARE_ARCHITECTURE\stm32-hal-led\course\Drivers\STM32F4xx_HAL_Driver\Inc\stm32f4xx_hal_tim_ex.h","16935","7DB25BA17F4806CAFE1AB73F420A1FCB179CBE3E9D5CEB673A3FB8ECA22189B8","7DB25BA17F4806CAFE1AB73F420A1FCB179CBE3E9D5CEB673A3FB8ECA22189B8","MATCH"
"day13\02_STM32_HAL_Led\Drivers\STM32F4xx_HAL_Driver\Inc\stm32f4xx_hal_tim.h","projects\08_HAL_AND_FIRMWARE_ARCHITECTURE\stm32-hal-led\course\Drivers\STM32F4xx_HAL_Driver\Inc\stm32f4xx_hal_tim.h","125125","6685F8EFC3B0670D8231176871E8D0205A1E197EC413580DD729DEC50BC843E6","6685F8EFC3B0670D8231176871E8D0205A1E197EC413580DD729DEC50BC843E6","MATCH"
"day13\02_STM32_HAL_Led\Drivers\STM32F4xx_HAL_Driver\Inc\stm32f4xx_hal_uart.h","projects\08_HAL_AND_FIRMWARE_ARCHITECTURE\stm32-hal-led\course\Drivers\STM32F4xx_HAL_Driver\Inc\stm32f4xx_hal_uart.h","46436","5D79BF1566C0767F1985FCD106412D6CD4BDECAD978AA8A5B2995320191C8040","5D79BF1566C0767F1985FCD106412D6CD4BDECAD978AA8A5B2995320191C8040","MATCH"
"day13\02_STM32_HAL_Led\Drivers\STM32F4xx_HAL_Driver\Inc\stm32f4xx_hal_usart.h","projects\08_HAL_AND_FIRMWARE_ARCHITECTURE\stm32-hal-led\course\Drivers\STM32F4xx_HAL_Driver\Inc\stm32f4xx_hal_usart.h","29819","91C9CD7CFA65ECC90FFBA6B22FEA54594D10ED537EEB59B800C8BE50D86E95D3","91C9CD7CFA65ECC90FFBA6B22FEA54594D10ED537EEB59B800C8BE50D86E95D3","MATCH"
"day13\02_STM32_HAL_Led\Drivers\STM32F4xx_HAL_Driver\Inc\stm32f4xx_hal_wwdg.h","projects\08_HAL_AND_FIRMWARE_ARCHITECTURE\stm32-hal-led\course\Drivers\STM32F4xx_HAL_Driver\Inc\stm32f4xx_hal_wwdg.h","10466","635A7A3E06EC5A42F1F3D5F3F12A4A341197036DA2A7E65EBD1474E3D5E065FE","635A7A3E06EC5A42F1F3D5F3F12A4A341197036DA2A7E65EBD1474E3D5E065FE","MATCH"
"day13\02_STM32_HAL_Led\Drivers\STM32F4xx_HAL_Driver\Inc\stm32f4xx_hal.h","projects\08_HAL_AND_FIRMWARE_ARCHITECTURE\stm32-hal-led\course\Drivers\STM32F4xx_HAL_Driver\Inc\stm32f4xx_hal.h","12980","78F46C52267D3BB7A68349FBF02ECD9F6E2E375E3FEB80AC0829A870BDDCD514","78F46C52267D3BB7A68349FBF02ECD9F6E2E375E3FEB80AC0829A870BDDCD514","MATCH"
"day13\02_STM32_HAL_Led\Drivers\STM32F4xx_HAL_Driver\Inc\stm32f4xx_ll_adc.h","projects\08_HAL_AND_FIRMWARE_ARCHITECTURE\stm32-hal-led\course\Drivers\STM32F4xx_HAL_Driver\Inc\stm32f4xx_ll_adc.h","289110","440A5B3A329CADFAC3661B9E176DA6A4D7400C1AAA8AA8B4801BCA1E6847A356","440A5B3A329CADFAC3661B9E176DA6A4D7400C1AAA8AA8B4801BCA1E6847A356","MATCH"
"day13\02_STM32_HAL_Led\Drivers\STM32F4xx_HAL_Driver\Inc\stm32f4xx_ll_bus.h","projects\08_HAL_AND_FIRMWARE_ARCHITECTURE\stm32-hal-led\course\Drivers\STM32F4xx_HAL_Driver\Inc\stm32f4xx_ll_bus.h","101909","D237F4A55FF8221BABEF14237CEA628055F2E5E227ABF308B2DF56A4C6AA167A","D237F4A55FF8221BABEF14237CEA628055F2E5E227ABF308B2DF56A4C6AA167A","MATCH"
"day13\02_STM32_HAL_Led\Drivers\STM32F4xx_HAL_Driver\Inc\stm32f4xx_ll_cortex.h","projects\08_HAL_AND_FIRMWARE_ARCHITECTURE\stm32-hal-led\course\Drivers\STM32F4xx_HAL_Driver\Inc\stm32f4xx_ll_cortex.h","24946","27AF4FB7B3ACB41A677A02C6C807EAC3BA5D7CF3857C2E4A74DE499742313FD1","27AF4FB7B3ACB41A677A02C6C807EAC3BA5D7CF3857C2E4A74DE499742313FD1","MATCH"
"day13\02_STM32_HAL_Led\Drivers\STM32F4xx_HAL_Driver\Inc\stm32f4xx_ll_crc.h","projects\08_HAL_AND_FIRMWARE_ARCHITECTURE\stm32-hal-led\course\Drivers\STM32F4xx_HAL_Driver\Inc\stm32f4xx_ll_crc.h","5539","EE184AABA900F62C41870C96E1BAE9419B84128B90209F337FAF8D05B8966089","EE184AABA900F62C41870C96E1BAE9419B84128B90209F337FAF8D05B8966089","MATCH"
"day13\02_STM32_HAL_Led\Drivers\STM32F4xx_HAL_Driver\Inc\stm32f4xx_ll_dac.h","projects\08_HAL_AND_FIRMWARE_ARCHITECTURE\stm32-hal-led\course\Drivers\STM32F4xx_HAL_Driver\Inc\stm32f4xx_ll_dac.h","69598","5CDDDA6E96625E84DE5DE5ED4518871849B49742792B1476554610F1C559634F","5CDDDA6E96625E84DE5DE5ED4518871849B49742792B1476554610F1C559634F","MATCH"
"day13\02_STM32_HAL_Led\Drivers\STM32F4xx_HAL_Driver\Inc\stm32f4xx_ll_dma.h","projects\08_HAL_AND_FIRMWARE_ARCHITECTURE\stm32-hal-led\course\Drivers\STM32F4xx_HAL_Driver\Inc\stm32f4xx_ll_dma.h","109906","F086BA919DBF5C98FBA89317BCBD239FE1B647167CBAA810CE2DD02302AE8EB3","F086BA919DBF5C98FBA89317BCBD239FE1B647167CBAA810CE2DD02302AE8EB3","MATCH"
"day13\02_STM32_HAL_Led\Drivers\STM32F4xx_HAL_Driver\Inc\stm32f4xx_ll_dma2d.h","projects\08_HAL_AND_FIRMWARE_ARCHITECTURE\stm32-hal-led\course\Drivers\STM32F4xx_HAL_Driver\Inc\stm32f4xx_ll_dma2d.h","77847","A21DDB19740F25B03E00B448497344553454DBDBDF73FE1FFAED8E429B2D086F","A21DDB19740F25B03E00B448497344553454DBDBDF73FE1FFAED8E429B2D086F","MATCH"
"day13\02_STM32_HAL_Led\Drivers\STM32F4xx_HAL_Driver\Inc\stm32f4xx_ll_exti.h","projects\08_HAL_AND_FIRMWARE_ARCHITECTURE\stm32-hal-led\course\Drivers\STM32F4xx_HAL_Driver\Inc\stm32f4xx_ll_exti.h","35019","96329E1FC07EA1D7DB3A7970AF4D97A5172E29CF9BE5E7A45B7A011C960A33B9","96329E1FC07EA1D7DB3A7970AF4D97A5172E29CF9BE5E7A45B7A011C960A33B9","MATCH"
"day13\02_STM32_HAL_Led\Drivers\STM32F4xx_HAL_Driver\Inc\stm32f4xx_ll_fmc.h","projects\08_HAL_AND_FIRMWARE_ARCHITECTURE\stm32-hal-led\course\Drivers\STM32F4xx_HAL_Driver\Inc\stm32f4xx_ll_fmc.h","62086","E964E4F5CCA3DEA85DEE4C433D2BE80533E9E08D16AA61C6B4290DEF0AE3781C","E964E4F5CCA3DEA85DEE4C433D2BE80533E9E08D16AA61C6B4290DEF0AE3781C","MATCH"
"day13\02_STM32_HAL_Led\Drivers\STM32F4xx_HAL_Driver\Inc\stm32f4xx_ll_fmpi2c.h","projects\08_HAL_AND_FIRMWARE_ARCHITECTURE\stm32-hal-led\course\Drivers\STM32F4xx_HAL_Driver\Inc\stm32f4xx_ll_fmpi2c.h","90054","DCF846FB2CCB8C74D1C6FE95D9107753230A06A5AEFE9CD290C747F88584F8CC","DCF846FB2CCB8C74D1C6FE95D9107753230A06A5AEFE9CD290C747F88584F8CC","MATCH"
"day13\02_STM32_HAL_Led\Drivers\STM32F4xx_HAL_Driver\Inc\stm32f4xx_ll_fsmc.h","projects\08_HAL_AND_FIRMWARE_ARCHITECTURE\stm32-hal-led\course\Drivers\STM32F4xx_HAL_Driver\Inc\stm32f4xx_ll_fsmc.h","47822","CF106CD262BB476517A668871651DC442125FF0844D42BCA346FF2DDE0CEC2BF","CF106CD262BB476517A668871651DC442125FF0844D42BCA346FF2DDE0CEC2BF","MATCH"
"day13\02_STM32_HAL_Led\Drivers\STM32F4xx_HAL_Driver\Inc\stm32f4xx_ll_gpio.h","projects\08_HAL_AND_FIRMWARE_ARCHITECTURE\stm32-hal-led\course\Drivers\STM32F4xx_HAL_Driver\Inc\stm32f4xx_ll_gpio.h","38426","B874A353F6075B18A7B352F8EAC77497C32EFF162EC0005BE4C75346FDFF3908","B874A353F6075B18A7B352F8EAC77497C32EFF162EC0005BE4C75346FDFF3908","MATCH"
"day13\02_STM32_HAL_Led\Drivers\STM32F4xx_HAL_Driver\Inc\stm32f4xx_ll_i2c.h","projects\08_HAL_AND_FIRMWARE_ARCHITECTURE\stm32-hal-led\course\Drivers\STM32F4xx_HAL_Driver\Inc\stm32f4xx_ll_i2c.h","69359","3E2AF1EAB1A3E6F4C59F24B3C880B8DE8B5DEB03086BAD482417230551C97A34","3E2AF1EAB1A3E6F4C59F24B3C880B8DE8B5DEB03086BAD482417230551C97A34","MATCH"
"day13\02_STM32_HAL_Led\Drivers\STM32F4xx_HAL_Driver\Inc\stm32f4xx_ll_iwdg.h","projects\08_HAL_AND_FIRMWARE_ARCHITECTURE\stm32-hal-led\course\Drivers\STM32F4xx_HAL_Driver\Inc\stm32f4xx_ll_iwdg.h","9370","5C5D91023F42FD79F8789E6A9A2DE9D7974DEFF37FE58A7FF66740A7273D3D52","5C5D91023F42FD79F8789E6A9A2DE9D7974DEFF37FE58A7FF66740A7273D3D52","MATCH"
"day13\02_STM32_HAL_Led\Drivers\STM32F4xx_HAL_Driver\Inc\stm32f4xx_ll_lptim.h","projects\08_HAL_AND_FIRMWARE_ARCHITECTURE\stm32-hal-led\course\Drivers\STM32F4xx_HAL_Driver\Inc\stm32f4xx_ll_lptim.h","53056","AD0F72F62F6B470F92CE916E2C83351B253407B8E864B65FC25133AE714D7417","AD0F72F62F6B470F92CE916E2C83351B253407B8E864B65FC25133AE714D7417","MATCH"
"day13\02_STM32_HAL_Led\Drivers\STM32F4xx_HAL_Driver\Inc\stm32f4xx_ll_pwr.h","projects\08_HAL_AND_FIRMWARE_ARCHITECTURE\stm32-hal-led\course\Drivers\STM32F4xx_HAL_Driver\Inc\stm32f4xx_ll_pwr.h","32524","187DEC9842B95CF7F2A448BBB7A2C1B98AC8C8D0EA69D68CBCD5B05C4EAEB6B9","187DEC9842B95CF7F2A448BBB7A2C1B98AC8C8D0EA69D68CBCD5B05C4EAEB6B9","MATCH"
"day13\02_STM32_HAL_Led\Drivers\STM32F4xx_HAL_Driver\Inc\stm32f4xx_ll_rcc.h","projects\08_HAL_AND_FIRMWARE_ARCHITECTURE\stm32-hal-led\course\Drivers\STM32F4xx_HAL_Driver\Inc\stm32f4xx_ll_rcc.h","348202","ECE5BA9AA627B04045437232BB332D1777D92F361DE9609C5D65290A425A9E41","ECE5BA9AA627B04045437232BB332D1777D92F361DE9609C5D65290A425A9E41","MATCH"
"day13\02_STM32_HAL_Led\Drivers\STM32F4xx_HAL_Driver\Inc\stm32f4xx_ll_rng.h","projects\08_HAL_AND_FIRMWARE_ARCHITECTURE\stm32-hal-led\course\Drivers\STM32F4xx_HAL_Driver\Inc\stm32f4xx_ll_rng.h","9113","1E3F65F113B72EAFBFD2438A35E0E2DB809B88A0820007D4843FAC28E51315B0","1E3F65F113B72EAFBFD2438A35E0E2DB809B88A0820007D4843FAC28E51315B0","MATCH"
"day13\02_STM32_HAL_Led\Drivers\STM32F4xx_HAL_Driver\Inc\stm32f4xx_ll_rtc.h","projects\08_HAL_AND_FIRMWARE_ARCHITECTURE\stm32-hal-led\course\Drivers\STM32F4xx_HAL_Driver\Inc\stm32f4xx_ll_rtc.h","141799","3037A62841244837C7DD3B05D8E229694C6568A8C8401C6FA232A5543619DBB6","3037A62841244837C7DD3B05D8E229694C6568A8C8401C6FA232A5543619DBB6","MATCH"
"day13\02_STM32_HAL_Led\Drivers\STM32F4xx_HAL_Driver\Inc\stm32f4xx_ll_sdmmc.h","projects\08_HAL_AND_FIRMWARE_ARCHITECTURE\stm32-hal-led\course\Drivers\STM32F4xx_HAL_Driver\Inc\stm32f4xx_ll_sdmmc.h","61963","423B0BCD8E95CB456C9863D1A2185E32FF5783F562A541D9295D2947E1375634","423B0BCD8E95CB456C9863D1A2185E32FF5783F562A541D9295D2947E1375634","MATCH"
"day13\02_STM32_HAL_Led\Drivers\STM32F4xx_HAL_Driver\Inc\stm32f4xx_ll_spi.h","projects\08_HAL_AND_FIRMWARE_ARCHITECTURE\stm32-hal-led\course\Drivers\STM32F4xx_HAL_Driver\Inc\stm32f4xx_ll_spi.h","67771","48DB9B7FE08A2F294CBB755864DA342228F01C343615EBFEE60EADA77D50A540","48DB9B7FE08A2F294CBB755864DA342228F01C343615EBFEE60EADA77D50A540","MATCH"
"day13\02_STM32_HAL_Led\Drivers\STM32F4xx_HAL_Driver\Inc\stm32f4xx_ll_system.h","projects\08_HAL_AND_FIRMWARE_ARCHITECTURE\stm32-hal-led\course\Drivers\STM32F4xx_HAL_Driver\Inc\stm32f4xx_ll_system.h","72383","FEF5EA5A5BFB7F2C4059FB2C1262D884F0F25B379A3A982DDEFD81C50ED5CD89","FEF5EA5A5BFB7F2C4059FB2C1262D884F0F25B379A3A982DDEFD81C50ED5CD89","MATCH"
"day13\02_STM32_HAL_Led\Drivers\STM32F4xx_HAL_Driver\Inc\stm32f4xx_ll_tim.h","projects\08_HAL_AND_FIRMWARE_ARCHITECTURE\stm32-hal-led\course\Drivers\STM32F4xx_HAL_Driver\Inc\stm32f4xx_ll_tim.h","179072","ECD43402EB66A91D63734EE50F7EED67EBAFD2B354A3069DF0E6A171B90F41CD","ECD43402EB66A91D63734EE50F7EED67EBAFD2B354A3069DF0E6A171B90F41CD","MATCH"
"day13\02_STM32_HAL_Led\Drivers\STM32F4xx_HAL_Driver\Inc\stm32f4xx_ll_usart.h","projects\08_HAL_AND_FIRMWARE_ARCHITECTURE\stm32-hal-led\course\Drivers\STM32F4xx_HAL_Driver\Inc\stm32f4xx_ll_usart.h","100138","7C20FF842F7840D8D5B177D1283A5CFF886E3DE9CF0296E188EE196E3259506D","7C20FF842F7840D8D5B177D1283A5CFF886E3DE9CF0296E188EE196E3259506D","MATCH"
"day13\02_STM32_HAL_Led\Drivers\STM32F4xx_HAL_Driver\Inc\stm32f4xx_ll_usb.h","projects\08_HAL_AND_FIRMWARE_ARCHITECTURE\stm32-hal-led\course\Drivers\STM32F4xx_HAL_Driver\Inc\stm32f4xx_ll_usb.h","23668","07B268E91D77D14B1313DD301E59FE98A9D13EB5173413531632649557EB9869","07B268E91D77D14B1313DD301E59FE98A9D13EB5173413531632649557EB9869","MATCH"
"day13\02_STM32_HAL_Led\Drivers\STM32F4xx_HAL_Driver\Inc\stm32f4xx_ll_utils.h","projects\08_HAL_AND_FIRMWARE_ARCHITECTURE\stm32-hal-led\course\Drivers\STM32F4xx_HAL_Driver\Inc\stm32f4xx_ll_utils.h","10941","541DA4AC68D22E174CA4A038240F8DA3024B29CDF33ED0F9C9AF82159239FACC","541DA4AC68D22E174CA4A038240F8DA3024B29CDF33ED0F9C9AF82159239FACC","MATCH"
"day13\02_STM32_HAL_Led\Drivers\STM32F4xx_HAL_Driver\Inc\stm32f4xx_ll_wwdg.h","projects\08_HAL_AND_FIRMWARE_ARCHITECTURE\stm32-hal-led\course\Drivers\STM32F4xx_HAL_Driver\Inc\stm32f4xx_ll_wwdg.h","10452","4550C57E5B84ED1AD4577B5D9FC4CF2E1C43A4EDAC9BE32F8525A24C9F566865","4550C57E5B84ED1AD4577B5D9FC4CF2E1C43A4EDAC9BE32F8525A24C9F566865","MATCH"
"day13\02_STM32_HAL_Led\Drivers\STM32F4xx_HAL_Driver\LICENSE.txt","projects\08_HAL_AND_FIRMWARE_ARCHITECTURE\stm32-hal-led\course\Drivers\STM32F4xx_HAL_Driver\LICENSE.txt","383","BDC7B0F98DB4846279336431024C49A01D578A2EA1D19EC68797BBE33E718D2D","BDC7B0F98DB4846279336431024C49A01D578A2EA1D19EC68797BBE33E718D2D","MATCH"
"day13\02_STM32_HAL_Led\Drivers\STM32F4xx_HAL_Driver\Src\stm32f4xx_hal_adc_ex.c","projects\08_HAL_AND_FIRMWARE_ARCHITECTURE\stm32-hal-led\course\Drivers\STM32F4xx_HAL_Driver\Src\stm32f4xx_hal_adc_ex.c","42103","6776AA318CA5889260D5D8F5DBAF04799D9FB222039B8DB279A1266CB944529C","6776AA318CA5889260D5D8F5DBAF04799D9FB222039B8DB279A1266CB944529C","MATCH"
"day13\02_STM32_HAL_Led\Drivers\STM32F4xx_HAL_Driver\Src\stm32f4xx_hal_adc.c","projects\08_HAL_AND_FIRMWARE_ARCHITECTURE\stm32-hal-led\course\Drivers\STM32F4xx_HAL_Driver\Src\stm32f4xx_hal_adc.c","78959","A2231324CF79813BC1166802E040320671AA5449145F3395C0621C7796A5D4E6","A2231324CF79813BC1166802E040320671AA5449145F3395C0621C7796A5D4E6","MATCH"
"day13\02_STM32_HAL_Led\Drivers\STM32F4xx_HAL_Driver\Src\stm32f4xx_hal_can.c","projects\08_HAL_AND_FIRMWARE_ARCHITECTURE\stm32-hal-led\course\Drivers\STM32F4xx_HAL_Driver\Src\stm32f4xx_hal_can.c","83709","7163CE36129AE1A5A68C50A6A791775101A12F9ADA86DB991AD9E967BA907BE0","7163CE36129AE1A5A68C50A6A791775101A12F9ADA86DB991AD9E967BA907BE0","MATCH"
"day13\02_STM32_HAL_Led\Drivers\STM32F4xx_HAL_Driver\Src\stm32f4xx_hal_cec.c","projects\08_HAL_AND_FIRMWARE_ARCHITECTURE\stm32-hal-led\course\Drivers\STM32F4xx_HAL_Driver\Src\stm32f4xx_hal_cec.c","32712","90D1434855011BB070A611653CA3420292B73CF8B2718B938B986C22DE50E1C4","90D1434855011BB070A611653CA3420292B73CF8B2718B938B986C22DE50E1C4","MATCH"
"day13\02_STM32_HAL_Led\Drivers\STM32F4xx_HAL_Driver\Src\stm32f4xx_hal_cortex.c","projects\08_HAL_AND_FIRMWARE_ARCHITECTURE\stm32-hal-led\course\Drivers\STM32F4xx_HAL_Driver\Src\stm32f4xx_hal_cortex.c","19301","2CC9C6492C0F4F57E48EEF8C84C42B227914645E0F3E865D104FE329F47BF8BE","2CC9C6492C0F4F57E48EEF8C84C42B227914645E0F3E865D104FE329F47BF8BE","MATCH"
"day13\02_STM32_HAL_Led\Drivers\STM32F4xx_HAL_Driver\Src\stm32f4xx_hal_crc.c","projects\08_HAL_AND_FIRMWARE_ARCHITECTURE\stm32-hal-led\course\Drivers\STM32F4xx_HAL_Driver\Src\stm32f4xx_hal_crc.c","10049","2C1EAC1EA2F80C42C246E1DC5E86D88FB0D40640E3A414FEAFF8BC34D9EACDB8","2C1EAC1EA2F80C42C246E1DC5E86D88FB0D40640E3A414FEAFF8BC34D9EACDB8","MATCH"
"day13\02_STM32_HAL_Led\Drivers\STM32F4xx_HAL_Driver\Src\stm32f4xx_hal_cryp_ex.c","projects\08_HAL_AND_FIRMWARE_ARCHITECTURE\stm32-hal-led\course\Drivers\STM32F4xx_HAL_Driver\Src\stm32f4xx_hal_cryp_ex.c","22400","DE77F3782E7D5846C699A0168259746E37966944E2B172A9E59FD6F9DBABD0D5","DE77F3782E7D5846C699A0168259746E37966944E2B172A9E59FD6F9DBABD0D5","MATCH"
"day13\02_STM32_HAL_Led\Drivers\STM32F4xx_HAL_Driver\Src\stm32f4xx_hal_cryp.c","projects\08_HAL_AND_FIRMWARE_ARCHITECTURE\stm32-hal-led\course\Drivers\STM32F4xx_HAL_Driver\Src\stm32f4xx_hal_cryp.c","241554","90D676440625C16E43754D358D9438E208B575DAE028AF8786B545C6E9A3AAE2","90D676440625C16E43754D358D9438E208B575DAE028AF8786B545C6E9A3AAE2","MATCH"
"day13\02_STM32_HAL_Led\Drivers\STM32F4xx_HAL_Driver\Src\stm32f4xx_hal_dac_ex.c","projects\08_HAL_AND_FIRMWARE_ARCHITECTURE\stm32-hal-led\course\Drivers\STM32F4xx_HAL_Driver\Src\stm32f4xx_hal_dac_ex.c","17673","68D3DADA4DB706D751C999D695B134F9803DF1253D8F4E181D9F3AF8F0D8C9BB","68D3DADA4DB706D751C999D695B134F9803DF1253D8F4E181D9F3AF8F0D8C9BB","MATCH"
"day13\02_STM32_HAL_Led\Drivers\STM32F4xx_HAL_Driver\Src\stm32f4xx_hal_dac.c","projects\08_HAL_AND_FIRMWARE_ARCHITECTURE\stm32-hal-led\course\Drivers\STM32F4xx_HAL_Driver\Src\stm32f4xx_hal_dac.c","48467","DFBB76BBF70F916AD9096EB0FA6049A6989002E2630CF723381820E8F175A63B","DFBB76BBF70F916AD9096EB0FA6049A6989002E2630CF723381820E8F175A63B","MATCH"
"day13\02_STM32_HAL_Led\Drivers\STM32F4xx_HAL_Driver\Src\stm32f4xx_hal_dcmi_ex.c","projects\08_HAL_AND_FIRMWARE_ARCHITECTURE\stm32-hal-led\course\Drivers\STM32F4xx_HAL_Driver\Src\stm32f4xx_hal_dcmi_ex.c","7818","32EF7645FCA88175EFF65824C9DF51A5F2804C7CBA7D383D47718D40084038C2","32EF7645FCA88175EFF65824C9DF51A5F2804C7CBA7D383D47718D40084038C2","MATCH"
"day13\02_STM32_HAL_Led\Drivers\STM32F4xx_HAL_Driver\Src\stm32f4xx_hal_dcmi.c","projects\08_HAL_AND_FIRMWARE_ARCHITECTURE\stm32-hal-led\course\Drivers\STM32F4xx_HAL_Driver\Src\stm32f4xx_hal_dcmi.c","38486","D5E10148FE82CE514F5CDF54F6AB5FD610677E8740320CD3078B8A0C7332C028","D5E10148FE82CE514F5CDF54F6AB5FD610677E8740320CD3078B8A0C7332C028","MATCH"
"day13\02_STM32_HAL_Led\Drivers\STM32F4xx_HAL_Driver\Src\stm32f4xx_hal_dfsdm.c","projects\08_HAL_AND_FIRMWARE_ARCHITECTURE\stm32-hal-led\course\Drivers\STM32F4xx_HAL_Driver\Src\stm32f4xx_hal_dfsdm.c","157050","1C75E0C45A576C96E21C2D0789F3E80CE8F9208539DEAAE6F5C6AF88F9568308","1C75E0C45A576C96E21C2D0789F3E80CE8F9208539DEAAE6F5C6AF88F9568308","MATCH"
"day13\02_STM32_HAL_Led\Drivers\STM32F4xx_HAL_Driver\Src\stm32f4xx_hal_dma_ex.c","projects\08_HAL_AND_FIRMWARE_ARCHITECTURE\stm32-hal-led\course\Drivers\STM32F4xx_HAL_Driver\Src\stm32f4xx_hal_dma_ex.c","10587","000253CEC2E4C9E0678ADD30A7B01F854B27F4271CD3124F43023B993EEC54EA","000253CEC2E4C9E0678ADD30A7B01F854B27F4271CD3124F43023B993EEC54EA","MATCH"
"day13\02_STM32_HAL_Led\Drivers\STM32F4xx_HAL_Driver\Src\stm32f4xx_hal_dma.c","projects\08_HAL_AND_FIRMWARE_ARCHITECTURE\stm32-hal-led\course\Drivers\STM32F4xx_HAL_Driver\Src\stm32f4xx_hal_dma.c","40830","F3DA7DC31942B79A88349C7F7DD38F6B586656B47C6FC78C8283925176368763","F3DA7DC31942B79A88349C7F7DD38F6B586656B47C6FC78C8283925176368763","MATCH"
"day13\02_STM32_HAL_Led\Drivers\STM32F4xx_HAL_Driver\Src\stm32f4xx_hal_dma2d.c","projects\08_HAL_AND_FIRMWARE_ARCHITECTURE\stm32-hal-led\course\Drivers\STM32F4xx_HAL_Driver\Src\stm32f4xx_hal_dma2d.c","75142","1D15AB777E970B14E729369D85C75226D8EF3ADF0ADEEBC41FFFDFE57F02F6E9","1D15AB777E970B14E729369D85C75226D8EF3ADF0ADEEBC41FFFDFE57F02F6E9","MATCH"
"day13\02_STM32_HAL_Led\Drivers\STM32F4xx_HAL_Driver\Src\stm32f4xx_hal_dsi.c","projects\08_HAL_AND_FIRMWARE_ARCHITECTURE\stm32-hal-led\course\Drivers\STM32F4xx_HAL_Driver\Src\stm32f4xx_hal_dsi.c","100896","219EE2528B956B7365C9B4AD3D2ECCA4655B0EC312753271EADB858D78D9B466","219EE2528B956B7365C9B4AD3D2ECCA4655B0EC312753271EADB858D78D9B466","MATCH"
"day13\02_STM32_HAL_Led\Drivers\STM32F4xx_HAL_Driver\Src\stm32f4xx_hal_eth.c","projects\08_HAL_AND_FIRMWARE_ARCHITECTURE\stm32-hal-led\course\Drivers\STM32F4xx_HAL_Driver\Src\stm32f4xx_hal_eth.c","113154","2F22D7844FBF3F0AA2E756DA41D58CD925514BE7E0501D9A24623B5B389DAFBD","2F22D7844FBF3F0AA2E756DA41D58CD925514BE7E0501D9A24623B5B389DAFBD","MATCH"
"day13\02_STM32_HAL_Led\Drivers\STM32F4xx_HAL_Driver\Src\stm32f4xx_hal_exti.c","projects\08_HAL_AND_FIRMWARE_ARCHITECTURE\stm32-hal-led\course\Drivers\STM32F4xx_HAL_Driver\Src\stm32f4xx_hal_exti.c","15475","B06EA7837BAC5A06CAD4627E6048D5D7BF9D6D8BFB66A2F78BFBF526B2E5620F","B06EA7837BAC5A06CAD4627E6048D5D7BF9D6D8BFB66A2F78BFBF526B2E5620F","MATCH"
"day13\02_STM32_HAL_Led\Drivers\STM32F4xx_HAL_Driver\Src\stm32f4xx_hal_flash_ex.c","projects\08_HAL_AND_FIRMWARE_ARCHITECTURE\stm32-hal-led\course\Drivers\STM32F4xx_HAL_Driver\Src\stm32f4xx_hal_flash_ex.c","51251","EC7F19883964D7FED5005E24611DB97D5AD2DBDC5B63851E2587533E72CB632A","EC7F19883964D7FED5005E24611DB97D5AD2DBDC5B63851E2587533E72CB632A","MATCH"
"day13\02_STM32_HAL_Led\Drivers\STM32F4xx_HAL_Driver\Src\stm32f4xx_hal_flash_ramfunc.c","projects\08_HAL_AND_FIRMWARE_ARCHITECTURE\stm32-hal-led\course\Drivers\STM32F4xx_HAL_Driver\Src\stm32f4xx_hal_flash_ramfunc.c","6199","2C33420EAB6AED3919241162D10B8AE21EC062D2904A4CEB7F9FBDCEFABED147","2C33420EAB6AED3919241162D10B8AE21EC062D2904A4CEB7F9FBDCEFABED147","MATCH"
"day13\02_STM32_HAL_Led\Drivers\STM32F4xx_HAL_Driver\Src\stm32f4xx_hal_flash.c","projects\08_HAL_AND_FIRMWARE_ARCHITECTURE\stm32-hal-led\course\Drivers\STM32F4xx_HAL_Driver\Src\stm32f4xx_hal_flash.c","24788","05DE175A6754EBF6CAF91651DE750EE8CF05FE0549ADC5E0573050B0F855D4EA","05DE175A6754EBF6CAF91651DE750EE8CF05FE0549ADC5E0573050B0F855D4EA","MATCH"
"day13\02_STM32_HAL_Led\Drivers\STM32F4xx_HAL_Driver\Src\stm32f4xx_hal_fmpi2c_ex.c","projects\08_HAL_AND_FIRMWARE_ARCHITECTURE\stm32-hal-led\course\Drivers\STM32F4xx_HAL_Driver\Src\stm32f4xx_hal_fmpi2c_ex.c","8663","DA4D5A8630AB7B8AE96A824EC5D58EFA55F513C4F4C7F65842D84864031212B0","DA4D5A8630AB7B8AE96A824EC5D58EFA55F513C4F4C7F65842D84864031212B0","MATCH"
"day13\02_STM32_HAL_Led\Drivers\STM32F4xx_HAL_Driver\Src\stm32f4xx_hal_fmpi2c.c","projects\08_HAL_AND_FIRMWARE_ARCHITECTURE\stm32-hal-led\course\Drivers\STM32F4xx_HAL_Driver\Src\stm32f4xx_hal_fmpi2c.c","267050","5E36E1218FD3F5D404DE5B20B9130EBE483DD9D10F5CE6BAC060CC0FC93C9739","5E36E1218FD3F5D404DE5B20B9130EBE483DD9D10F5CE6BAC060CC0FC93C9739","MATCH"
"day13\02_STM32_HAL_Led\Drivers\STM32F4xx_HAL_Driver\Src\stm32f4xx_hal_fmpsmbus_ex.c","projects\08_HAL_AND_FIRMWARE_ARCHITECTURE\stm32-hal-led\course\Drivers\STM32F4xx_HAL_Driver\Src\stm32f4xx_hal_fmpsmbus_ex.c","5260","B525A1F8CFF0DE575F8DAD4CF0BAF7D85B095DFBDEAEDB016D5EA92D4F07D121","B525A1F8CFF0DE575F8DAD4CF0BAF7D85B095DFBDEAEDB016D5EA92D4F07D121","MATCH"
"day13\02_STM32_HAL_Led\Drivers\STM32F4xx_HAL_Driver\Src\stm32f4xx_hal_fmpsmbus.c","projects\08_HAL_AND_FIRMWARE_ARCHITECTURE\stm32-hal-led\course\Drivers\STM32F4xx_HAL_Driver\Src\stm32f4xx_hal_fmpsmbus.c","106434","714DDCB41C96A48EC7B6C657C1F4A1C5FA3EF32930392DEE965EA2F8B48F74B5","714DDCB41C96A48EC7B6C657C1F4A1C5FA3EF32930392DEE965EA2F8B48F74B5","MATCH"
"day13\02_STM32_HAL_Led\Drivers\STM32F4xx_HAL_Driver\Src\stm32f4xx_hal_gpio.c","projects\08_HAL_AND_FIRMWARE_ARCHITECTURE\stm32-hal-led\course\Drivers\STM32F4xx_HAL_Driver\Src\stm32f4xx_hal_gpio.c","19377","72D8F3CB23A396CDBF9183C5CEA2A0C00CFA0336DEF3736652480C4491F38788","72D8F3CB23A396CDBF9183C5CEA2A0C00CFA0336DEF3736652480C4491F38788","MATCH"
"day13\02_STM32_HAL_Led\Drivers\STM32F4xx_HAL_Driver\Src\stm32f4xx_hal_hash_ex.c","projects\08_HAL_AND_FIRMWARE_ARCHITECTURE\stm32-hal-led\course\Drivers\STM32F4xx_HAL_Driver\Src\stm32f4xx_hal_hash_ex.c","49384","65E62021AD00FD1C0C3FCD77B5A09A2CEA5F2C70CB69618D4EDF10CBB689E639","65E62021AD00FD1C0C3FCD77B5A09A2CEA5F2C70CB69618D4EDF10CBB689E639","MATCH"
"day13\02_STM32_HAL_Led\Drivers\STM32F4xx_HAL_Driver\Src\stm32f4xx_hal_hash.c","projects\08_HAL_AND_FIRMWARE_ARCHITECTURE\stm32-hal-led\course\Drivers\STM32F4xx_HAL_Driver\Src\stm32f4xx_hal_hash.c","135481","A5E5CBC0375E0BE4032C571775A8BB0BF2C42DD0C1E79F2892F5DD2DAEF9E2F5","A5E5CBC0375E0BE4032C571775A8BB0BF2C42DD0C1E79F2892F5DD2DAEF9E2F5","MATCH"
"day13\02_STM32_HAL_Led\Drivers\STM32F4xx_HAL_Driver\Src\stm32f4xx_hal_hcd.c","projects\08_HAL_AND_FIRMWARE_ARCHITECTURE\stm32-hal-led\course\Drivers\STM32F4xx_HAL_Driver\Src\stm32f4xx_hal_hcd.c","56818","746787DE8825DFEF6260885F427A373B3D8B6A6494DFEE02DBCA6039CC691859","746787DE8825DFEF6260885F427A373B3D8B6A6494DFEE02DBCA6039CC691859","MATCH"
"day13\02_STM32_HAL_Led\Drivers\STM32F4xx_HAL_Driver\Src\stm32f4xx_hal_i2c_ex.c","projects\08_HAL_AND_FIRMWARE_ARCHITECTURE\stm32-hal-led\course\Drivers\STM32F4xx_HAL_Driver\Src\stm32f4xx_hal_i2c_ex.c","5532","6F0863AAF210E9F446F194C34035B59B7DE4AD617743E7E94A0F7A4232C96596","6F0863AAF210E9F446F194C34035B59B7DE4AD617743E7E94A0F7A4232C96596","MATCH"
"day13\02_STM32_HAL_Led\Drivers\STM32F4xx_HAL_Driver\Src\stm32f4xx_hal_i2c.c","projects\08_HAL_AND_FIRMWARE_ARCHITECTURE\stm32-hal-led\course\Drivers\STM32F4xx_HAL_Driver\Src\stm32f4xx_hal_i2c.c","249006","E6EEB00C216BF706C5806938C663DF78ADCBE15928A4B6D8F0D81CC5B633F9C6","E6EEB00C216BF706C5806938C663DF78ADCBE15928A4B6D8F0D81CC5B633F9C6","MATCH"
"day13\02_STM32_HAL_Led\Drivers\STM32F4xx_HAL_Driver\Src\stm32f4xx_hal_i2s_ex.c","projects\08_HAL_AND_FIRMWARE_ARCHITECTURE\stm32-hal-led\course\Drivers\STM32F4xx_HAL_Driver\Src\stm32f4xx_hal_i2s_ex.c","39769","2FD455100D485807501C5869A8FB072B45C1B7A6AF9FCC1ABCD4D9CD1422159A","2FD455100D485807501C5869A8FB072B45C1B7A6AF9FCC1ABCD4D9CD1422159A","MATCH"
"day13\02_STM32_HAL_Led\Drivers\STM32F4xx_HAL_Driver\Src\stm32f4xx_hal_i2s.c","projects\08_HAL_AND_FIRMWARE_ARCHITECTURE\stm32-hal-led\course\Drivers\STM32F4xx_HAL_Driver\Src\stm32f4xx_hal_i2s.c","71792","3AA8E1418320695BB2EAA27AFA2AB8533E6FEFA0B5D7446514CAFF7DDA8D34D7","3AA8E1418320695BB2EAA27AFA2AB8533E6FEFA0B5D7446514CAFF7DDA8D34D7","MATCH"
"day13\02_STM32_HAL_Led\Drivers\STM32F4xx_HAL_Driver\Src\stm32f4xx_hal_irda.c","projects\08_HAL_AND_FIRMWARE_ARCHITECTURE\stm32-hal-led\course\Drivers\STM32F4xx_HAL_Driver\Src\stm32f4xx_hal_irda.c","98107","E47DE8D2AB42C0943928E1B208EE0C839B8E5F2263A895DCAEE4B343EC906B0E","E47DE8D2AB42C0943928E1B208EE0C839B8E5F2263A895DCAEE4B343EC906B0E","MATCH"
"day13\02_STM32_HAL_Led\Drivers\STM32F4xx_HAL_Driver\Src\stm32f4xx_hal_iwdg.c","projects\08_HAL_AND_FIRMWARE_ARCHITECTURE\stm32-hal-led\course\Drivers\STM32F4xx_HAL_Driver\Src\stm32f4xx_hal_iwdg.c","9925","CF833CDA66E6FC3521DD5D73584340F491DA8C6E90AAC2DC433D2485B6979B4A","CF833CDA66E6FC3521DD5D73584340F491DA8C6E90AAC2DC433D2485B6979B4A","MATCH"
"day13\02_STM32_HAL_Led\Drivers\STM32F4xx_HAL_Driver\Src\stm32f4xx_hal_lptim.c","projects\08_HAL_AND_FIRMWARE_ARCHITECTURE\stm32-hal-led\course\Drivers\STM32F4xx_HAL_Driver\Src\stm32f4xx_hal_lptim.c","77662","397D1F8EF2878C0635C808FAC49A3BE64378F23A0720C973AFB3DF23699A861A","397D1F8EF2878C0635C808FAC49A3BE64378F23A0720C973AFB3DF23699A861A","MATCH"
"day13\02_STM32_HAL_Led\Drivers\STM32F4xx_HAL_Driver\Src\stm32f4xx_hal_ltdc_ex.c","projects\08_HAL_AND_FIRMWARE_ARCHITECTURE\stm32-hal-led\course\Drivers\STM32F4xx_HAL_Driver\Src\stm32f4xx_hal_ltdc_ex.c","6388","8C3D5122DE21522FD75311DA405A64DEB7004D9F7BD424BF1CE96847E21FCE80","8C3D5122DE21522FD75311DA405A64DEB7004D9F7BD424BF1CE96847E21FCE80","MATCH"
"day13\02_STM32_HAL_Led\Drivers\STM32F4xx_HAL_Driver\Src\stm32f4xx_hal_ltdc.c","projects\08_HAL_AND_FIRMWARE_ARCHITECTURE\stm32-hal-led\course\Drivers\STM32F4xx_HAL_Driver\Src\stm32f4xx_hal_ltdc.c","74489","2E2AE77F40B2F6CA7B80BE8A37A64A8FCF6D1D41FEC768EFF8330EDB8F5E8D47","2E2AE77F40B2F6CA7B80BE8A37A64A8FCF6D1D41FEC768EFF8330EDB8F5E8D47","MATCH"
"day13\02_STM32_HAL_Led\Drivers\STM32F4xx_HAL_Driver\Src\stm32f4xx_hal_mmc.c","projects\08_HAL_AND_FIRMWARE_ARCHITECTURE\stm32-hal-led\course\Drivers\STM32F4xx_HAL_Driver\Src\stm32f4xx_hal_mmc.c","104778","4B575D83DBFCA1FAD8B85B974FA8983D321F13BEAC99D7B435F3A5C3466D44DC","4B575D83DBFCA1FAD8B85B974FA8983D321F13BEAC99D7B435F3A5C3466D44DC","MATCH"
"day13\02_STM32_HAL_Led\Drivers\STM32F4xx_HAL_Driver\Src\stm32f4xx_hal_msp_template.c","projects\08_HAL_AND_FIRMWARE_ARCHITECTURE\stm32-hal-led\course\Drivers\STM32F4xx_HAL_Driver\Src\stm32f4xx_hal_msp_template.c","2839","1D82DA73DD6218AC374121333CE51E40517E79DF0A91FA6237AB7F8FE2BE395B","1D82DA73DD6218AC374121333CE51E40517E79DF0A91FA6237AB7F8FE2BE395B","MATCH"
"day13\02_STM32_HAL_Led\Drivers\STM32F4xx_HAL_Driver\Src\stm32f4xx_hal_nand.c","projects\08_HAL_AND_FIRMWARE_ARCHITECTURE\stm32-hal-led\course\Drivers\STM32F4xx_HAL_Driver\Src\stm32f4xx_hal_nand.c","78663","2BB3B93EDB2DB42CD150B8BECE59346C66798712277FE09AA6AA8CEE400B9218","2BB3B93EDB2DB42CD150B8BECE59346C66798712277FE09AA6AA8CEE400B9218","MATCH"
"day13\02_STM32_HAL_Led\Drivers\STM32F4xx_HAL_Driver\Src\stm32f4xx_hal_nor.c","projects\08_HAL_AND_FIRMWARE_ARCHITECTURE\stm32-hal-led\course\Drivers\STM32F4xx_HAL_Driver\Src\stm32f4xx_hal_nor.c","52883","BF75E672D94D751E34FCA932C951C44B92E40C87BC3EB4EB5F9922FCC6B20DB3","BF75E672D94D751E34FCA932C951C44B92E40C87BC3EB4EB5F9922FCC6B20DB3","MATCH"
"day13\02_STM32_HAL_Led\Drivers\STM32F4xx_HAL_Driver\Src\stm32f4xx_hal_pccard.c","projects\08_HAL_AND_FIRMWARE_ARCHITECTURE\stm32-hal-led\course\Drivers\STM32F4xx_HAL_Driver\Src\stm32f4xx_hal_pccard.c","30806","3A8B31786DCA373BA11998345D8F70DB38A1E9D0216D1B1559030E124B8137DB","3A8B31786DCA373BA11998345D8F70DB38A1E9D0216D1B1559030E124B8137DB","MATCH"
"day13\02_STM32_HAL_Led\Drivers\STM32F4xx_HAL_Driver\Src\stm32f4xx_hal_pcd_ex.c","projects\08_HAL_AND_FIRMWARE_ARCHITECTURE\stm32-hal-led\course\Drivers\STM32F4xx_HAL_Driver\Src\stm32f4xx_hal_pcd_ex.c","10758","B338F70D036CC1CAB081E8D1D7D93FC4D568E402A82B02A91C71DDCDA1726CB1","B338F70D036CC1CAB081E8D1D7D93FC4D568E402A82B02A91C71DDCDA1726CB1","MATCH"
"day13\02_STM32_HAL_Led\Drivers\STM32F4xx_HAL_Driver\Src\stm32f4xx_hal_pcd.c","projects\08_HAL_AND_FIRMWARE_ARCHITECTURE\stm32-hal-led\course\Drivers\STM32F4xx_HAL_Driver\Src\stm32f4xx_hal_pcd.c","66218","07CD31E1B00B6D742AD605F482CC58350C8690DED7CA2A21B52A05E929F0EBCC","07CD31E1B00B6D742AD605F482CC58350C8690DED7CA2A21B52A05E929F0EBCC","MATCH"
"day13\02_STM32_HAL_Led\Drivers\STM32F4xx_HAL_Driver\Src\stm32f4xx_hal_pwr_ex.c","projects\08_HAL_AND_FIRMWARE_ARCHITECTURE\stm32-hal-led\course\Drivers\STM32F4xx_HAL_Driver\Src\stm32f4xx_hal_pwr_ex.c","23373","FC8A26AD3A0F8359817C1B08C68AF50B9F7905A69C44E4599225EAA53A66E856","FC8A26AD3A0F8359817C1B08C68AF50B9F7905A69C44E4599225EAA53A66E856","MATCH"
"day13\02_STM32_HAL_Led\Drivers\STM32F4xx_HAL_Driver\Src\stm32f4xx_hal_pwr.c","projects\08_HAL_AND_FIRMWARE_ARCHITECTURE\stm32-hal-led\course\Drivers\STM32F4xx_HAL_Driver\Src\stm32f4xx_hal_pwr.c","22582","89EA9BA1D4D0D40B21A7094935BFB8CE2A9B90DF4D742F5D04A51E1D7BBC8D68","89EA9BA1D4D0D40B21A7094935BFB8CE2A9B90DF4D742F5D04A51E1D7BBC8D68","MATCH"
"day13\02_STM32_HAL_Led\Drivers\STM32F4xx_HAL_Driver\Src\stm32f4xx_hal_qspi.c","projects\08_HAL_AND_FIRMWARE_ARCHITECTURE\stm32-hal-led\course\Drivers\STM32F4xx_HAL_Driver\Src\stm32f4xx_hal_qspi.c","98781","99240C1CC0CD48535F211E2A4E501B450DEB898064A53F96076F5598CCF8C886","99240C1CC0CD48535F211E2A4E501B450DEB898064A53F96076F5598CCF8C886","MATCH"
"day13\02_STM32_HAL_Led\Drivers\STM32F4xx_HAL_Driver\Src\stm32f4xx_hal_rcc_ex.c","projects\08_HAL_AND_FIRMWARE_ARCHITECTURE\stm32-hal-led\course\Drivers\STM32F4xx_HAL_Driver\Src\stm32f4xx_hal_rcc_ex.c","159466","6B284323FFD5286E10B90DD7E2D9E8A0D222C43A966D636A1D5ED47B19CCD07B","6B284323FFD5286E10B90DD7E2D9E8A0D222C43A966D636A1D5ED47B19CCD07B","MATCH"
"day13\02_STM32_HAL_Led\Drivers\STM32F4xx_HAL_Driver\Src\stm32f4xx_hal_rcc.c","projects\08_HAL_AND_FIRMWARE_ARCHITECTURE\stm32-hal-led\course\Drivers\STM32F4xx_HAL_Driver\Src\stm32f4xx_hal_rcc.c","43467","08B83E2E595AB1835BBDB50DF69418A71C63C3C9D5F7C993F1775FA33C5BFE25","08B83E2E595AB1835BBDB50DF69418A71C63C3C9D5F7C993F1775FA33C5BFE25","MATCH"
"day13\02_STM32_HAL_Led\Drivers\STM32F4xx_HAL_Driver\Src\stm32f4xx_hal_rng.c","projects\08_HAL_AND_FIRMWARE_ARCHITECTURE\stm32-hal-led\course\Drivers\STM32F4xx_HAL_Driver\Src\stm32f4xx_hal_rng.c","26516","4FED6DBDF9A39FF592A4A333E5E1C51CA198B11F6DC1AF1CF8FE1B16609F2BA6","4FED6DBDF9A39FF592A4A333E5E1C51CA198B11F6DC1AF1CF8FE1B16609F2BA6","MATCH"
"day13\02_STM32_HAL_Led\Drivers\STM32F4xx_HAL_Driver\Src\stm32f4xx_hal_rtc_ex.c","projects\08_HAL_AND_FIRMWARE_ARCHITECTURE\stm32-hal-led\course\Drivers\STM32F4xx_HAL_Driver\Src\stm32f4xx_hal_rtc_ex.c","62318","4136F0D9F1DD6F78F25B4D3BFD5D1B5C549CC685C5E0A8548D5995BD4EAC7361","4136F0D9F1DD6F78F25B4D3BFD5D1B5C549CC685C5E0A8548D5995BD4EAC7361","MATCH"
"day13\02_STM32_HAL_Led\Drivers\STM32F4xx_HAL_Driver\Src\stm32f4xx_hal_rtc.c","projects\08_HAL_AND_FIRMWARE_ARCHITECTURE\stm32-hal-led\course\Drivers\STM32F4xx_HAL_Driver\Src\stm32f4xx_hal_rtc.c","68957","C9458CD90FF58D8BDFAE85485D4E14190DE9C4A6C80EFE34489CD3F25A28C50B","C9458CD90FF58D8BDFAE85485D4E14190DE9C4A6C80EFE34489CD3F25A28C50B","MATCH"
"day13\02_STM32_HAL_Led\Drivers\STM32F4xx_HAL_Driver\Src\stm32f4xx_hal_sai_ex.c","projects\08_HAL_AND_FIRMWARE_ARCHITECTURE\stm32-hal-led\course\Drivers\STM32F4xx_HAL_Driver\Src\stm32f4xx_hal_sai_ex.c","10961","41DE86DDB2D9770194B7696E078B538F52C19E2014846CF3069C22360AF53FC4","41DE86DDB2D9770194B7696E078B538F52C19E2014846CF3069C22360AF53FC4","MATCH"
"day13\02_STM32_HAL_Led\Drivers\STM32F4xx_HAL_Driver\Src\stm32f4xx_hal_sai.c","projects\08_HAL_AND_FIRMWARE_ARCHITECTURE\stm32-hal-led\course\Drivers\STM32F4xx_HAL_Driver\Src\stm32f4xx_hal_sai.c","84130","E62A3742E6921619B300F74B6EEC3F76F808FC5BCCA45FCEA3BEC886754E1A02","E62A3742E6921619B300F74B6EEC3F76F808FC5BCCA45FCEA3BEC886754E1A02","MATCH"
"day13\02_STM32_HAL_Led\Drivers\STM32F4xx_HAL_Driver\Src\stm32f4xx_hal_sd.c","projects\08_HAL_AND_FIRMWARE_ARCHITECTURE\stm32-hal-led\course\Drivers\STM32F4xx_HAL_Driver\Src\stm32f4xx_hal_sd.c","105612","AA9267BC610980FA4AA32349BBEF9A1D01E720F01D5304D027FD7A8D40929F96","AA9267BC610980FA4AA32349BBEF9A1D01E720F01D5304D027FD7A8D40929F96","MATCH"
"day13\02_STM32_HAL_Led\Drivers\STM32F4xx_HAL_Driver\Src\stm32f4xx_hal_sdram.c","projects\08_HAL_AND_FIRMWARE_ARCHITECTURE\stm32-hal-led\course\Drivers\STM32F4xx_HAL_Driver\Src\stm32f4xx_hal_sdram.c","40828","461ED6DADBE0221DCE27341E7FE75D0B91012FC371F5B0FE3C3EB2D322B4092B","461ED6DADBE0221DCE27341E7FE75D0B91012FC371F5B0FE3C3EB2D322B4092B","MATCH"
"day13\02_STM32_HAL_Led\Drivers\STM32F4xx_HAL_Driver\Src\stm32f4xx_hal_smartcard.c","projects\08_HAL_AND_FIRMWARE_ARCHITECTURE\stm32-hal-led\course\Drivers\STM32F4xx_HAL_Driver\Src\stm32f4xx_hal_smartcard.c","87397","FB4855DF8BB3B2E2CA44DAD0F7E4184E2FB056DECF68D07552531111BE6B3168","FB4855DF8BB3B2E2CA44DAD0F7E4184E2FB056DECF68D07552531111BE6B3168","MATCH"
"day13\02_STM32_HAL_Led\Drivers\STM32F4xx_HAL_Driver\Src\stm32f4xx_hal_smbus.c","projects\08_HAL_AND_FIRMWARE_ARCHITECTURE\stm32-hal-led\course\Drivers\STM32F4xx_HAL_Driver\Src\stm32f4xx_hal_smbus.c","98656","B74F9E2669B8FCFE1BE06F21F423E58FBFBB6D957672B215FAB1C4DDB4568AD7","B74F9E2669B8FCFE1BE06F21F423E58FBFBB6D957672B215FAB1C4DDB4568AD7","MATCH"
"day13\02_STM32_HAL_Led\Drivers\STM32F4xx_HAL_Driver\Src\stm32f4xx_hal_spdifrx.c","projects\08_HAL_AND_FIRMWARE_ARCHITECTURE\stm32-hal-led\course\Drivers\STM32F4xx_HAL_Driver\Src\stm32f4xx_hal_spdifrx.c","55092","D6265A74FF0645C15AE1B8C03C4B52F37D17610ED3FB5D64746FD20CEB0084B2","D6265A74FF0645C15AE1B8C03C4B52F37D17610ED3FB5D64746FD20CEB0084B2","MATCH"
"day13\02_STM32_HAL_Led\Drivers\STM32F4xx_HAL_Driver\Src\stm32f4xx_hal_spi.c","projects\08_HAL_AND_FIRMWARE_ARCHITECTURE\stm32-hal-led\course\Drivers\STM32F4xx_HAL_Driver\Src\stm32f4xx_hal_spi.c","128958","B1E6D47768F30264A7B1C7728F2C10FAC6999DF377C58723790DB39A8A2F420A","B1E6D47768F30264A7B1C7728F2C10FAC6999DF377C58723790DB39A8A2F420A","MATCH"
"day13\02_STM32_HAL_Led\Drivers\STM32F4xx_HAL_Driver\Src\stm32f4xx_hal_sram.c","projects\08_HAL_AND_FIRMWARE_ARCHITECTURE\stm32-hal-led\course\Drivers\STM32F4xx_HAL_Driver\Src\stm32f4xx_hal_sram.c","34729","2685A4D9F71DF559AFFD87568732895DAB0B7AEDCA7BFA9C30658397B69389F6","2685A4D9F71DF559AFFD87568732895DAB0B7AEDCA7BFA9C30658397B69389F6","MATCH"
"day13\02_STM32_HAL_Led\Drivers\STM32F4xx_HAL_Driver\Src\stm32f4xx_hal_tim_ex.c","projects\08_HAL_AND_FIRMWARE_ARCHITECTURE\stm32-hal-led\course\Drivers\STM32F4xx_HAL_Driver\Src\stm32f4xx_hal_tim_ex.c","84008","B3F85B80ECCC5B00F5DF119711C5DC8B93F7D297490A951AA600A971D28D6F6E","B3F85B80ECCC5B00F5DF119711C5DC8B93F7D297490A951AA600A971D28D6F6E","MATCH"
"day13\02_STM32_HAL_Led\Drivers\STM32F4xx_HAL_Driver\Src\stm32f4xx_hal_tim.c","projects\08_HAL_AND_FIRMWARE_ARCHITECTURE\stm32-hal-led\course\Drivers\STM32F4xx_HAL_Driver\Src\stm32f4xx_hal_tim.c","251804","7DC188B13A858B671B79684859AE6A5C6CF7716A9591744818209E6679E4A5CF","7DC188B13A858B671B79684859AE6A5C6CF7716A9591744818209E6679E4A5CF","MATCH"
"day13\02_STM32_HAL_Led\Drivers\STM32F4xx_HAL_Driver\Src\stm32f4xx_hal_timebase_rtc_alarm_template.c","projects\08_HAL_AND_FIRMWARE_ARCHITECTURE\stm32-hal-led\course\Drivers\STM32F4xx_HAL_Driver\Src\stm32f4xx_hal_timebase_rtc_alarm_template.c","11355","06F986F2C448BBB3FF5F916F5DA6BB5AB3BC0D9C8ECBFD724D19C3F5EEAE807F","06F986F2C448BBB3FF5F916F5DA6BB5AB3BC0D9C8ECBFD724D19C3F5EEAE807F","MATCH"
"day13\02_STM32_HAL_Led\Drivers\STM32F4xx_HAL_Driver\Src\stm32f4xx_hal_timebase_rtc_wakeup_template.c","projects\08_HAL_AND_FIRMWARE_ARCHITECTURE\stm32-hal-led\course\Drivers\STM32F4xx_HAL_Driver\Src\stm32f4xx_hal_timebase_rtc_wakeup_template.c","10926","7BE51DAAD4AA2567911D6D06608CC11DADDAA378870CCAFAE3B549FC06C7DCC1","7BE51DAAD4AA2567911D6D06608CC11DADDAA378870CCAFAE3B549FC06C7DCC1","MATCH"
"day13\02_STM32_HAL_Led\Drivers\STM32F4xx_HAL_Driver\Src\stm32f4xx_hal_timebase_tim_template.c","projects\08_HAL_AND_FIRMWARE_ARCHITECTURE\stm32-hal-led\course\Drivers\STM32F4xx_HAL_Driver\Src\stm32f4xx_hal_timebase_tim_template.c","5486","9ADEBE0CB8D2DAF8E85B6AF1329679014179BD1705C587B4808C1FA415CE4B38","9ADEBE0CB8D2DAF8E85B6AF1329679014179BD1705C587B4808C1FA415CE4B38","MATCH"
"day13\02_STM32_HAL_Led\Drivers\STM32F4xx_HAL_Driver\Src\stm32f4xx_hal_uart.c","projects\08_HAL_AND_FIRMWARE_ARCHITECTURE\stm32-hal-led\course\Drivers\STM32F4xx_HAL_Driver\Src\stm32f4xx_hal_uart.c","139424","9F59720F39849977A09570260EDFD63F089C8F723D836E4BBF8B7769D8A91C1D","9F59720F39849977A09570260EDFD63F089C8F723D836E4BBF8B7769D8A91C1D","MATCH"
"day13\02_STM32_HAL_Led\Drivers\STM32F4xx_HAL_Driver\Src\stm32f4xx_hal_usart.c","projects\08_HAL_AND_FIRMWARE_ARCHITECTURE\stm32-hal-led\course\Drivers\STM32F4xx_HAL_Driver\Src\stm32f4xx_hal_usart.c","104549","B1B3D4B9EC5CFA9E4FF9E90BCBDD29A9C2DC7758DC32A9CDF61CB91717337F78","B1B3D4B9EC5CFA9E4FF9E90BCBDD29A9C2DC7758DC32A9CDF61CB91717337F78","MATCH"
"day13\02_STM32_HAL_Led\Drivers\STM32F4xx_HAL_Driver\Src\stm32f4xx_hal_wwdg.c","projects\08_HAL_AND_FIRMWARE_ARCHITECTURE\stm32-hal-led\course\Drivers\STM32F4xx_HAL_Driver\Src\stm32f4xx_hal_wwdg.c","15724","CBF0344B9569CE22BED72997274763D9384FA5F89E70B9A6AEC38A1C59B03A03","CBF0344B9569CE22BED72997274763D9384FA5F89E70B9A6AEC38A1C59B03A03","MATCH"
"day13\02_STM32_HAL_Led\Drivers\STM32F4xx_HAL_Driver\Src\stm32f4xx_hal.c","projects\08_HAL_AND_FIRMWARE_ARCHITECTURE\stm32-hal-led\course\Drivers\STM32F4xx_HAL_Driver\Src\stm32f4xx_hal.c","19804","51494455BC1C0E6F8A1529F2C9620DB73BF24758AF4523B2B71A8AB494FD406C","51494455BC1C0E6F8A1529F2C9620DB73BF24758AF4523B2B71A8AB494FD406C","MATCH"
"day13\02_STM32_HAL_Led\Drivers\STM32F4xx_HAL_Driver\Src\stm32f4xx_ll_adc.c","projects\08_HAL_AND_FIRMWARE_ARCHITECTURE\stm32-hal-led\course\Drivers\STM32F4xx_HAL_Driver\Src\stm32f4xx_ll_adc.c","43626","767FE798F30CB2C8739E2B6F91379C318ABB2889CEE0D81EBF977807DBDBF5D6","767FE798F30CB2C8739E2B6F91379C318ABB2889CEE0D81EBF977807DBDBF5D6","MATCH"
"day13\02_STM32_HAL_Led\Drivers\STM32F4xx_HAL_Driver\Src\stm32f4xx_ll_crc.c","projects\08_HAL_AND_FIRMWARE_ARCHITECTURE\stm32-hal-led\course\Drivers\STM32F4xx_HAL_Driver\Src\stm32f4xx_ll_crc.c","2569","5985788061546FC652E79A0B89BCD5B0D73538B319DBFB83078910F552CDDCCF","5985788061546FC652E79A0B89BCD5B0D73538B319DBFB83078910F552CDDCCF","MATCH"
"day13\02_STM32_HAL_Led\Drivers\STM32F4xx_HAL_Driver\Src\stm32f4xx_ll_dac.c","projects\08_HAL_AND_FIRMWARE_ARCHITECTURE\stm32-hal-led\course\Drivers\STM32F4xx_HAL_Driver\Src\stm32f4xx_ll_dac.c","12358","6673177F62CA9C0105A370ED07D21BE4E70C0487EECB78854832766F9B42EDFE","6673177F62CA9C0105A370ED07D21BE4E70C0487EECB78854832766F9B42EDFE","MATCH"
"day13\02_STM32_HAL_Led\Drivers\STM32F4xx_HAL_Driver\Src\stm32f4xx_ll_dma.c","projects\08_HAL_AND_FIRMWARE_ARCHITECTURE\stm32-hal-led\course\Drivers\STM32F4xx_HAL_Driver\Src\stm32f4xx_ll_dma.c","18386","8D76D27CB96AF7CC8C17B6B6DE2E437AB3CE6ADD22F76B74A322C387BDE86B21","8D76D27CB96AF7CC8C17B6B6DE2E437AB3CE6ADD22F76B74A322C387BDE86B21","MATCH"
"day13\02_STM32_HAL_Led\Drivers\STM32F4xx_HAL_Driver\Src\stm32f4xx_ll_dma2d.c","projects\08_HAL_AND_FIRMWARE_ARCHITECTURE\stm32-hal-led\course\Drivers\STM32F4xx_HAL_Driver\Src\stm32f4xx_ll_dma2d.c","23595","0131BEE90D734B8A70D9FED6D7E166FAEA00BC22C3F25018275EBE4DB19E3D10","0131BEE90D734B8A70D9FED6D7E166FAEA00BC22C3F25018275EBE4DB19E3D10","MATCH"
"day13\02_STM32_HAL_Led\Drivers\STM32F4xx_HAL_Driver\Src\stm32f4xx_ll_exti.c","projects\08_HAL_AND_FIRMWARE_ARCHITECTURE\stm32-hal-led\course\Drivers\STM32F4xx_HAL_Driver\Src\stm32f4xx_ll_exti.c","7303","E6859D8307A83C9EF835FFBF783CAC4520E1901ACF1C4D50C6D7F72726D91F7F","E6859D8307A83C9EF835FFBF783CAC4520E1901ACF1C4D50C6D7F72726D91F7F","MATCH"
"day13\02_STM32_HAL_Led\Drivers\STM32F4xx_HAL_Driver\Src\stm32f4xx_ll_fmc.c","projects\08_HAL_AND_FIRMWARE_ARCHITECTURE\stm32-hal-led\course\Drivers\STM32F4xx_HAL_Driver\Src\stm32f4xx_ll_fmc.c","57327","6950338AF749E4F8C9018BEE1C7C9FE569098134E5AAE598E5126B338ACC9523","6950338AF749E4F8C9018BEE1C7C9FE569098134E5AAE598E5126B338ACC9523","MATCH"
"day13\02_STM32_HAL_Led\Drivers\STM32F4xx_HAL_Driver\Src\stm32f4xx_ll_fmpi2c.c","projects\08_HAL_AND_FIRMWARE_ARCHITECTURE\stm32-hal-led\course\Drivers\STM32F4xx_HAL_Driver\Src\stm32f4xx_ll_fmpi2c.c","7965","DDF0A0298EEB134AA6D945B0522D9FC63FF440A4BB82A9B5CE53BA4DD28946AC","DDF0A0298EEB134AA6D945B0522D9FC63FF440A4BB82A9B5CE53BA4DD28946AC","MATCH"
"day13\02_STM32_HAL_Led\Drivers\STM32F4xx_HAL_Driver\Src\stm32f4xx_ll_fsmc.c","projects\08_HAL_AND_FIRMWARE_ARCHITECTURE\stm32-hal-led\course\Drivers\STM32F4xx_HAL_Driver\Src\stm32f4xx_ll_fsmc.c","41152","651ADC06267D156D832CE59A25D1820E647692789AF7FDC5247C933DD6F5DC85","651ADC06267D156D832CE59A25D1820E647692789AF7FDC5247C933DD6F5DC85","MATCH"
"day13\02_STM32_HAL_Led\Drivers\STM32F4xx_HAL_Driver\Src\stm32f4xx_ll_gpio.c","projects\08_HAL_AND_FIRMWARE_ARCHITECTURE\stm32-hal-led\course\Drivers\STM32F4xx_HAL_Driver\Src\stm32f4xx_ll_gpio.c","10910","2976C9C6B84CC3E4BB84722B848CA12E6B864104DE2B46873BDA8A73060F1398","2976C9C6B84CC3E4BB84722B848CA12E6B864104DE2B46873BDA8A73060F1398","MATCH"
"day13\02_STM32_HAL_Led\Drivers\STM32F4xx_HAL_Driver\Src\stm32f4xx_ll_i2c.c","projects\08_HAL_AND_FIRMWARE_ARCHITECTURE\stm32-hal-led\course\Drivers\STM32F4xx_HAL_Driver\Src\stm32f4xx_ll_i2c.c","8731","17C77CBC50C995BA2E86CA8C82DFF33414EC04ADB8E1DF8EED20D5347D191698","17C77CBC50C995BA2E86CA8C82DFF33414EC04ADB8E1DF8EED20D5347D191698","MATCH"
"day13\02_STM32_HAL_Led\Drivers\STM32F4xx_HAL_Driver\Src\stm32f4xx_ll_lptim.c","projects\08_HAL_AND_FIRMWARE_ARCHITECTURE\stm32-hal-led\course\Drivers\STM32F4xx_HAL_Driver\Src\stm32f4xx_ll_lptim.c","9596","7245CB091F4F729B4D4C12FD1D904E69B887DFFE1ECBBCC95E177977F8DEC535","7245CB091F4F729B4D4C12FD1D904E69B887DFFE1ECBBCC95E177977F8DEC535","MATCH"
"day13\02_STM32_HAL_Led\Drivers\STM32F4xx_HAL_Driver\Src\stm32f4xx_ll_pwr.c","projects\08_HAL_AND_FIRMWARE_ARCHITECTURE\stm32-hal-led\course\Drivers\STM32F4xx_HAL_Driver\Src\stm32f4xx_ll_pwr.c","2176","3E1282BAA40D68FF58D59BAA9889C05BCC74DFAEA231E7EA22395C1F087DAC9D","3E1282BAA40D68FF58D59BAA9889C05BCC74DFAEA231E7EA22395C1F087DAC9D","MATCH"
"day13\02_STM32_HAL_Led\Drivers\STM32F4xx_HAL_Driver\Src\stm32f4xx_ll_rcc.c","projects\08_HAL_AND_FIRMWARE_ARCHITECTURE\stm32-hal-led\course\Drivers\STM32F4xx_HAL_Driver\Src\stm32f4xx_ll_rcc.c","52600","8F7478C1E502B1FB72AFDA60A2336745D51DA738D8BA1D82361CDFD0A4F55760","8F7478C1E502B1FB72AFDA60A2336745D51DA738D8BA1D82361CDFD0A4F55760","MATCH"
"day13\02_STM32_HAL_Led\Drivers\STM32F4xx_HAL_Driver\Src\stm32f4xx_ll_rng.c","projects\08_HAL_AND_FIRMWARE_ARCHITECTURE\stm32-hal-led\course\Drivers\STM32F4xx_HAL_Driver\Src\stm32f4xx_ll_rng.c","2812","D6911B260BAF0C475F1D105BC628F47DAF51AFF1F3AC88862E86F48107555D11","D6911B260BAF0C475F1D105BC628F47DAF51AFF1F3AC88862E86F48107555D11","MATCH"
"day13\02_STM32_HAL_Led\Drivers\STM32F4xx_HAL_Driver\Src\stm32f4xx_ll_rtc.c","projects\08_HAL_AND_FIRMWARE_ARCHITECTURE\stm32-hal-led\course\Drivers\STM32F4xx_HAL_Driver\Src\stm32f4xx_ll_rtc.c","30727","6FF1BE945274C2B80DEEA9E05FCA00507F6E8F57BC1621E3873BA82FF49CABC0","6FF1BE945274C2B80DEEA9E05FCA00507F6E8F57BC1621E3873BA82FF49CABC0","MATCH"
"day13\02_STM32_HAL_Led\Drivers\STM32F4xx_HAL_Driver\Src\stm32f4xx_ll_sdmmc.c","projects\08_HAL_AND_FIRMWARE_ARCHITECTURE\stm32-hal-led\course\Drivers\STM32F4xx_HAL_Driver\Src\stm32f4xx_ll_sdmmc.c","51877","2152C8761EBF4759A534121A1464DE7F6DDEEA649A53267939E2E248347156B6","2152C8761EBF4759A534121A1464DE7F6DDEEA649A53267939E2E248347156B6","MATCH"
"day13\02_STM32_HAL_Led\Drivers\STM32F4xx_HAL_Driver\Src\stm32f4xx_ll_spi.c","projects\08_HAL_AND_FIRMWARE_ARCHITECTURE\stm32-hal-led\course\Drivers\STM32F4xx_HAL_Driver\Src\stm32f4xx_ll_spi.c","24016","98308CAA0BD7FBE44DD6357BF784C9D6C5EE113F7EB8B072378A637A0D6E82D3","98308CAA0BD7FBE44DD6357BF784C9D6C5EE113F7EB8B072378A637A0D6E82D3","MATCH"
"day13\02_STM32_HAL_Led\Drivers\STM32F4xx_HAL_Driver\Src\stm32f4xx_ll_tim.c","projects\08_HAL_AND_FIRMWARE_ARCHITECTURE\stm32-hal-led\course\Drivers\STM32F4xx_HAL_Driver\Src\stm32f4xx_ll_tim.c","45976","D994AF0B97432A598CC2627BFF5015D56CC5B5EDE4B3F211C6C0345A744C2250","D994AF0B97432A598CC2627BFF5015D56CC5B5EDE4B3F211C6C0345A744C2250","MATCH"
"day13\02_STM32_HAL_Led\Drivers\STM32F4xx_HAL_Driver\Src\stm32f4xx_ll_usart.c","projects\08_HAL_AND_FIRMWARE_ARCHITECTURE\stm32-hal-led\course\Drivers\STM32F4xx_HAL_Driver\Src\stm32f4xx_ll_usart.c","19091","A758B10BDA9444D559528902B0EAA4342C5CE898DB68EC49350520E4AE5992A9","A758B10BDA9444D559528902B0EAA4342C5CE898DB68EC49350520E4AE5992A9","MATCH"
"day13\02_STM32_HAL_Led\Drivers\STM32F4xx_HAL_Driver\Src\stm32f4xx_ll_usb.c","projects\08_HAL_AND_FIRMWARE_ARCHITECTURE\stm32-hal-led\course\Drivers\STM32F4xx_HAL_Driver\Src\stm32f4xx_ll_usb.c","66979","3F084B2B40A57512FDB753C1AD070FCDCC84490389EDD69702B9EC4B859D6119","3F084B2B40A57512FDB753C1AD070FCDCC84490389EDD69702B9EC4B859D6119","MATCH"
"day13\02_STM32_HAL_Led\Drivers\STM32F4xx_HAL_Driver\Src\stm32f4xx_ll_utils.c","projects\08_HAL_AND_FIRMWARE_ARCHITECTURE\stm32-hal-led\course\Drivers\STM32F4xx_HAL_Driver\Src\stm32f4xx_ll_utils.c","32330","C9028243243DE37CBDAE32494C5B253D888EA91EDEFE8A19BA5F8B52CA2482EF","C9028243243DE37CBDAE32494C5B253D888EA91EDEFE8A19BA5F8B52CA2482EF","MATCH"
"day13\02_STM32_HAL_Led\MDK-ARM\02_STM32_HAL_Led.uvprojx","projects\08_HAL_AND_FIRMWARE_ARCHITECTURE\stm32-hal-led\course\MDK-ARM\02_STM32_HAL_Led.uvprojx","19483","2CCC2FB08787CAC47401278DD4BF46D85C3D606480BD0281C0DE0D333FC89D1E","2CCC2FB08787CAC47401278DD4BF46D85C3D606480BD0281C0DE0D333FC89D1E","MATCH"
"day13\02_STM32_HAL_Led\MDK-ARM\02_STM32_HAL_Led\02_STM32_HAL_Led.sct","projects\08_HAL_AND_FIRMWARE_ARCHITECTURE\stm32-hal-led\course\MDK-ARM\02_STM32_HAL_Led\02_STM32_HAL_Led.sct","494","F87CA14645873E589EF5A3F63FE499879F3447467522E5122501B845C22586F7","F87CA14645873E589EF5A3F63FE499879F3447467522E5122501B845C22586F7","MATCH"
"day13\02_STM32_HAL_Led\MDK-ARM\RTE\_02_STM32_HAL_Led\RTE_Components.h","projects\08_HAL_AND_FIRMWARE_ARCHITECTURE\stm32-hal-led\course\MDK-ARM\RTE\_02_STM32_HAL_Led\RTE_Components.h","334","406539B4DABD9C267609F66B90AC4B8356E6F52E10D8CA9DBF7F04B6181570B7","406539B4DABD9C267609F66B90AC4B8356E6F52E10D8CA9DBF7F04B6181570B7","MATCH"
"day13\02_STM32_HAL_Led\MDK-ARM\startup_stm32f407xx.s","projects\08_HAL_AND_FIRMWARE_ARCHITECTURE\stm32-hal-led\course\MDK-ARM\startup_stm32f407xx.s","28816","77B28AFAA17D3BD31B983055DCFFC57BA475945EB499A453876E2762DAC1D6BA","77B28AFAA17D3BD31B983055DCFFC57BA475945EB499A453876E2762DAC1D6BA","MATCH"
"day14\02_STM32_HAL_spi\.mxproject","projects\08_HAL_AND_FIRMWARE_ARCHITECTURE\stm32-hal-spi\course\.mxproject","9112","A5DA8A3BADE6F7A2C7A75F3851B278C69789F600B57B93792F12DFE1D5FAABBB","A5DA8A3BADE6F7A2C7A75F3851B278C69789F600B57B93792F12DFE1D5FAABBB","MATCH"
"day14\02_STM32_HAL_spi\02_STM32_HAL_spi.ioc","projects\08_HAL_AND_FIRMWARE_ARCHITECTURE\stm32-hal-spi\course\02_STM32_HAL_spi.ioc","7008","4570AA0A19FCF2301CDDEFC3D9DDDD1786512243AE73E4C917EAB0D2C1FF3797","4570AA0A19FCF2301CDDEFC3D9DDDD1786512243AE73E4C917EAB0D2C1FF3797","MATCH"
"day14\02_STM32_HAL_spi\Core\Inc\dma.h","projects\08_HAL_AND_FIRMWARE_ARCHITECTURE\stm32-hal-spi\course\Core\Inc\dma.h","1393","CA81391056A411962C83DB097580C964EF66C2B417ED80CADD3606FCB91A62D0","CA81391056A411962C83DB097580C964EF66C2B417ED80CADD3606FCB91A62D0","MATCH"
"day14\02_STM32_HAL_spi\Core\Inc\gpio.h","projects\08_HAL_AND_FIRMWARE_ARCHITECTURE\stm32-hal-spi\course\Core\Inc\gpio.h","1313","ED4DD400A061AD318521CF96AE903FE21D1ABA75FBB685603C3F78DB56DF226B","ED4DD400A061AD318521CF96AE903FE21D1ABA75FBB685603C3F78DB56DF226B","MATCH"
"day14\02_STM32_HAL_spi\Core\Inc\main.h","projects\08_HAL_AND_FIRMWARE_ARCHITECTURE\stm32-hal-spi\course\Core\Inc\main.h","2196","6D92330A2629DB670CEFBE1E528F730187A054AD8E65EC35395E87F078C2C686","6D92330A2629DB670CEFBE1E528F730187A054AD8E65EC35395E87F078C2C686","MATCH"
"day14\02_STM32_HAL_spi\Core\Inc\spi.h","projects\08_HAL_AND_FIRMWARE_ARCHITECTURE\stm32-hal-spi\course\Core\Inc\spi.h","1443","B31ECFDCEAA00B39979129965E764B85D1123FF472B803209ACBF63CE9BD477C","B31ECFDCEAA00B39979129965E764B85D1123FF472B803209ACBF63CE9BD477C","MATCH"
"day14\02_STM32_HAL_spi\Core\Inc\stm32f4xx_hal_conf.h","projects\08_HAL_AND_FIRMWARE_ARCHITECTURE\stm32-hal-spi\course\Core\Inc\stm32f4xx_hal_conf.h","20037","366C4E6B6939AA24186DC1E88C83D797359AC187CC1A9C117D4A7936CEC8966A","366C4E6B6939AA24186DC1E88C83D797359AC187CC1A9C117D4A7936CEC8966A","MATCH"
"day14\02_STM32_HAL_spi\Core\Inc\stm32f4xx_it.h","projects\08_HAL_AND_FIRMWARE_ARCHITECTURE\stm32-hal-spi\course\Core\Inc\stm32f4xx_it.h","2031","EE26A4C951697D1811FB24D6C53F44C8B6056830B4222C41DE742642AA50FB81","EE26A4C951697D1811FB24D6C53F44C8B6056830B4222C41DE742642AA50FB81","MATCH"
"day14\02_STM32_HAL_spi\Core\Inc\usart.h","projects\08_HAL_AND_FIRMWARE_ARCHITECTURE\stm32-hal-spi\course\Core\Inc\usart.h","1364","4A1BBA5C2B1088E014514A2244AA94ACF8A98A7AA3C796B2460DAC70FEB816E2","4A1BBA5C2B1088E014514A2244AA94ACF8A98A7AA3C796B2460DAC70FEB816E2","MATCH"
"day14\02_STM32_HAL_spi\Core\Src\dma.c","projects\08_HAL_AND_FIRMWARE_ARCHITECTURE\stm32-hal-spi\course\Core\Src\dma.c","1744","5341357D0626B59B53B6EF8DAE15566AB6ED0189408B07668335A36AF8186ABF","5341357D0626B59B53B6EF8DAE15566AB6ED0189408B07668335A36AF8186ABF","MATCH"
"day14\02_STM32_HAL_spi\Core\Src\gpio.c","projects\08_HAL_AND_FIRMWARE_ARCHITECTURE\stm32-hal-spi\course\Core\Src\gpio.c","2331","AC081FE25295BFD113F66474FA2A0909D57B89F8AABEE0F2814848E4C0D28F4F","AC081FE25295BFD113F66474FA2A0909D57B89F8AABEE0F2814848E4C0D28F4F","MATCH"
"day14\02_STM32_HAL_spi\Core\Src\main.c","projects\08_HAL_AND_FIRMWARE_ARCHITECTURE\stm32-hal-spi\course\Core\Src\main.c","7751","BA158EF9B2C884942E009376F78BFB76202758220D075F417E74E0F58820E397","BA158EF9B2C884942E009376F78BFB76202758220D075F417E74E0F58820E397","MATCH"
"day14\02_STM32_HAL_spi\Core\Src\spi.c","projects\08_HAL_AND_FIRMWARE_ARCHITECTURE\stm32-hal-spi\course\Core\Src\spi.c","3600","00E7F7AF93C4A9E1AC6F206C79545FBFD4EDECA85F28C12F3EAC2463D9504FA9","00E7F7AF93C4A9E1AC6F206C79545FBFD4EDECA85F28C12F3EAC2463D9504FA9","MATCH"
"day14\02_STM32_HAL_spi\Core\Src\stm32f4xx_hal_msp.c","projects\08_HAL_AND_FIRMWARE_ARCHITECTURE\stm32-hal-spi\course\Core\Src\stm32f4xx_hal_msp.c","2231","29BEC55D569A16B71D8D6D93C8A46CCD343287712D82E8B3DFB65D0129174D1D","29BEC55D569A16B71D8D6D93C8A46CCD343287712D82E8B3DFB65D0129174D1D","MATCH"
"day14\02_STM32_HAL_spi\Core\Src\stm32f4xx_it.c","projects\08_HAL_AND_FIRMWARE_ARCHITECTURE\stm32-hal-spi\course\Core\Src\stm32f4xx_it.c","6503","F39873E7A754155E50A235531939E7DBE623C4D1EE7222D55F7AFA3041C3E7A0","F39873E7A754155E50A235531939E7DBE623C4D1EE7222D55F7AFA3041C3E7A0","MATCH"
"day14\02_STM32_HAL_spi\Core\Src\system_stm32f4xx.c","projects\08_HAL_AND_FIRMWARE_ARCHITECTURE\stm32-hal-spi\course\Core\Src\system_stm32f4xx.c","27589","CDEC0A2A4F0CFDE6EAE5BC16FCE9466367FB3E2986BDFAA673822B64548958FE","CDEC0A2A4F0CFDE6EAE5BC16FCE9466367FB3E2986BDFAA673822B64548958FE","MATCH"
"day14\02_STM32_HAL_spi\Core\Src\usart.c","projects\08_HAL_AND_FIRMWARE_ARCHITECTURE\stm32-hal-spi\course\Core\Src\usart.c","4886","6D3D44DCABF7C89033CFE24DE8FB912193A04B24D41B40FF8484C4DAC07F79D9","6D3D44DCABF7C89033CFE24DE8FB912193A04B24D41B40FF8484C4DAC07F79D9","MATCH"
"day14\02_STM32_HAL_spi\Drivers\CMSIS\Device\ST\STM32F4xx\Include\stm32f407xx.h","projects\08_HAL_AND_FIRMWARE_ARCHITECTURE\stm32-hal-spi\course\Drivers\CMSIS\Device\ST\STM32F4xx\Include\stm32f407xx.h","1208799","E4E38F39DC15F3D79D3EAB5270396B260381898C67B6DA9578D96D59B8ED99DC","E4E38F39DC15F3D79D3EAB5270396B260381898C67B6DA9578D96D59B8ED99DC","MATCH"
"day14\02_STM32_HAL_spi\Drivers\CMSIS\Device\ST\STM32F4xx\Include\stm32f4xx.h","projects\08_HAL_AND_FIRMWARE_ARCHITECTURE\stm32-hal-spi\course\Drivers\CMSIS\Device\ST\STM32F4xx\Include\stm32f4xx.h","12228","D3F227F83E5AB4A27BAA3FF90AA5B08DC8AF961C1A6BBFB8B29C422A806A33C9","D3F227F83E5AB4A27BAA3FF90AA5B08DC8AF961C1A6BBFB8B29C422A806A33C9","MATCH"
"day14\02_STM32_HAL_spi\Drivers\CMSIS\Device\ST\STM32F4xx\Include\system_stm32f4xx.h","projects\08_HAL_AND_FIRMWARE_ARCHITECTURE\stm32-hal-spi\course\Drivers\CMSIS\Device\ST\STM32F4xx\Include\system_stm32f4xx.h","2318","6BA46A957D0C32196D03304B981DB5BE8C3969D41953A53A364CA861085277D1","6BA46A957D0C32196D03304B981DB5BE8C3969D41953A53A364CA861085277D1","MATCH"
"day14\02_STM32_HAL_spi\Drivers\CMSIS\Device\ST\STM32F4xx\LICENSE.txt","projects\08_HAL_AND_FIRMWARE_ARCHITECTURE\stm32-hal-spi\course\Drivers\CMSIS\Device\ST\STM32F4xx\LICENSE.txt","377","D65CAD1327EB8DAE95D0AEAB71FB22505F99A3D7CD1CE2530D7D40C52AECE002","D65CAD1327EB8DAE95D0AEAB71FB22505F99A3D7CD1CE2530D7D40C52AECE002","MATCH"
"day14\02_STM32_HAL_spi\Drivers\CMSIS\Include\cachel1_armv7.h","projects\08_HAL_AND_FIRMWARE_ARCHITECTURE\stm32-hal-spi\course\Drivers\CMSIS\Include\cachel1_armv7.h","12498","6CDB5B324F2FD1BB5B2F47298BA6E6777E735D7CAD3BB8D942CD36E2C6E65328","6CDB5B324F2FD1BB5B2F47298BA6E6777E735D7CAD3BB8D942CD36E2C6E65328","MATCH"
"day14\02_STM32_HAL_spi\Drivers\CMSIS\Include\cmsis_armcc.h","projects\08_HAL_AND_FIRMWARE_ARCHITECTURE\stm32-hal-spi\course\Drivers\CMSIS\Include\cmsis_armcc.h","28887","D074534D7106CEC83474B3B0A897BD2553E1A8895ECBD54F4F4FB25928066EEE","D074534D7106CEC83474B3B0A897BD2553E1A8895ECBD54F4F4FB25928066EEE","MATCH"
"day14\02_STM32_HAL_spi\Drivers\CMSIS\Include\cmsis_armclang_ltm.h","projects\08_HAL_AND_FIRMWARE_ARCHITECTURE\stm32-hal-spi\course\Drivers\CMSIS\Include\cmsis_armclang_ltm.h","57949","8621969EA669A1B230FF2125A760EF66D575C48CB45E9E457F768909ABCBDA46","8621969EA669A1B230FF2125A760EF66D575C48CB45E9E457F768909ABCBDA46","MATCH"
"day14\02_STM32_HAL_spi\Drivers\CMSIS\Include\cmsis_armclang.h","projects\08_HAL_AND_FIRMWARE_ARCHITECTURE\stm32-hal-spi\course\Drivers\CMSIS\Include\cmsis_armclang.h","49920","11B39B96DDC1125124762B3423A77B90DD40EA5B4582A3513830245046B24311","11B39B96DDC1125124762B3423A77B90DD40EA5B4582A3513830245046B24311","MATCH"
"day14\02_STM32_HAL_spi\Drivers\CMSIS\Include\cmsis_compiler.h","projects\08_HAL_AND_FIRMWARE_ARCHITECTURE\stm32-hal-spi\course\Drivers\CMSIS\Include\cmsis_compiler.h","9764","869640702D811C4C63ABB52206715C891A93FD03BE954DF5AD40D378355AF3D6","869640702D811C4C63ABB52206715C891A93FD03BE954DF5AD40D378355AF3D6","MATCH"
"day14\02_STM32_HAL_spi\Drivers\CMSIS\Include\cmsis_gcc.h","projects\08_HAL_AND_FIRMWARE_ARCHITECTURE\stm32-hal-spi\course\Drivers\CMSIS\Include\cmsis_gcc.h","65585","3D4E265D0AA42F888385CCF073666E6EBB5EC9F834760B9DA27C474E177F708D","3D4E265D0AA42F888385CCF073666E6EBB5EC9F834760B9DA27C474E177F708D","MATCH"
"day14\02_STM32_HAL_spi\Drivers\CMSIS\Include\cmsis_iccarm.h","projects\08_HAL_AND_FIRMWARE_ARCHITECTURE\stm32-hal-spi\course\Drivers\CMSIS\Include\cmsis_iccarm.h","30071","F28119ADBC81FB0E3C957C9AEBE8FB423AD93634E76EAD3CAA2B0818D2E123AE","F28119ADBC81FB0E3C957C9AEBE8FB423AD93634E76EAD3CAA2B0818D2E123AE","MATCH"
"day14\02_STM32_HAL_spi\Drivers\CMSIS\Include\cmsis_version.h","projects\08_HAL_AND_FIRMWARE_ARCHITECTURE\stm32-hal-spi\course\Drivers\CMSIS\Include\cmsis_version.h","1719","8CDA7AC3FF6F0EB5E83C4FE613DD195151B24DA54167F5C3C007E599A03F1EDC","8CDA7AC3FF6F0EB5E83C4FE613DD195151B24DA54167F5C3C007E599A03F1EDC","MATCH"
"day14\02_STM32_HAL_spi\Drivers\CMSIS\Include\core_armv81mml.h","projects\08_HAL_AND_FIRMWARE_ARCHITECTURE\stm32-hal-spi\course\Drivers\CMSIS\Include\core_armv81mml.h","280868","255663BC446FEB00E341D682F7F78EC6F301A5C1802D856BCDD18D7552393DFF","255663BC446FEB00E341D682F7F78EC6F301A5C1802D856BCDD18D7552393DFF","MATCH"
"day14\02_STM32_HAL_spi\Drivers\CMSIS\Include\core_armv8mbl.h","projects\08_HAL_AND_FIRMWARE_ARCHITECTURE\stm32-hal-spi\course\Drivers\CMSIS\Include\core_armv8mbl.h","117226","B5A662723F65A9FE1FBDE82B83681DAEC28AADB78C2DC95E531D6FB6BB396DDE","B5A662723F65A9FE1FBDE82B83681DAEC28AADB78C2DC95E531D6FB6BB396DDE","MATCH"
"day14\02_STM32_HAL_spi\Drivers\CMSIS\Include\core_armv8mml.h","projects\08_HAL_AND_FIRMWARE_ARCHITECTURE\stm32-hal-spi\course\Drivers\CMSIS\Include\core_armv8mml.h","186400","17021C385F47945F2376FBB30F2F2E3FC28BD0F3D97EB857D212C192C54AB3FC","17021C385F47945F2376FBB30F2F2E3FC28BD0F3D97EB857D212C192C54AB3FC","MATCH"
"day14\02_STM32_HAL_spi\Drivers\CMSIS\Include\core_cm0.h","projects\08_HAL_AND_FIRMWARE_ARCHITECTURE\stm32-hal-spi\course\Drivers\CMSIS\Include\core_cm0.h","42595","5CC53E723EE0E97455233F8DEE892940209E2FFF66071D66D74BAB56C528B199","5CC53E723EE0E97455233F8DEE892940209E2FFF66071D66D74BAB56C528B199","MATCH"
"day14\02_STM32_HAL_spi\Drivers\CMSIS\Include\core_cm0plus.h","projects\08_HAL_AND_FIRMWARE_ARCHITECTURE\stm32-hal-spi\course\Drivers\CMSIS\Include\core_cm0plus.h","50964","A19E24C136145B4C72630D0AB7C83A7AEF010F3BA165E34C56A05057A2D9FED5","A19E24C136145B4C72630D0AB7C83A7AEF010F3BA165E34C56A05057A2D9FED5","MATCH"
"day14\02_STM32_HAL_spi\Drivers\CMSIS\Include\core_cm1.h","projects\08_HAL_AND_FIRMWARE_ARCHITECTURE\stm32-hal-spi\course\Drivers\CMSIS\Include\core_cm1.h","43605","C243C4AFB291068FE7078D2911B2F0001E78A4D5466C26728611B06147D65C2B","C243C4AFB291068FE7078D2911B2F0001E78A4D5466C26728611B06147D65C2B","MATCH"
"day14\02_STM32_HAL_spi\Drivers\CMSIS\Include\core_cm23.h","projects\08_HAL_AND_FIRMWARE_ARCHITECTURE\stm32-hal-spi\course\Drivers\CMSIS\Include\core_cm23.h","123853","B6FB9BB5FAEDFFE8EEC563550E21DC9097C9F64956258B2AF51E6D4D88CA4411","B6FB9BB5FAEDFFE8EEC563550E21DC9097C9F64956258B2AF51E6D4D88CA4411","MATCH"
"day14\02_STM32_HAL_spi\Drivers\CMSIS\Include\core_cm3.h","projects\08_HAL_AND_FIRMWARE_ARCHITECTURE\stm32-hal-spi\course\Drivers\CMSIS\Include\core_cm3.h","111472","0FB7749EA828CAD4FDED65BBEEFC3FD0CFF1EFFBB7C784F7086526FD69E26719","0FB7749EA828CAD4FDED65BBEEFC3FD0CFF1EFFBB7C784F7086526FD69E26719","MATCH"
"day14\02_STM32_HAL_spi\Drivers\CMSIS\Include\core_cm33.h","projects\08_HAL_AND_FIRMWARE_ARCHITECTURE\stm32-hal-spi\course\Drivers\CMSIS\Include\core_cm33.h","192801","D5C5FC559CBBBC1E495AF4AC2EA81959BCADB35AA69ECB1C20D183C3ED9CFEAE","D5C5FC559CBBBC1E495AF4AC2EA81959BCADB35AA69ECB1C20D183C3ED9CFEAE","MATCH"
"day14\02_STM32_HAL_spi\Drivers\CMSIS\Include\core_cm35p.h","projects\08_HAL_AND_FIRMWARE_ARCHITECTURE\stm32-hal-spi\course\Drivers\CMSIS\Include\core_cm35p.h","192816","E52A069FFDACDBF000FFCC6F1766F0DCDFEF1BB60F5E8CA0602BCBCFD2B69FA1","E52A069FFDACDBF000FFCC6F1766F0DCDFEF1BB60F5E8CA0602BCBCFD2B69FA1","MATCH"
"day14\02_STM32_HAL_spi\Drivers\CMSIS\Include\core_cm4.h","projects\08_HAL_AND_FIRMWARE_ARCHITECTURE\stm32-hal-spi\course\Drivers\CMSIS\Include\core_cm4.h","123104","D59A9E3ED4CF43A3C74A2E48F344D41BE2B6363EF9394EA2C551052FE553A6AF","D59A9E3ED4CF43A3C74A2E48F344D41BE2B6363EF9394EA2C551052FE553A6AF","MATCH"
"day14\02_STM32_HAL_spi\Drivers\CMSIS\Include\core_cm55.h","projects\08_HAL_AND_FIRMWARE_ARCHITECTURE\stm32-hal-spi\course\Drivers\CMSIS\Include\core_cm55.h","322267","BF661F2B792AD123795207BAFD405D6B250690C65A28232A92485D6FDBB76D98","BF661F2B792AD123795207BAFD405D6B250690C65A28232A92485D6FDBB76D98","MATCH"
"day14\02_STM32_HAL_spi\Drivers\CMSIS\Include\core_cm7.h","projects\08_HAL_AND_FIRMWARE_ARCHITECTURE\stm32-hal-spi\course\Drivers\CMSIS\Include\core_cm7.h","141314","A361F5FF7B053831CDBBC068EAE9609CD6681414C9A95C26DF582D686A2378B8","A361F5FF7B053831CDBBC068EAE9609CD6681414C9A95C26DF582D686A2378B8","MATCH"
"day14\02_STM32_HAL_spi\Drivers\CMSIS\Include\core_cm85.h","projects\08_HAL_AND_FIRMWARE_ARCHITECTURE\stm32-hal-spi\course\Drivers\CMSIS\Include\core_cm85.h","313000","062019526B524285BEE161459F65CE7C9BF827C2CEABC4101FD150F6D80B37F5","062019526B524285BEE161459F65CE7C9BF827C2CEABC4101FD150F6D80B37F5","MATCH"
"day14\02_STM32_HAL_spi\Drivers\CMSIS\Include\core_sc000.h","projects\08_HAL_AND_FIRMWARE_ARCHITECTURE\stm32-hal-spi\course\Drivers\CMSIS\Include\core_sc000.h","47592","4EC2D6FF893658C6BB7B1C56E6256087F3A2ED1E662C226E4BA11CFAAD28D05D","4EC2D6FF893658C6BB7B1C56E6256087F3A2ED1E662C226E4BA11CFAAD28D05D","MATCH"
"day14\02_STM32_HAL_spi\Drivers\CMSIS\Include\core_sc300.h","projects\08_HAL_AND_FIRMWARE_ARCHITECTURE\stm32-hal-spi\course\Drivers\CMSIS\Include\core_sc300.h","110441","4CA0E6F1FEC869E4942C70028CE2F3C9AE00A65A69C35F467840AF3FC3D03AE5","4CA0E6F1FEC869E4942C70028CE2F3C9AE00A65A69C35F467840AF3FC3D03AE5","MATCH"
"day14\02_STM32_HAL_spi\Drivers\CMSIS\Include\core_starmc1.h","projects\08_HAL_AND_FIRMWARE_ARCHITECTURE\stm32-hal-spi\course\Drivers\CMSIS\Include\core_starmc1.h","196647","47978DC5BFB51C5EDD09178D99C9B9163D500D48181985DA4EAD5A3C20D9A85B","47978DC5BFB51C5EDD09178D99C9B9163D500D48181985DA4EAD5A3C20D9A85B","MATCH"
"day14\02_STM32_HAL_spi\Drivers\CMSIS\Include\mpu_armv7.h","projects\08_HAL_AND_FIRMWARE_ARCHITECTURE\stm32-hal-spi\course\Drivers\CMSIS\Include\mpu_armv7.h","12006","DE1B5EB9ED566527B66DC06F4ECB6A43AB6800F7DAC47E87C9CB42984DCA41BB","DE1B5EB9ED566527B66DC06F4ECB6A43AB6800F7DAC47E87C9CB42984DCA41BB","MATCH"
"day14\02_STM32_HAL_spi\Drivers\CMSIS\Include\mpu_armv8.h","projects\08_HAL_AND_FIRMWARE_ARCHITECTURE\stm32-hal-spi\course\Drivers\CMSIS\Include\mpu_armv8.h","11722","467A5CE9D65D9B37FC32E01001ED184500D56576F303713D27B76E68DD67911C","467A5CE9D65D9B37FC32E01001ED184500D56576F303713D27B76E68DD67911C","MATCH"
"day14\02_STM32_HAL_spi\Drivers\CMSIS\Include\pac_armv81.h","projects\08_HAL_AND_FIRMWARE_ARCHITECTURE\stm32-hal-spi\course\Drivers\CMSIS\Include\pac_armv81.h","6268","F3497AF055E95873809E4A79420E2B08915582466CEF2EB4235D8E03FAA7C3AB","F3497AF055E95873809E4A79420E2B08915582466CEF2EB4235D8E03FAA7C3AB","MATCH"
"day14\02_STM32_HAL_spi\Drivers\CMSIS\Include\pmu_armv8.h","projects\08_HAL_AND_FIRMWARE_ARCHITECTURE\stm32-hal-spi\course\Drivers\CMSIS\Include\pmu_armv8.h","23123","EF9AA2F1C5B03BEA488D4B74D33DB14ACDC6C87E500273D68D75A6D3902A4F62","EF9AA2F1C5B03BEA488D4B74D33DB14ACDC6C87E500273D68D75A6D3902A4F62","MATCH"
"day14\02_STM32_HAL_spi\Drivers\CMSIS\Include\tz_context.h","projects\08_HAL_AND_FIRMWARE_ARCHITECTURE\stm32-hal-spi\course\Drivers\CMSIS\Include\tz_context.h","2757","7FCC21FC190F6FD970390E9CAAA6A86D72FD10F9EDF4EFAB36F12AECF1A8BAA0","7FCC21FC190F6FD970390E9CAAA6A86D72FD10F9EDF4EFAB36F12AECF1A8BAA0","MATCH"
"day14\02_STM32_HAL_spi\Drivers\CMSIS\LICENSE.txt","projects\08_HAL_AND_FIRMWARE_ARCHITECTURE\stm32-hal-spi\course\Drivers\CMSIS\LICENSE.txt","11558","E03BA41D7FAB20700769FE4118BAB50D800CB74F990353A05D2F5FFF1C228363","E03BA41D7FAB20700769FE4118BAB50D800CB74F990353A05D2F5FFF1C228363","MATCH"
"day14\02_STM32_HAL_spi\Drivers\STM32F4xx_HAL_Driver\Inc\Legacy\stm32_hal_legacy.h","projects\08_HAL_AND_FIRMWARE_ARCHITECTURE\stm32-hal-spi\course\Drivers\STM32F4xx_HAL_Driver\Inc\Legacy\stm32_hal_legacy.h","240031","7D48F139A6FF1DDE6668FE4B032BEB4938C7C15481CCF0850B2EA60D93C6111B","7D48F139A6FF1DDE6668FE4B032BEB4938C7C15481CCF0850B2EA60D93C6111B","MATCH"
"day14\02_STM32_HAL_spi\Drivers\STM32F4xx_HAL_Driver\Inc\stm32f4xx_hal_cortex.h","projects\08_HAL_AND_FIRMWARE_ARCHITECTURE\stm32-hal-spi\course\Drivers\STM32F4xx_HAL_Driver\Inc\stm32f4xx_hal_cortex.h","17405","93D85A6EA4FBDBC7543F0822844C8F74F610FC2F61BCD95265B8E48A19CDE09E","93D85A6EA4FBDBC7543F0822844C8F74F610FC2F61BCD95265B8E48A19CDE09E","MATCH"
"day14\02_STM32_HAL_spi\Drivers\STM32F4xx_HAL_Driver\Inc\stm32f4xx_hal_def.h","projects\08_HAL_AND_FIRMWARE_ARCHITECTURE\stm32-hal-spi\course\Drivers\STM32F4xx_HAL_Driver\Inc\stm32f4xx_hal_def.h","7775","C6F30EAA09B8A72E7F503C757F312745EC10C317D37D568500DCCAB9587C1A6B","C6F30EAA09B8A72E7F503C757F312745EC10C317D37D568500DCCAB9587C1A6B","MATCH"
"day14\02_STM32_HAL_spi\Drivers\STM32F4xx_HAL_Driver\Inc\stm32f4xx_hal_dma_ex.h","projects\08_HAL_AND_FIRMWARE_ARCHITECTURE\stm32-hal-spi\course\Drivers\STM32F4xx_HAL_Driver\Inc\stm32f4xx_hal_dma_ex.h","2753","8AA0A347B502D924077675AD9BB446CF40B3A6DAB47CF8A6B5A9F9E21DBFCF20","8AA0A347B502D924077675AD9BB446CF40B3A6DAB47CF8A6B5A9F9E21DBFCF20","MATCH"
"day14\02_STM32_HAL_spi\Drivers\STM32F4xx_HAL_Driver\Inc\stm32f4xx_hal_dma.h","projects\08_HAL_AND_FIRMWARE_ARCHITECTURE\stm32-hal-spi\course\Drivers\STM32F4xx_HAL_Driver\Inc\stm32f4xx_hal_dma.h","38671","4DC4D29C8930A5EC06B6F4B13480BED13C238D2674B3AFAC47E6F71B2AE25B98","4DC4D29C8930A5EC06B6F4B13480BED13C238D2674B3AFAC47E6F71B2AE25B98","MATCH"
"day14\02_STM32_HAL_spi\Drivers\STM32F4xx_HAL_Driver\Inc\stm32f4xx_hal_exti.h","projects\08_HAL_AND_FIRMWARE_ARCHITECTURE\stm32-hal-spi\course\Drivers\STM32F4xx_HAL_Driver\Inc\stm32f4xx_hal_exti.h","15199","E786FC8C276267EC0650AB0FC5853B2CA63697131947321A4E7E7175554C3B04","E786FC8C276267EC0650AB0FC5853B2CA63697131947321A4E7E7175554C3B04","MATCH"
"day14\02_STM32_HAL_spi\Drivers\STM32F4xx_HAL_Driver\Inc\stm32f4xx_hal_flash_ex.h","projects\08_HAL_AND_FIRMWARE_ARCHITECTURE\stm32-hal-spi\course\Drivers\STM32F4xx_HAL_Driver\Inc\stm32f4xx_hal_flash_ex.h","65259","F34511EEC786510D75C096E33324648FC47D5F325666AC4CB724CACCFC5BC271","F34511EEC786510D75C096E33324648FC47D5F325666AC4CB724CACCFC5BC271","MATCH"
"day14\02_STM32_HAL_spi\Drivers\STM32F4xx_HAL_Driver\Inc\stm32f4xx_hal_flash_ramfunc.h","projects\08_HAL_AND_FIRMWARE_ARCHITECTURE\stm32-hal-spi\course\Drivers\STM32F4xx_HAL_Driver\Inc\stm32f4xx_hal_flash_ramfunc.h","2293","CD2D5AB9F93E7AC34846468450FEE989D47280D97AF99231D6E600E254F6C9CD","CD2D5AB9F93E7AC34846468450FEE989D47280D97AF99231D6E600E254F6C9CD","MATCH"
"day14\02_STM32_HAL_spi\Drivers\STM32F4xx_HAL_Driver\Inc\stm32f4xx_hal_flash.h","projects\08_HAL_AND_FIRMWARE_ARCHITECTURE\stm32-hal-spi\course\Drivers\STM32F4xx_HAL_Driver\Inc\stm32f4xx_hal_flash.h","14858","734543040B2E25B165C9087C36AF91FDA8EFDCFA8834440696384CD48F831E20","734543040B2E25B165C9087C36AF91FDA8EFDCFA8834440696384CD48F831E20","MATCH"
"day14\02_STM32_HAL_spi\Drivers\STM32F4xx_HAL_Driver\Inc\stm32f4xx_hal_gpio_ex.h","projects\08_HAL_AND_FIRMWARE_ARCHITECTURE\stm32-hal-spi\course\Drivers\STM32F4xx_HAL_Driver\Inc\stm32f4xx_hal_gpio_ex.h","82731","5963C4EA366CFD6DE3A91792A382DE6327D86542A6278592CC2B79E594C8AD91","5963C4EA366CFD6DE3A91792A382DE6327D86542A6278592CC2B79E594C8AD91","MATCH"
"day14\02_STM32_HAL_spi\Drivers\STM32F4xx_HAL_Driver\Inc\stm32f4xx_hal_gpio.h","projects\08_HAL_AND_FIRMWARE_ARCHITECTURE\stm32-hal-spi\course\Drivers\STM32F4xx_HAL_Driver\Inc\stm32f4xx_hal_gpio.h","14012","5829D91F2E060D30F5798DC71E4FEF5D7FFA7D99DA21E751EE03D527D664307F","5829D91F2E060D30F5798DC71E4FEF5D7FFA7D99DA21E751EE03D527D664307F","MATCH"
"day14\02_STM32_HAL_spi\Drivers\STM32F4xx_HAL_Driver\Inc\stm32f4xx_hal_pwr_ex.h","projects\08_HAL_AND_FIRMWARE_ARCHITECTURE\stm32-hal-spi\course\Drivers\STM32F4xx_HAL_Driver\Inc\stm32f4xx_hal_pwr_ex.h","16224","3F0CAC843ABD6C0AE3EF9A4EDC6353B6F96052F8D297BF8A474F23BDD9A1576B","3F0CAC843ABD6C0AE3EF9A4EDC6353B6F96052F8D297BF8A474F23BDD9A1576B","MATCH"
"day14\02_STM32_HAL_spi\Drivers\STM32F4xx_HAL_Driver\Inc\stm32f4xx_hal_pwr.h","projects\08_HAL_AND_FIRMWARE_ARCHITECTURE\stm32-hal-spi\course\Drivers\STM32F4xx_HAL_Driver\Inc\stm32f4xx_hal_pwr.h","14892","2A8A5905165B97971B44B5F0768E55ED30F28659D0BDF40DFC3E0EB9B1A34E1E","2A8A5905165B97971B44B5F0768E55ED30F28659D0BDF40DFC3E0EB9B1A34E1E","MATCH"
"day14\02_STM32_HAL_spi\Drivers\STM32F4xx_HAL_Driver\Inc\stm32f4xx_hal_rcc_ex.h","projects\08_HAL_AND_FIRMWARE_ARCHITECTURE\stm32-hal-spi\course\Drivers\STM32F4xx_HAL_Driver\Inc\stm32f4xx_hal_rcc_ex.h","444884","00F9D7965F6943C0BD11558A44C1BCD20E6F18183F0BBE4D53F51FB1CCE95691","00F9D7965F6943C0BD11558A44C1BCD20E6F18183F0BBE4D53F51FB1CCE95691","MATCH"
"day14\02_STM32_HAL_spi\Drivers\STM32F4xx_HAL_Driver\Inc\stm32f4xx_hal_rcc.h","projects\08_HAL_AND_FIRMWARE_ARCHITECTURE\stm32-hal-spi\course\Drivers\STM32F4xx_HAL_Driver\Inc\stm32f4xx_hal_rcc.h","74904","4E7BD94E6E692F43FB87E1969C305CF299BD48B1062C69256508DA0BB4D0426C","4E7BD94E6E692F43FB87E1969C305CF299BD48B1062C69256508DA0BB4D0426C","MATCH"
"day14\02_STM32_HAL_spi\Drivers\STM32F4xx_HAL_Driver\Inc\stm32f4xx_hal_spi.h","projects\08_HAL_AND_FIRMWARE_ARCHITECTURE\stm32-hal-spi\course\Drivers\STM32F4xx_HAL_Driver\Inc\stm32f4xx_hal_spi.h","32853","92405F4477EAA49332DFF81C33A60A061A483E47B5465A19170C81DF752C4EF2","92405F4477EAA49332DFF81C33A60A061A483E47B5465A19170C81DF752C4EF2","MATCH"
"day14\02_STM32_HAL_spi\Drivers\STM32F4xx_HAL_Driver\Inc\stm32f4xx_hal_tim_ex.h","projects\08_HAL_AND_FIRMWARE_ARCHITECTURE\stm32-hal-spi\course\Drivers\STM32F4xx_HAL_Driver\Inc\stm32f4xx_hal_tim_ex.h","16935","7DB25BA17F4806CAFE1AB73F420A1FCB179CBE3E9D5CEB673A3FB8ECA22189B8","7DB25BA17F4806CAFE1AB73F420A1FCB179CBE3E9D5CEB673A3FB8ECA22189B8","MATCH"
"day14\02_STM32_HAL_spi\Drivers\STM32F4xx_HAL_Driver\Inc\stm32f4xx_hal_tim.h","projects\08_HAL_AND_FIRMWARE_ARCHITECTURE\stm32-hal-spi\course\Drivers\STM32F4xx_HAL_Driver\Inc\stm32f4xx_hal_tim.h","125125","6685F8EFC3B0670D8231176871E8D0205A1E197EC413580DD729DEC50BC843E6","6685F8EFC3B0670D8231176871E8D0205A1E197EC413580DD729DEC50BC843E6","MATCH"
"day14\02_STM32_HAL_spi\Drivers\STM32F4xx_HAL_Driver\Inc\stm32f4xx_hal_uart.h","projects\08_HAL_AND_FIRMWARE_ARCHITECTURE\stm32-hal-spi\course\Drivers\STM32F4xx_HAL_Driver\Inc\stm32f4xx_hal_uart.h","46436","5D79BF1566C0767F1985FCD106412D6CD4BDECAD978AA8A5B2995320191C8040","5D79BF1566C0767F1985FCD106412D6CD4BDECAD978AA8A5B2995320191C8040","MATCH"
"day14\02_STM32_HAL_spi\Drivers\STM32F4xx_HAL_Driver\Inc\stm32f4xx_hal.h","projects\08_HAL_AND_FIRMWARE_ARCHITECTURE\stm32-hal-spi\course\Drivers\STM32F4xx_HAL_Driver\Inc\stm32f4xx_hal.h","12980","78F46C52267D3BB7A68349FBF02ECD9F6E2E375E3FEB80AC0829A870BDDCD514","78F46C52267D3BB7A68349FBF02ECD9F6E2E375E3FEB80AC0829A870BDDCD514","MATCH"
"day14\02_STM32_HAL_spi\Drivers\STM32F4xx_HAL_Driver\Inc\stm32f4xx_ll_bus.h","projects\08_HAL_AND_FIRMWARE_ARCHITECTURE\stm32-hal-spi\course\Drivers\STM32F4xx_HAL_Driver\Inc\stm32f4xx_ll_bus.h","101909","D237F4A55FF8221BABEF14237CEA628055F2E5E227ABF308B2DF56A4C6AA167A","D237F4A55FF8221BABEF14237CEA628055F2E5E227ABF308B2DF56A4C6AA167A","MATCH"
"day14\02_STM32_HAL_spi\Drivers\STM32F4xx_HAL_Driver\Inc\stm32f4xx_ll_cortex.h","projects\08_HAL_AND_FIRMWARE_ARCHITECTURE\stm32-hal-spi\course\Drivers\STM32F4xx_HAL_Driver\Inc\stm32f4xx_ll_cortex.h","24946","27AF4FB7B3ACB41A677A02C6C807EAC3BA5D7CF3857C2E4A74DE499742313FD1","27AF4FB7B3ACB41A677A02C6C807EAC3BA5D7CF3857C2E4A74DE499742313FD1","MATCH"
"day14\02_STM32_HAL_spi\Drivers\STM32F4xx_HAL_Driver\Inc\stm32f4xx_ll_dma.h","projects\08_HAL_AND_FIRMWARE_ARCHITECTURE\stm32-hal-spi\course\Drivers\STM32F4xx_HAL_Driver\Inc\stm32f4xx_ll_dma.h","109906","F086BA919DBF5C98FBA89317BCBD239FE1B647167CBAA810CE2DD02302AE8EB3","F086BA919DBF5C98FBA89317BCBD239FE1B647167CBAA810CE2DD02302AE8EB3","MATCH"
"day14\02_STM32_HAL_spi\Drivers\STM32F4xx_HAL_Driver\Inc\stm32f4xx_ll_exti.h","projects\08_HAL_AND_FIRMWARE_ARCHITECTURE\stm32-hal-spi\course\Drivers\STM32F4xx_HAL_Driver\Inc\stm32f4xx_ll_exti.h","35019","96329E1FC07EA1D7DB3A7970AF4D97A5172E29CF9BE5E7A45B7A011C960A33B9","96329E1FC07EA1D7DB3A7970AF4D97A5172E29CF9BE5E7A45B7A011C960A33B9","MATCH"
"day14\02_STM32_HAL_spi\Drivers\STM32F4xx_HAL_Driver\Inc\stm32f4xx_ll_gpio.h","projects\08_HAL_AND_FIRMWARE_ARCHITECTURE\stm32-hal-spi\course\Drivers\STM32F4xx_HAL_Driver\Inc\stm32f4xx_ll_gpio.h","38426","B874A353F6075B18A7B352F8EAC77497C32EFF162EC0005BE4C75346FDFF3908","B874A353F6075B18A7B352F8EAC77497C32EFF162EC0005BE4C75346FDFF3908","MATCH"
"day14\02_STM32_HAL_spi\Drivers\STM32F4xx_HAL_Driver\Inc\stm32f4xx_ll_pwr.h","projects\08_HAL_AND_FIRMWARE_ARCHITECTURE\stm32-hal-spi\course\Drivers\STM32F4xx_HAL_Driver\Inc\stm32f4xx_ll_pwr.h","32524","187DEC9842B95CF7F2A448BBB7A2C1B98AC8C8D0EA69D68CBCD5B05C4EAEB6B9","187DEC9842B95CF7F2A448BBB7A2C1B98AC8C8D0EA69D68CBCD5B05C4EAEB6B9","MATCH"
"day14\02_STM32_HAL_spi\Drivers\STM32F4xx_HAL_Driver\Inc\stm32f4xx_ll_rcc.h","projects\08_HAL_AND_FIRMWARE_ARCHITECTURE\stm32-hal-spi\course\Drivers\STM32F4xx_HAL_Driver\Inc\stm32f4xx_ll_rcc.h","348202","ECE5BA9AA627B04045437232BB332D1777D92F361DE9609C5D65290A425A9E41","ECE5BA9AA627B04045437232BB332D1777D92F361DE9609C5D65290A425A9E41","MATCH"
"day14\02_STM32_HAL_spi\Drivers\STM32F4xx_HAL_Driver\Inc\stm32f4xx_ll_spi.h","projects\08_HAL_AND_FIRMWARE_ARCHITECTURE\stm32-hal-spi\course\Drivers\STM32F4xx_HAL_Driver\Inc\stm32f4xx_ll_spi.h","67771","48DB9B7FE08A2F294CBB755864DA342228F01C343615EBFEE60EADA77D50A540","48DB9B7FE08A2F294CBB755864DA342228F01C343615EBFEE60EADA77D50A540","MATCH"
"day14\02_STM32_HAL_spi\Drivers\STM32F4xx_HAL_Driver\Inc\stm32f4xx_ll_system.h","projects\08_HAL_AND_FIRMWARE_ARCHITECTURE\stm32-hal-spi\course\Drivers\STM32F4xx_HAL_Driver\Inc\stm32f4xx_ll_system.h","72383","FEF5EA5A5BFB7F2C4059FB2C1262D884F0F25B379A3A982DDEFD81C50ED5CD89","FEF5EA5A5BFB7F2C4059FB2C1262D884F0F25B379A3A982DDEFD81C50ED5CD89","MATCH"
"day14\02_STM32_HAL_spi\Drivers\STM32F4xx_HAL_Driver\Inc\stm32f4xx_ll_usart.h","projects\08_HAL_AND_FIRMWARE_ARCHITECTURE\stm32-hal-spi\course\Drivers\STM32F4xx_HAL_Driver\Inc\stm32f4xx_ll_usart.h","100138","7C20FF842F7840D8D5B177D1283A5CFF886E3DE9CF0296E188EE196E3259506D","7C20FF842F7840D8D5B177D1283A5CFF886E3DE9CF0296E188EE196E3259506D","MATCH"
"day14\02_STM32_HAL_spi\Drivers\STM32F4xx_HAL_Driver\Inc\stm32f4xx_ll_utils.h","projects\08_HAL_AND_FIRMWARE_ARCHITECTURE\stm32-hal-spi\course\Drivers\STM32F4xx_HAL_Driver\Inc\stm32f4xx_ll_utils.h","10941","541DA4AC68D22E174CA4A038240F8DA3024B29CDF33ED0F9C9AF82159239FACC","541DA4AC68D22E174CA4A038240F8DA3024B29CDF33ED0F9C9AF82159239FACC","MATCH"
"day14\02_STM32_HAL_spi\Drivers\STM32F4xx_HAL_Driver\LICENSE.txt","projects\08_HAL_AND_FIRMWARE_ARCHITECTURE\stm32-hal-spi\course\Drivers\STM32F4xx_HAL_Driver\LICENSE.txt","383","BDC7B0F98DB4846279336431024C49A01D578A2EA1D19EC68797BBE33E718D2D","BDC7B0F98DB4846279336431024C49A01D578A2EA1D19EC68797BBE33E718D2D","MATCH"
"day14\02_STM32_HAL_spi\Drivers\STM32F4xx_HAL_Driver\Src\stm32f4xx_hal_cortex.c","projects\08_HAL_AND_FIRMWARE_ARCHITECTURE\stm32-hal-spi\course\Drivers\STM32F4xx_HAL_Driver\Src\stm32f4xx_hal_cortex.c","19301","2CC9C6492C0F4F57E48EEF8C84C42B227914645E0F3E865D104FE329F47BF8BE","2CC9C6492C0F4F57E48EEF8C84C42B227914645E0F3E865D104FE329F47BF8BE","MATCH"
"day14\02_STM32_HAL_spi\Drivers\STM32F4xx_HAL_Driver\Src\stm32f4xx_hal_dma_ex.c","projects\08_HAL_AND_FIRMWARE_ARCHITECTURE\stm32-hal-spi\course\Drivers\STM32F4xx_HAL_Driver\Src\stm32f4xx_hal_dma_ex.c","10587","000253CEC2E4C9E0678ADD30A7B01F854B27F4271CD3124F43023B993EEC54EA","000253CEC2E4C9E0678ADD30A7B01F854B27F4271CD3124F43023B993EEC54EA","MATCH"
"day14\02_STM32_HAL_spi\Drivers\STM32F4xx_HAL_Driver\Src\stm32f4xx_hal_dma.c","projects\08_HAL_AND_FIRMWARE_ARCHITECTURE\stm32-hal-spi\course\Drivers\STM32F4xx_HAL_Driver\Src\stm32f4xx_hal_dma.c","40830","F3DA7DC31942B79A88349C7F7DD38F6B586656B47C6FC78C8283925176368763","F3DA7DC31942B79A88349C7F7DD38F6B586656B47C6FC78C8283925176368763","MATCH"
"day14\02_STM32_HAL_spi\Drivers\STM32F4xx_HAL_Driver\Src\stm32f4xx_hal_exti.c","projects\08_HAL_AND_FIRMWARE_ARCHITECTURE\stm32-hal-spi\course\Drivers\STM32F4xx_HAL_Driver\Src\stm32f4xx_hal_exti.c","15475","B06EA7837BAC5A06CAD4627E6048D5D7BF9D6D8BFB66A2F78BFBF526B2E5620F","B06EA7837BAC5A06CAD4627E6048D5D7BF9D6D8BFB66A2F78BFBF526B2E5620F","MATCH"
"day14\02_STM32_HAL_spi\Drivers\STM32F4xx_HAL_Driver\Src\stm32f4xx_hal_flash_ex.c","projects\08_HAL_AND_FIRMWARE_ARCHITECTURE\stm32-hal-spi\course\Drivers\STM32F4xx_HAL_Driver\Src\stm32f4xx_hal_flash_ex.c","51251","EC7F19883964D7FED5005E24611DB97D5AD2DBDC5B63851E2587533E72CB632A","EC7F19883964D7FED5005E24611DB97D5AD2DBDC5B63851E2587533E72CB632A","MATCH"
"day14\02_STM32_HAL_spi\Drivers\STM32F4xx_HAL_Driver\Src\stm32f4xx_hal_flash_ramfunc.c","projects\08_HAL_AND_FIRMWARE_ARCHITECTURE\stm32-hal-spi\course\Drivers\STM32F4xx_HAL_Driver\Src\stm32f4xx_hal_flash_ramfunc.c","6199","2C33420EAB6AED3919241162D10B8AE21EC062D2904A4CEB7F9FBDCEFABED147","2C33420EAB6AED3919241162D10B8AE21EC062D2904A4CEB7F9FBDCEFABED147","MATCH"
"day14\02_STM32_HAL_spi\Drivers\STM32F4xx_HAL_Driver\Src\stm32f4xx_hal_flash.c","projects\08_HAL_AND_FIRMWARE_ARCHITECTURE\stm32-hal-spi\course\Drivers\STM32F4xx_HAL_Driver\Src\stm32f4xx_hal_flash.c","24788","05DE175A6754EBF6CAF91651DE750EE8CF05FE0549ADC5E0573050B0F855D4EA","05DE175A6754EBF6CAF91651DE750EE8CF05FE0549ADC5E0573050B0F855D4EA","MATCH"
"day14\02_STM32_HAL_spi\Drivers\STM32F4xx_HAL_Driver\Src\stm32f4xx_hal_gpio.c","projects\08_HAL_AND_FIRMWARE_ARCHITECTURE\stm32-hal-spi\course\Drivers\STM32F4xx_HAL_Driver\Src\stm32f4xx_hal_gpio.c","19377","72D8F3CB23A396CDBF9183C5CEA2A0C00CFA0336DEF3736652480C4491F38788","72D8F3CB23A396CDBF9183C5CEA2A0C00CFA0336DEF3736652480C4491F38788","MATCH"
"day14\02_STM32_HAL_spi\Drivers\STM32F4xx_HAL_Driver\Src\stm32f4xx_hal_pwr_ex.c","projects\08_HAL_AND_FIRMWARE_ARCHITECTURE\stm32-hal-spi\course\Drivers\STM32F4xx_HAL_Driver\Src\stm32f4xx_hal_pwr_ex.c","23373","FC8A26AD3A0F8359817C1B08C68AF50B9F7905A69C44E4599225EAA53A66E856","FC8A26AD3A0F8359817C1B08C68AF50B9F7905A69C44E4599225EAA53A66E856","MATCH"
"day14\02_STM32_HAL_spi\Drivers\STM32F4xx_HAL_Driver\Src\stm32f4xx_hal_pwr.c","projects\08_HAL_AND_FIRMWARE_ARCHITECTURE\stm32-hal-spi\course\Drivers\STM32F4xx_HAL_Driver\Src\stm32f4xx_hal_pwr.c","22582","89EA9BA1D4D0D40B21A7094935BFB8CE2A9B90DF4D742F5D04A51E1D7BBC8D68","89EA9BA1D4D0D40B21A7094935BFB8CE2A9B90DF4D742F5D04A51E1D7BBC8D68","MATCH"
"day14\02_STM32_HAL_spi\Drivers\STM32F4xx_HAL_Driver\Src\stm32f4xx_hal_rcc_ex.c","projects\08_HAL_AND_FIRMWARE_ARCHITECTURE\stm32-hal-spi\course\Drivers\STM32F4xx_HAL_Driver\Src\stm32f4xx_hal_rcc_ex.c","159466","6B284323FFD5286E10B90DD7E2D9E8A0D222C43A966D636A1D5ED47B19CCD07B","6B284323FFD5286E10B90DD7E2D9E8A0D222C43A966D636A1D5ED47B19CCD07B","MATCH"
"day14\02_STM32_HAL_spi\Drivers\STM32F4xx_HAL_Driver\Src\stm32f4xx_hal_rcc.c","projects\08_HAL_AND_FIRMWARE_ARCHITECTURE\stm32-hal-spi\course\Drivers\STM32F4xx_HAL_Driver\Src\stm32f4xx_hal_rcc.c","43467","08B83E2E595AB1835BBDB50DF69418A71C63C3C9D5F7C993F1775FA33C5BFE25","08B83E2E595AB1835BBDB50DF69418A71C63C3C9D5F7C993F1775FA33C5BFE25","MATCH"
"day14\02_STM32_HAL_spi\Drivers\STM32F4xx_HAL_Driver\Src\stm32f4xx_hal_spi.c","projects\08_HAL_AND_FIRMWARE_ARCHITECTURE\stm32-hal-spi\course\Drivers\STM32F4xx_HAL_Driver\Src\stm32f4xx_hal_spi.c","128958","B1E6D47768F30264A7B1C7728F2C10FAC6999DF377C58723790DB39A8A2F420A","B1E6D47768F30264A7B1C7728F2C10FAC6999DF377C58723790DB39A8A2F420A","MATCH"
"day14\02_STM32_HAL_spi\Drivers\STM32F4xx_HAL_Driver\Src\stm32f4xx_hal_tim_ex.c","projects\08_HAL_AND_FIRMWARE_ARCHITECTURE\stm32-hal-spi\course\Drivers\STM32F4xx_HAL_Driver\Src\stm32f4xx_hal_tim_ex.c","84008","B3F85B80ECCC5B00F5DF119711C5DC8B93F7D297490A951AA600A971D28D6F6E","B3F85B80ECCC5B00F5DF119711C5DC8B93F7D297490A951AA600A971D28D6F6E","MATCH"
"day14\02_STM32_HAL_spi\Drivers\STM32F4xx_HAL_Driver\Src\stm32f4xx_hal_tim.c","projects\08_HAL_AND_FIRMWARE_ARCHITECTURE\stm32-hal-spi\course\Drivers\STM32F4xx_HAL_Driver\Src\stm32f4xx_hal_tim.c","251804","7DC188B13A858B671B79684859AE6A5C6CF7716A9591744818209E6679E4A5CF","7DC188B13A858B671B79684859AE6A5C6CF7716A9591744818209E6679E4A5CF","MATCH"
"day14\02_STM32_HAL_spi\Drivers\STM32F4xx_HAL_Driver\Src\stm32f4xx_hal_uart.c","projects\08_HAL_AND_FIRMWARE_ARCHITECTURE\stm32-hal-spi\course\Drivers\STM32F4xx_HAL_Driver\Src\stm32f4xx_hal_uart.c","139424","9F59720F39849977A09570260EDFD63F089C8F723D836E4BBF8B7769D8A91C1D","9F59720F39849977A09570260EDFD63F089C8F723D836E4BBF8B7769D8A91C1D","MATCH"
"day14\02_STM32_HAL_spi\Drivers\STM32F4xx_HAL_Driver\Src\stm32f4xx_hal.c","projects\08_HAL_AND_FIRMWARE_ARCHITECTURE\stm32-hal-spi\course\Drivers\STM32F4xx_HAL_Driver\Src\stm32f4xx_hal.c","19804","51494455BC1C0E6F8A1529F2C9620DB73BF24758AF4523B2B71A8AB494FD406C","51494455BC1C0E6F8A1529F2C9620DB73BF24758AF4523B2B71A8AB494FD406C","MATCH"
"day14\02_STM32_HAL_spi\Hardware\spi_oled\bmp.h","projects\08_HAL_AND_FIRMWARE_ARCHITECTURE\stm32-hal-spi\course\Hardware\spi_oled\bmp.h","5892","41B47ABF87F28E541BCE47E6CF50E9E305764B99F532E8C59EEB5D2DA9C5BB87","41B47ABF87F28E541BCE47E6CF50E9E305764B99F532E8C59EEB5D2DA9C5BB87","MATCH"
"day14\02_STM32_HAL_spi\Hardware\spi_oled\oled.c","projects\08_HAL_AND_FIRMWARE_ARCHITECTURE\stm32-hal-spi\course\Hardware\spi_oled\oled.c","9538","265738AC8716B3984E2CD27EBF9A65938A6E82FB0C723DE55044D7DC2B4AC2E7","265738AC8716B3984E2CD27EBF9A65938A6E82FB0C723DE55044D7DC2B4AC2E7","MATCH"
"day14\02_STM32_HAL_spi\Hardware\spi_oled\oled.h","projects\08_HAL_AND_FIRMWARE_ARCHITECTURE\stm32-hal-spi\course\Hardware\spi_oled\oled.h","1873","9F236C86629949B5228BEE0FA621DDB0927C010EEB00DB5DAEEDAAA0729A299D","9F236C86629949B5228BEE0FA621DDB0927C010EEB00DB5DAEEDAAA0729A299D","MATCH"
"day14\02_STM32_HAL_spi\MDK-ARM\02_STM32_HAL_spi.uvprojx","projects\08_HAL_AND_FIRMWARE_ARCHITECTURE\stm32-hal-spi\course\MDK-ARM\02_STM32_HAL_spi.uvprojx","20785","26377494A47A2B29447850B250B59CE78FFDD399F2A04951A972CE9A9EC5F5AF","26377494A47A2B29447850B250B59CE78FFDD399F2A04951A972CE9A9EC5F5AF","MATCH"
"day14\02_STM32_HAL_spi\MDK-ARM\02_STM32_HAL_spi\02_STM32_HAL_spi.sct","projects\08_HAL_AND_FIRMWARE_ARCHITECTURE\stm32-hal-spi\course\MDK-ARM\02_STM32_HAL_spi\02_STM32_HAL_spi.sct","494","F87CA14645873E589EF5A3F63FE499879F3447467522E5122501B845C22586F7","F87CA14645873E589EF5A3F63FE499879F3447467522E5122501B845C22586F7","MATCH"
"day14\02_STM32_HAL_spi\MDK-ARM\RTE\_02_STM32_HAL_spi\RTE_Components.h","projects\08_HAL_AND_FIRMWARE_ARCHITECTURE\stm32-hal-spi\course\MDK-ARM\RTE\_02_STM32_HAL_spi\RTE_Components.h","334","97CE1364B1C4DC9B3584BC26D793A3B7A6364B7D6390698DF1E3BEE3CDFDF8FC","97CE1364B1C4DC9B3584BC26D793A3B7A6364B7D6390698DF1E3BEE3CDFDF8FC","MATCH"
"day14\02_STM32_HAL_spi\MDK-ARM\startup_stm32f407xx.s","projects\08_HAL_AND_FIRMWARE_ARCHITECTURE\stm32-hal-spi\course\MDK-ARM\startup_stm32f407xx.s","28816","77B28AFAA17D3BD31B983055DCFFC57BA475945EB499A453876E2762DAC1D6BA","77B28AFAA17D3BD31B983055DCFFC57BA475945EB499A453876E2762DAC1D6BA","MATCH"
"day14\03_STM32_HAL_tim\.mxproject","projects\08_HAL_AND_FIRMWARE_ARCHITECTURE\stm32-hal-timer\course\.mxproject","8757","72315117C2A8192535D043A0692A84FCE70F8DFDAF17E564194D47F6D3EA8F64","72315117C2A8192535D043A0692A84FCE70F8DFDAF17E564194D47F6D3EA8F64","MATCH"
"day14\03_STM32_HAL_tim\03_STM32_HAL_tim.ioc","projects\08_HAL_AND_FIRMWARE_ARCHITECTURE\stm32-hal-timer\course\03_STM32_HAL_tim.ioc","5311","207597B2DE0DC156059B27ADE7573E78792150BB04C2F7A3CC8703DA44C88541","207597B2DE0DC156059B27ADE7573E78792150BB04C2F7A3CC8703DA44C88541","MATCH"
"day14\03_STM32_HAL_tim\Core\Inc\gpio.h","projects\08_HAL_AND_FIRMWARE_ARCHITECTURE\stm32-hal-timer\course\Core\Inc\gpio.h","1313","ED4DD400A061AD318521CF96AE903FE21D1ABA75FBB685603C3F78DB56DF226B","ED4DD400A061AD318521CF96AE903FE21D1ABA75FBB685603C3F78DB56DF226B","MATCH"
"day14\03_STM32_HAL_tim\Core\Inc\main.h","projects\08_HAL_AND_FIRMWARE_ARCHITECTURE\stm32-hal-timer\course\Core\Inc\main.h","2066","823DC01442D39959881A518BFE7D91A389AD16E34C6649777CD15373636EB566","823DC01442D39959881A518BFE7D91A389AD16E34C6649777CD15373636EB566","MATCH"
"day14\03_STM32_HAL_tim\Core\Inc\stm32f4xx_hal_conf.h","projects\08_HAL_AND_FIRMWARE_ARCHITECTURE\stm32-hal-timer\course\Core\Inc\stm32f4xx_hal_conf.h","20037","6172C3A2B47F99B7B5A3455CE100E3CFD3C4F4E4269D772A6CA0E5606CB7350B","6172C3A2B47F99B7B5A3455CE100E3CFD3C4F4E4269D772A6CA0E5606CB7350B","MATCH"
"day14\03_STM32_HAL_tim\Core\Inc\stm32f4xx_it.h","projects\08_HAL_AND_FIRMWARE_ARCHITECTURE\stm32-hal-timer\course\Core\Inc\stm32f4xx_it.h","1926","B5BDF093BBD896ECDCC597314D3A6523A669CFF5380AE08EA0F8E9667A09A173","B5BDF093BBD896ECDCC597314D3A6523A669CFF5380AE08EA0F8E9667A09A173","MATCH"
"day14\03_STM32_HAL_tim\Core\Inc\tim.h","projects\08_HAL_AND_FIRMWARE_ARCHITECTURE\stm32-hal-timer\course\Core\Inc\tim.h","1451","9D86561B417EC217DE2F5C2782A83E0E61CB3530B3DE27F25B97C869A5B5328E","9D86561B417EC217DE2F5C2782A83E0E61CB3530B3DE27F25B97C869A5B5328E","MATCH"
"day14\03_STM32_HAL_tim\Core\Inc\usart.h","projects\08_HAL_AND_FIRMWARE_ARCHITECTURE\stm32-hal-timer\course\Core\Inc\usart.h","1364","4A1BBA5C2B1088E014514A2244AA94ACF8A98A7AA3C796B2460DAC70FEB816E2","4A1BBA5C2B1088E014514A2244AA94ACF8A98A7AA3C796B2460DAC70FEB816E2","MATCH"
"day14\03_STM32_HAL_tim\Core\Src\gpio.c","projects\08_HAL_AND_FIRMWARE_ARCHITECTURE\stm32-hal-timer\course\Core\Src\gpio.c","1983","92CE9A0596459E47F20B063D2138AB94FF50E6D6293AFEE00B1DA3450D448557","92CE9A0596459E47F20B063D2138AB94FF50E6D6293AFEE00B1DA3450D448557","MATCH"
"day14\03_STM32_HAL_tim\Core\Src\main.c","projects\08_HAL_AND_FIRMWARE_ARCHITECTURE\stm32-hal-timer\course\Core\Src\main.c","5671","2628C831C0B50B8CBE019D3727A3FC718A0A753C0B2712955DA42D621E20CB73","2628C831C0B50B8CBE019D3727A3FC718A0A753C0B2712955DA42D621E20CB73","MATCH"
"day14\03_STM32_HAL_tim\Core\Src\stm32f4xx_hal_msp.c","projects\08_HAL_AND_FIRMWARE_ARCHITECTURE\stm32-hal-timer\course\Core\Src\stm32f4xx_hal_msp.c","2231","29BEC55D569A16B71D8D6D93C8A46CCD343287712D82E8B3DFB65D0129174D1D","29BEC55D569A16B71D8D6D93C8A46CCD343287712D82E8B3DFB65D0129174D1D","MATCH"
"day14\03_STM32_HAL_tim\Core\Src\stm32f4xx_it.c","projects\08_HAL_AND_FIRMWARE_ARCHITECTURE\stm32-hal-timer\course\Core\Src\stm32f4xx_it.c","5409","F13796C48FA9B93685FCB67C97F583B1C19DA6DBDCD329FD73614DDD005D0C37","F13796C48FA9B93685FCB67C97F583B1C19DA6DBDCD329FD73614DDD005D0C37","MATCH"
"day14\03_STM32_HAL_tim\Core\Src\system_stm32f4xx.c","projects\08_HAL_AND_FIRMWARE_ARCHITECTURE\stm32-hal-timer\course\Core\Src\system_stm32f4xx.c","27589","CDEC0A2A4F0CFDE6EAE5BC16FCE9466367FB3E2986BDFAA673822B64548958FE","CDEC0A2A4F0CFDE6EAE5BC16FCE9466367FB3E2986BDFAA673822B64548958FE","MATCH"
"day14\03_STM32_HAL_tim\Core\Src\tim.c","projects\08_HAL_AND_FIRMWARE_ARCHITECTURE\stm32-hal-timer\course\Core\Src\tim.c","3972","2A0CB67DFE4F6C7C5B77A2406923F03964F96B06EA3CBE21883EAE0982A8BB4F","2A0CB67DFE4F6C7C5B77A2406923F03964F96B06EA3CBE21883EAE0982A8BB4F","MATCH"
"day14\03_STM32_HAL_tim\Core\Src\usart.c","projects\08_HAL_AND_FIRMWARE_ARCHITECTURE\stm32-hal-timer\course\Core\Src\usart.c","3043","CFDA9F4A6B6810024631B82E4EA2010FF5EE91686EB3C123E01B7ECD1A1CA1FB","CFDA9F4A6B6810024631B82E4EA2010FF5EE91686EB3C123E01B7ECD1A1CA1FB","MATCH"
"day14\03_STM32_HAL_tim\Drivers\CMSIS\Device\ST\STM32F4xx\Include\stm32f407xx.h","projects\08_HAL_AND_FIRMWARE_ARCHITECTURE\stm32-hal-timer\course\Drivers\CMSIS\Device\ST\STM32F4xx\Include\stm32f407xx.h","1208799","E4E38F39DC15F3D79D3EAB5270396B260381898C67B6DA9578D96D59B8ED99DC","E4E38F39DC15F3D79D3EAB5270396B260381898C67B6DA9578D96D59B8ED99DC","MATCH"
"day14\03_STM32_HAL_tim\Drivers\CMSIS\Device\ST\STM32F4xx\Include\stm32f4xx.h","projects\08_HAL_AND_FIRMWARE_ARCHITECTURE\stm32-hal-timer\course\Drivers\CMSIS\Device\ST\STM32F4xx\Include\stm32f4xx.h","12228","D3F227F83E5AB4A27BAA3FF90AA5B08DC8AF961C1A6BBFB8B29C422A806A33C9","D3F227F83E5AB4A27BAA3FF90AA5B08DC8AF961C1A6BBFB8B29C422A806A33C9","MATCH"
"day14\03_STM32_HAL_tim\Drivers\CMSIS\Device\ST\STM32F4xx\Include\system_stm32f4xx.h","projects\08_HAL_AND_FIRMWARE_ARCHITECTURE\stm32-hal-timer\course\Drivers\CMSIS\Device\ST\STM32F4xx\Include\system_stm32f4xx.h","2318","6BA46A957D0C32196D03304B981DB5BE8C3969D41953A53A364CA861085277D1","6BA46A957D0C32196D03304B981DB5BE8C3969D41953A53A364CA861085277D1","MATCH"
"day14\03_STM32_HAL_tim\Drivers\CMSIS\Device\ST\STM32F4xx\LICENSE.txt","projects\08_HAL_AND_FIRMWARE_ARCHITECTURE\stm32-hal-timer\course\Drivers\CMSIS\Device\ST\STM32F4xx\LICENSE.txt","377","D65CAD1327EB8DAE95D0AEAB71FB22505F99A3D7CD1CE2530D7D40C52AECE002","D65CAD1327EB8DAE95D0AEAB71FB22505F99A3D7CD1CE2530D7D40C52AECE002","MATCH"
"day14\03_STM32_HAL_tim\Drivers\CMSIS\Include\cachel1_armv7.h","projects\08_HAL_AND_FIRMWARE_ARCHITECTURE\stm32-hal-timer\course\Drivers\CMSIS\Include\cachel1_armv7.h","12498","6CDB5B324F2FD1BB5B2F47298BA6E6777E735D7CAD3BB8D942CD36E2C6E65328","6CDB5B324F2FD1BB5B2F47298BA6E6777E735D7CAD3BB8D942CD36E2C6E65328","MATCH"
"day14\03_STM32_HAL_tim\Drivers\CMSIS\Include\cmsis_armcc.h","projects\08_HAL_AND_FIRMWARE_ARCHITECTURE\stm32-hal-timer\course\Drivers\CMSIS\Include\cmsis_armcc.h","28887","D074534D7106CEC83474B3B0A897BD2553E1A8895ECBD54F4F4FB25928066EEE","D074534D7106CEC83474B3B0A897BD2553E1A8895ECBD54F4F4FB25928066EEE","MATCH"
"day14\03_STM32_HAL_tim\Drivers\CMSIS\Include\cmsis_armclang_ltm.h","projects\08_HAL_AND_FIRMWARE_ARCHITECTURE\stm32-hal-timer\course\Drivers\CMSIS\Include\cmsis_armclang_ltm.h","57949","8621969EA669A1B230FF2125A760EF66D575C48CB45E9E457F768909ABCBDA46","8621969EA669A1B230FF2125A760EF66D575C48CB45E9E457F768909ABCBDA46","MATCH"
"day14\03_STM32_HAL_tim\Drivers\CMSIS\Include\cmsis_armclang.h","projects\08_HAL_AND_FIRMWARE_ARCHITECTURE\stm32-hal-timer\course\Drivers\CMSIS\Include\cmsis_armclang.h","49920","11B39B96DDC1125124762B3423A77B90DD40EA5B4582A3513830245046B24311","11B39B96DDC1125124762B3423A77B90DD40EA5B4582A3513830245046B24311","MATCH"
"day14\03_STM32_HAL_tim\Drivers\CMSIS\Include\cmsis_compiler.h","projects\08_HAL_AND_FIRMWARE_ARCHITECTURE\stm32-hal-timer\course\Drivers\CMSIS\Include\cmsis_compiler.h","9764","869640702D811C4C63ABB52206715C891A93FD03BE954DF5AD40D378355AF3D6","869640702D811C4C63ABB52206715C891A93FD03BE954DF5AD40D378355AF3D6","MATCH"
"day14\03_STM32_HAL_tim\Drivers\CMSIS\Include\cmsis_gcc.h","projects\08_HAL_AND_FIRMWARE_ARCHITECTURE\stm32-hal-timer\course\Drivers\CMSIS\Include\cmsis_gcc.h","65585","3D4E265D0AA42F888385CCF073666E6EBB5EC9F834760B9DA27C474E177F708D","3D4E265D0AA42F888385CCF073666E6EBB5EC9F834760B9DA27C474E177F708D","MATCH"
"day14\03_STM32_HAL_tim\Drivers\CMSIS\Include\cmsis_iccarm.h","projects\08_HAL_AND_FIRMWARE_ARCHITECTURE\stm32-hal-timer\course\Drivers\CMSIS\Include\cmsis_iccarm.h","30071","F28119ADBC81FB0E3C957C9AEBE8FB423AD93634E76EAD3CAA2B0818D2E123AE","F28119ADBC81FB0E3C957C9AEBE8FB423AD93634E76EAD3CAA2B0818D2E123AE","MATCH"
"day14\03_STM32_HAL_tim\Drivers\CMSIS\Include\cmsis_version.h","projects\08_HAL_AND_FIRMWARE_ARCHITECTURE\stm32-hal-timer\course\Drivers\CMSIS\Include\cmsis_version.h","1719","8CDA7AC3FF6F0EB5E83C4FE613DD195151B24DA54167F5C3C007E599A03F1EDC","8CDA7AC3FF6F0EB5E83C4FE613DD195151B24DA54167F5C3C007E599A03F1EDC","MATCH"
"day14\03_STM32_HAL_tim\Drivers\CMSIS\Include\core_armv81mml.h","projects\08_HAL_AND_FIRMWARE_ARCHITECTURE\stm32-hal-timer\course\Drivers\CMSIS\Include\core_armv81mml.h","280868","255663BC446FEB00E341D682F7F78EC6F301A5C1802D856BCDD18D7552393DFF","255663BC446FEB00E341D682F7F78EC6F301A5C1802D856BCDD18D7552393DFF","MATCH"
"day14\03_STM32_HAL_tim\Drivers\CMSIS\Include\core_armv8mbl.h","projects\08_HAL_AND_FIRMWARE_ARCHITECTURE\stm32-hal-timer\course\Drivers\CMSIS\Include\core_armv8mbl.h","117226","B5A662723F65A9FE1FBDE82B83681DAEC28AADB78C2DC95E531D6FB6BB396DDE","B5A662723F65A9FE1FBDE82B83681DAEC28AADB78C2DC95E531D6FB6BB396DDE","MATCH"
"day14\03_STM32_HAL_tim\Drivers\CMSIS\Include\core_armv8mml.h","projects\08_HAL_AND_FIRMWARE_ARCHITECTURE\stm32-hal-timer\course\Drivers\CMSIS\Include\core_armv8mml.h","186400","17021C385F47945F2376FBB30F2F2E3FC28BD0F3D97EB857D212C192C54AB3FC","17021C385F47945F2376FBB30F2F2E3FC28BD0F3D97EB857D212C192C54AB3FC","MATCH"
"day14\03_STM32_HAL_tim\Drivers\CMSIS\Include\core_cm0.h","projects\08_HAL_AND_FIRMWARE_ARCHITECTURE\stm32-hal-timer\course\Drivers\CMSIS\Include\core_cm0.h","42595","5CC53E723EE0E97455233F8DEE892940209E2FFF66071D66D74BAB56C528B199","5CC53E723EE0E97455233F8DEE892940209E2FFF66071D66D74BAB56C528B199","MATCH"
"day14\03_STM32_HAL_tim\Drivers\CMSIS\Include\core_cm0plus.h","projects\08_HAL_AND_FIRMWARE_ARCHITECTURE\stm32-hal-timer\course\Drivers\CMSIS\Include\core_cm0plus.h","50964","A19E24C136145B4C72630D0AB7C83A7AEF010F3BA165E34C56A05057A2D9FED5","A19E24C136145B4C72630D0AB7C83A7AEF010F3BA165E34C56A05057A2D9FED5","MATCH"
"day14\03_STM32_HAL_tim\Drivers\CMSIS\Include\core_cm1.h","projects\08_HAL_AND_FIRMWARE_ARCHITECTURE\stm32-hal-timer\course\Drivers\CMSIS\Include\core_cm1.h","43605","C243C4AFB291068FE7078D2911B2F0001E78A4D5466C26728611B06147D65C2B","C243C4AFB291068FE7078D2911B2F0001E78A4D5466C26728611B06147D65C2B","MATCH"
"day14\03_STM32_HAL_tim\Drivers\CMSIS\Include\core_cm23.h","projects\08_HAL_AND_FIRMWARE_ARCHITECTURE\stm32-hal-timer\course\Drivers\CMSIS\Include\core_cm23.h","123853","B6FB9BB5FAEDFFE8EEC563550E21DC9097C9F64956258B2AF51E6D4D88CA4411","B6FB9BB5FAEDFFE8EEC563550E21DC9097C9F64956258B2AF51E6D4D88CA4411","MATCH"
"day14\03_STM32_HAL_tim\Drivers\CMSIS\Include\core_cm3.h","projects\08_HAL_AND_FIRMWARE_ARCHITECTURE\stm32-hal-timer\course\Drivers\CMSIS\Include\core_cm3.h","111472","0FB7749EA828CAD4FDED65BBEEFC3FD0CFF1EFFBB7C784F7086526FD69E26719","0FB7749EA828CAD4FDED65BBEEFC3FD0CFF1EFFBB7C784F7086526FD69E26719","MATCH"
"day14\03_STM32_HAL_tim\Drivers\CMSIS\Include\core_cm33.h","projects\08_HAL_AND_FIRMWARE_ARCHITECTURE\stm32-hal-timer\course\Drivers\CMSIS\Include\core_cm33.h","192801","D5C5FC559CBBBC1E495AF4AC2EA81959BCADB35AA69ECB1C20D183C3ED9CFEAE","D5C5FC559CBBBC1E495AF4AC2EA81959BCADB35AA69ECB1C20D183C3ED9CFEAE","MATCH"
"day14\03_STM32_HAL_tim\Drivers\CMSIS\Include\core_cm35p.h","projects\08_HAL_AND_FIRMWARE_ARCHITECTURE\stm32-hal-timer\course\Drivers\CMSIS\Include\core_cm35p.h","192816","E52A069FFDACDBF000FFCC6F1766F0DCDFEF1BB60F5E8CA0602BCBCFD2B69FA1","E52A069FFDACDBF000FFCC6F1766F0DCDFEF1BB60F5E8CA0602BCBCFD2B69FA1","MATCH"
"day14\03_STM32_HAL_tim\Drivers\CMSIS\Include\core_cm4.h","projects\08_HAL_AND_FIRMWARE_ARCHITECTURE\stm32-hal-timer\course\Drivers\CMSIS\Include\core_cm4.h","123104","D59A9E3ED4CF43A3C74A2E48F344D41BE2B6363EF9394EA2C551052FE553A6AF","D59A9E3ED4CF43A3C74A2E48F344D41BE2B6363EF9394EA2C551052FE553A6AF","MATCH"
"day14\03_STM32_HAL_tim\Drivers\CMSIS\Include\core_cm55.h","projects\08_HAL_AND_FIRMWARE_ARCHITECTURE\stm32-hal-timer\course\Drivers\CMSIS\Include\core_cm55.h","322267","BF661F2B792AD123795207BAFD405D6B250690C65A28232A92485D6FDBB76D98","BF661F2B792AD123795207BAFD405D6B250690C65A28232A92485D6FDBB76D98","MATCH"
"day14\03_STM32_HAL_tim\Drivers\CMSIS\Include\core_cm7.h","projects\08_HAL_AND_FIRMWARE_ARCHITECTURE\stm32-hal-timer\course\Drivers\CMSIS\Include\core_cm7.h","141314","A361F5FF7B053831CDBBC068EAE9609CD6681414C9A95C26DF582D686A2378B8","A361F5FF7B053831CDBBC068EAE9609CD6681414C9A95C26DF582D686A2378B8","MATCH"
"day14\03_STM32_HAL_tim\Drivers\CMSIS\Include\core_cm85.h","projects\08_HAL_AND_FIRMWARE_ARCHITECTURE\stm32-hal-timer\course\Drivers\CMSIS\Include\core_cm85.h","313000","062019526B524285BEE161459F65CE7C9BF827C2CEABC4101FD150F6D80B37F5","062019526B524285BEE161459F65CE7C9BF827C2CEABC4101FD150F6D80B37F5","MATCH"
"day14\03_STM32_HAL_tim\Drivers\CMSIS\Include\core_sc000.h","projects\08_HAL_AND_FIRMWARE_ARCHITECTURE\stm32-hal-timer\course\Drivers\CMSIS\Include\core_sc000.h","47592","4EC2D6FF893658C6BB7B1C56E6256087F3A2ED1E662C226E4BA11CFAAD28D05D","4EC2D6FF893658C6BB7B1C56E6256087F3A2ED1E662C226E4BA11CFAAD28D05D","MATCH"
"day14\03_STM32_HAL_tim\Drivers\CMSIS\Include\core_sc300.h","projects\08_HAL_AND_FIRMWARE_ARCHITECTURE\stm32-hal-timer\course\Drivers\CMSIS\Include\core_sc300.h","110441","4CA0E6F1FEC869E4942C70028CE2F3C9AE00A65A69C35F467840AF3FC3D03AE5","4CA0E6F1FEC869E4942C70028CE2F3C9AE00A65A69C35F467840AF3FC3D03AE5","MATCH"
"day14\03_STM32_HAL_tim\Drivers\CMSIS\Include\core_starmc1.h","projects\08_HAL_AND_FIRMWARE_ARCHITECTURE\stm32-hal-timer\course\Drivers\CMSIS\Include\core_starmc1.h","196647","47978DC5BFB51C5EDD09178D99C9B9163D500D48181985DA4EAD5A3C20D9A85B","47978DC5BFB51C5EDD09178D99C9B9163D500D48181985DA4EAD5A3C20D9A85B","MATCH"
"day14\03_STM32_HAL_tim\Drivers\CMSIS\Include\mpu_armv7.h","projects\08_HAL_AND_FIRMWARE_ARCHITECTURE\stm32-hal-timer\course\Drivers\CMSIS\Include\mpu_armv7.h","12006","DE1B5EB9ED566527B66DC06F4ECB6A43AB6800F7DAC47E87C9CB42984DCA41BB","DE1B5EB9ED566527B66DC06F4ECB6A43AB6800F7DAC47E87C9CB42984DCA41BB","MATCH"
"day14\03_STM32_HAL_tim\Drivers\CMSIS\Include\mpu_armv8.h","projects\08_HAL_AND_FIRMWARE_ARCHITECTURE\stm32-hal-timer\course\Drivers\CMSIS\Include\mpu_armv8.h","11722","467A5CE9D65D9B37FC32E01001ED184500D56576F303713D27B76E68DD67911C","467A5CE9D65D9B37FC32E01001ED184500D56576F303713D27B76E68DD67911C","MATCH"
"day14\03_STM32_HAL_tim\Drivers\CMSIS\Include\pac_armv81.h","projects\08_HAL_AND_FIRMWARE_ARCHITECTURE\stm32-hal-timer\course\Drivers\CMSIS\Include\pac_armv81.h","6268","F3497AF055E95873809E4A79420E2B08915582466CEF2EB4235D8E03FAA7C3AB","F3497AF055E95873809E4A79420E2B08915582466CEF2EB4235D8E03FAA7C3AB","MATCH"
"day14\03_STM32_HAL_tim\Drivers\CMSIS\Include\pmu_armv8.h","projects\08_HAL_AND_FIRMWARE_ARCHITECTURE\stm32-hal-timer\course\Drivers\CMSIS\Include\pmu_armv8.h","23123","EF9AA2F1C5B03BEA488D4B74D33DB14ACDC6C87E500273D68D75A6D3902A4F62","EF9AA2F1C5B03BEA488D4B74D33DB14ACDC6C87E500273D68D75A6D3902A4F62","MATCH"
"day14\03_STM32_HAL_tim\Drivers\CMSIS\Include\tz_context.h","projects\08_HAL_AND_FIRMWARE_ARCHITECTURE\stm32-hal-timer\course\Drivers\CMSIS\Include\tz_context.h","2757","7FCC21FC190F6FD970390E9CAAA6A86D72FD10F9EDF4EFAB36F12AECF1A8BAA0","7FCC21FC190F6FD970390E9CAAA6A86D72FD10F9EDF4EFAB36F12AECF1A8BAA0","MATCH"
"day14\03_STM32_HAL_tim\Drivers\CMSIS\LICENSE.txt","projects\08_HAL_AND_FIRMWARE_ARCHITECTURE\stm32-hal-timer\course\Drivers\CMSIS\LICENSE.txt","11558","E03BA41D7FAB20700769FE4118BAB50D800CB74F990353A05D2F5FFF1C228363","E03BA41D7FAB20700769FE4118BAB50D800CB74F990353A05D2F5FFF1C228363","MATCH"
"day14\03_STM32_HAL_tim\Drivers\STM32F4xx_HAL_Driver\Inc\Legacy\stm32_hal_legacy.h","projects\08_HAL_AND_FIRMWARE_ARCHITECTURE\stm32-hal-timer\course\Drivers\STM32F4xx_HAL_Driver\Inc\Legacy\stm32_hal_legacy.h","240031","7D48F139A6FF1DDE6668FE4B032BEB4938C7C15481CCF0850B2EA60D93C6111B","7D48F139A6FF1DDE6668FE4B032BEB4938C7C15481CCF0850B2EA60D93C6111B","MATCH"
"day14\03_STM32_HAL_tim\Drivers\STM32F4xx_HAL_Driver\Inc\stm32f4xx_hal_cortex.h","projects\08_HAL_AND_FIRMWARE_ARCHITECTURE\stm32-hal-timer\course\Drivers\STM32F4xx_HAL_Driver\Inc\stm32f4xx_hal_cortex.h","17405","93D85A6EA4FBDBC7543F0822844C8F74F610FC2F61BCD95265B8E48A19CDE09E","93D85A6EA4FBDBC7543F0822844C8F74F610FC2F61BCD95265B8E48A19CDE09E","MATCH"
"day14\03_STM32_HAL_tim\Drivers\STM32F4xx_HAL_Driver\Inc\stm32f4xx_hal_def.h","projects\08_HAL_AND_FIRMWARE_ARCHITECTURE\stm32-hal-timer\course\Drivers\STM32F4xx_HAL_Driver\Inc\stm32f4xx_hal_def.h","7775","C6F30EAA09B8A72E7F503C757F312745EC10C317D37D568500DCCAB9587C1A6B","C6F30EAA09B8A72E7F503C757F312745EC10C317D37D568500DCCAB9587C1A6B","MATCH"
"day14\03_STM32_HAL_tim\Drivers\STM32F4xx_HAL_Driver\Inc\stm32f4xx_hal_dma_ex.h","projects\08_HAL_AND_FIRMWARE_ARCHITECTURE\stm32-hal-timer\course\Drivers\STM32F4xx_HAL_Driver\Inc\stm32f4xx_hal_dma_ex.h","2753","8AA0A347B502D924077675AD9BB446CF40B3A6DAB47CF8A6B5A9F9E21DBFCF20","8AA0A347B502D924077675AD9BB446CF40B3A6DAB47CF8A6B5A9F9E21DBFCF20","MATCH"
"day14\03_STM32_HAL_tim\Drivers\STM32F4xx_HAL_Driver\Inc\stm32f4xx_hal_dma.h","projects\08_HAL_AND_FIRMWARE_ARCHITECTURE\stm32-hal-timer\course\Drivers\STM32F4xx_HAL_Driver\Inc\stm32f4xx_hal_dma.h","38671","4DC4D29C8930A5EC06B6F4B13480BED13C238D2674B3AFAC47E6F71B2AE25B98","4DC4D29C8930A5EC06B6F4B13480BED13C238D2674B3AFAC47E6F71B2AE25B98","MATCH"
"day14\03_STM32_HAL_tim\Drivers\STM32F4xx_HAL_Driver\Inc\stm32f4xx_hal_exti.h","projects\08_HAL_AND_FIRMWARE_ARCHITECTURE\stm32-hal-timer\course\Drivers\STM32F4xx_HAL_Driver\Inc\stm32f4xx_hal_exti.h","15199","E786FC8C276267EC0650AB0FC5853B2CA63697131947321A4E7E7175554C3B04","E786FC8C276267EC0650AB0FC5853B2CA63697131947321A4E7E7175554C3B04","MATCH"
"day14\03_STM32_HAL_tim\Drivers\STM32F4xx_HAL_Driver\Inc\stm32f4xx_hal_flash_ex.h","projects\08_HAL_AND_FIRMWARE_ARCHITECTURE\stm32-hal-timer\course\Drivers\STM32F4xx_HAL_Driver\Inc\stm32f4xx_hal_flash_ex.h","65259","F34511EEC786510D75C096E33324648FC47D5F325666AC4CB724CACCFC5BC271","F34511EEC786510D75C096E33324648FC47D5F325666AC4CB724CACCFC5BC271","MATCH"
"day14\03_STM32_HAL_tim\Drivers\STM32F4xx_HAL_Driver\Inc\stm32f4xx_hal_flash_ramfunc.h","projects\08_HAL_AND_FIRMWARE_ARCHITECTURE\stm32-hal-timer\course\Drivers\STM32F4xx_HAL_Driver\Inc\stm32f4xx_hal_flash_ramfunc.h","2293","CD2D5AB9F93E7AC34846468450FEE989D47280D97AF99231D6E600E254F6C9CD","CD2D5AB9F93E7AC34846468450FEE989D47280D97AF99231D6E600E254F6C9CD","MATCH"
"day14\03_STM32_HAL_tim\Drivers\STM32F4xx_HAL_Driver\Inc\stm32f4xx_hal_flash.h","projects\08_HAL_AND_FIRMWARE_ARCHITECTURE\stm32-hal-timer\course\Drivers\STM32F4xx_HAL_Driver\Inc\stm32f4xx_hal_flash.h","14858","734543040B2E25B165C9087C36AF91FDA8EFDCFA8834440696384CD48F831E20","734543040B2E25B165C9087C36AF91FDA8EFDCFA8834440696384CD48F831E20","MATCH"
"day14\03_STM32_HAL_tim\Drivers\STM32F4xx_HAL_Driver\Inc\stm32f4xx_hal_gpio_ex.h","projects\08_HAL_AND_FIRMWARE_ARCHITECTURE\stm32-hal-timer\course\Drivers\STM32F4xx_HAL_Driver\Inc\stm32f4xx_hal_gpio_ex.h","82731","5963C4EA366CFD6DE3A91792A382DE6327D86542A6278592CC2B79E594C8AD91","5963C4EA366CFD6DE3A91792A382DE6327D86542A6278592CC2B79E594C8AD91","MATCH"
"day14\03_STM32_HAL_tim\Drivers\STM32F4xx_HAL_Driver\Inc\stm32f4xx_hal_gpio.h","projects\08_HAL_AND_FIRMWARE_ARCHITECTURE\stm32-hal-timer\course\Drivers\STM32F4xx_HAL_Driver\Inc\stm32f4xx_hal_gpio.h","14012","5829D91F2E060D30F5798DC71E4FEF5D7FFA7D99DA21E751EE03D527D664307F","5829D91F2E060D30F5798DC71E4FEF5D7FFA7D99DA21E751EE03D527D664307F","MATCH"
"day14\03_STM32_HAL_tim\Drivers\STM32F4xx_HAL_Driver\Inc\stm32f4xx_hal_pwr_ex.h","projects\08_HAL_AND_FIRMWARE_ARCHITECTURE\stm32-hal-timer\course\Drivers\STM32F4xx_HAL_Driver\Inc\stm32f4xx_hal_pwr_ex.h","16224","3F0CAC843ABD6C0AE3EF9A4EDC6353B6F96052F8D297BF8A474F23BDD9A1576B","3F0CAC843ABD6C0AE3EF9A4EDC6353B6F96052F8D297BF8A474F23BDD9A1576B","MATCH"
"day14\03_STM32_HAL_tim\Drivers\STM32F4xx_HAL_Driver\Inc\stm32f4xx_hal_pwr.h","projects\08_HAL_AND_FIRMWARE_ARCHITECTURE\stm32-hal-timer\course\Drivers\STM32F4xx_HAL_Driver\Inc\stm32f4xx_hal_pwr.h","14892","2A8A5905165B97971B44B5F0768E55ED30F28659D0BDF40DFC3E0EB9B1A34E1E","2A8A5905165B97971B44B5F0768E55ED30F28659D0BDF40DFC3E0EB9B1A34E1E","MATCH"
"day14\03_STM32_HAL_tim\Drivers\STM32F4xx_HAL_Driver\Inc\stm32f4xx_hal_rcc_ex.h","projects\08_HAL_AND_FIRMWARE_ARCHITECTURE\stm32-hal-timer\course\Drivers\STM32F4xx_HAL_Driver\Inc\stm32f4xx_hal_rcc_ex.h","444884","00F9D7965F6943C0BD11558A44C1BCD20E6F18183F0BBE4D53F51FB1CCE95691","00F9D7965F6943C0BD11558A44C1BCD20E6F18183F0BBE4D53F51FB1CCE95691","MATCH"
"day14\03_STM32_HAL_tim\Drivers\STM32F4xx_HAL_Driver\Inc\stm32f4xx_hal_rcc.h","projects\08_HAL_AND_FIRMWARE_ARCHITECTURE\stm32-hal-timer\course\Drivers\STM32F4xx_HAL_Driver\Inc\stm32f4xx_hal_rcc.h","74904","4E7BD94E6E692F43FB87E1969C305CF299BD48B1062C69256508DA0BB4D0426C","4E7BD94E6E692F43FB87E1969C305CF299BD48B1062C69256508DA0BB4D0426C","MATCH"
"day14\03_STM32_HAL_tim\Drivers\STM32F4xx_HAL_Driver\Inc\stm32f4xx_hal_tim_ex.h","projects\08_HAL_AND_FIRMWARE_ARCHITECTURE\stm32-hal-timer\course\Drivers\STM32F4xx_HAL_Driver\Inc\stm32f4xx_hal_tim_ex.h","16935","7DB25BA17F4806CAFE1AB73F420A1FCB179CBE3E9D5CEB673A3FB8ECA22189B8","7DB25BA17F4806CAFE1AB73F420A1FCB179CBE3E9D5CEB673A3FB8ECA22189B8","MATCH"
"day14\03_STM32_HAL_tim\Drivers\STM32F4xx_HAL_Driver\Inc\stm32f4xx_hal_tim.h","projects\08_HAL_AND_FIRMWARE_ARCHITECTURE\stm32-hal-timer\course\Drivers\STM32F4xx_HAL_Driver\Inc\stm32f4xx_hal_tim.h","125125","6685F8EFC3B0670D8231176871E8D0205A1E197EC413580DD729DEC50BC843E6","6685F8EFC3B0670D8231176871E8D0205A1E197EC413580DD729DEC50BC843E6","MATCH"
"day14\03_STM32_HAL_tim\Drivers\STM32F4xx_HAL_Driver\Inc\stm32f4xx_hal_uart.h","projects\08_HAL_AND_FIRMWARE_ARCHITECTURE\stm32-hal-timer\course\Drivers\STM32F4xx_HAL_Driver\Inc\stm32f4xx_hal_uart.h","46436","5D79BF1566C0767F1985FCD106412D6CD4BDECAD978AA8A5B2995320191C8040","5D79BF1566C0767F1985FCD106412D6CD4BDECAD978AA8A5B2995320191C8040","MATCH"
"day14\03_STM32_HAL_tim\Drivers\STM32F4xx_HAL_Driver\Inc\stm32f4xx_hal.h","projects\08_HAL_AND_FIRMWARE_ARCHITECTURE\stm32-hal-timer\course\Drivers\STM32F4xx_HAL_Driver\Inc\stm32f4xx_hal.h","12980","78F46C52267D3BB7A68349FBF02ECD9F6E2E375E3FEB80AC0829A870BDDCD514","78F46C52267D3BB7A68349FBF02ECD9F6E2E375E3FEB80AC0829A870BDDCD514","MATCH"
"day14\03_STM32_HAL_tim\Drivers\STM32F4xx_HAL_Driver\Inc\stm32f4xx_ll_bus.h","projects\08_HAL_AND_FIRMWARE_ARCHITECTURE\stm32-hal-timer\course\Drivers\STM32F4xx_HAL_Driver\Inc\stm32f4xx_ll_bus.h","101909","D237F4A55FF8221BABEF14237CEA628055F2E5E227ABF308B2DF56A4C6AA167A","D237F4A55FF8221BABEF14237CEA628055F2E5E227ABF308B2DF56A4C6AA167A","MATCH"
"day14\03_STM32_HAL_tim\Drivers\STM32F4xx_HAL_Driver\Inc\stm32f4xx_ll_cortex.h","projects\08_HAL_AND_FIRMWARE_ARCHITECTURE\stm32-hal-timer\course\Drivers\STM32F4xx_HAL_Driver\Inc\stm32f4xx_ll_cortex.h","24946","27AF4FB7B3ACB41A677A02C6C807EAC3BA5D7CF3857C2E4A74DE499742313FD1","27AF4FB7B3ACB41A677A02C6C807EAC3BA5D7CF3857C2E4A74DE499742313FD1","MATCH"
"day14\03_STM32_HAL_tim\Drivers\STM32F4xx_HAL_Driver\Inc\stm32f4xx_ll_dma.h","projects\08_HAL_AND_FIRMWARE_ARCHITECTURE\stm32-hal-timer\course\Drivers\STM32F4xx_HAL_Driver\Inc\stm32f4xx_ll_dma.h","109906","F086BA919DBF5C98FBA89317BCBD239FE1B647167CBAA810CE2DD02302AE8EB3","F086BA919DBF5C98FBA89317BCBD239FE1B647167CBAA810CE2DD02302AE8EB3","MATCH"
"day14\03_STM32_HAL_tim\Drivers\STM32F4xx_HAL_Driver\Inc\stm32f4xx_ll_exti.h","projects\08_HAL_AND_FIRMWARE_ARCHITECTURE\stm32-hal-timer\course\Drivers\STM32F4xx_HAL_Driver\Inc\stm32f4xx_ll_exti.h","35019","96329E1FC07EA1D7DB3A7970AF4D97A5172E29CF9BE5E7A45B7A011C960A33B9","96329E1FC07EA1D7DB3A7970AF4D97A5172E29CF9BE5E7A45B7A011C960A33B9","MATCH"
"day14\03_STM32_HAL_tim\Drivers\STM32F4xx_HAL_Driver\Inc\stm32f4xx_ll_gpio.h","projects\08_HAL_AND_FIRMWARE_ARCHITECTURE\stm32-hal-timer\course\Drivers\STM32F4xx_HAL_Driver\Inc\stm32f4xx_ll_gpio.h","38426","B874A353F6075B18A7B352F8EAC77497C32EFF162EC0005BE4C75346FDFF3908","B874A353F6075B18A7B352F8EAC77497C32EFF162EC0005BE4C75346FDFF3908","MATCH"
"day14\03_STM32_HAL_tim\Drivers\STM32F4xx_HAL_Driver\Inc\stm32f4xx_ll_pwr.h","projects\08_HAL_AND_FIRMWARE_ARCHITECTURE\stm32-hal-timer\course\Drivers\STM32F4xx_HAL_Driver\Inc\stm32f4xx_ll_pwr.h","32524","187DEC9842B95CF7F2A448BBB7A2C1B98AC8C8D0EA69D68CBCD5B05C4EAEB6B9","187DEC9842B95CF7F2A448BBB7A2C1B98AC8C8D0EA69D68CBCD5B05C4EAEB6B9","MATCH"
"day14\03_STM32_HAL_tim\Drivers\STM32F4xx_HAL_Driver\Inc\stm32f4xx_ll_rcc.h","projects\08_HAL_AND_FIRMWARE_ARCHITECTURE\stm32-hal-timer\course\Drivers\STM32F4xx_HAL_Driver\Inc\stm32f4xx_ll_rcc.h","348202","ECE5BA9AA627B04045437232BB332D1777D92F361DE9609C5D65290A425A9E41","ECE5BA9AA627B04045437232BB332D1777D92F361DE9609C5D65290A425A9E41","MATCH"
"day14\03_STM32_HAL_tim\Drivers\STM32F4xx_HAL_Driver\Inc\stm32f4xx_ll_system.h","projects\08_HAL_AND_FIRMWARE_ARCHITECTURE\stm32-hal-timer\course\Drivers\STM32F4xx_HAL_Driver\Inc\stm32f4xx_ll_system.h","72383","FEF5EA5A5BFB7F2C4059FB2C1262D884F0F25B379A3A982DDEFD81C50ED5CD89","FEF5EA5A5BFB7F2C4059FB2C1262D884F0F25B379A3A982DDEFD81C50ED5CD89","MATCH"
"day14\03_STM32_HAL_tim\Drivers\STM32F4xx_HAL_Driver\Inc\stm32f4xx_ll_tim.h","projects\08_HAL_AND_FIRMWARE_ARCHITECTURE\stm32-hal-timer\course\Drivers\STM32F4xx_HAL_Driver\Inc\stm32f4xx_ll_tim.h","179072","ECD43402EB66A91D63734EE50F7EED67EBAFD2B354A3069DF0E6A171B90F41CD","ECD43402EB66A91D63734EE50F7EED67EBAFD2B354A3069DF0E6A171B90F41CD","MATCH"
"day14\03_STM32_HAL_tim\Drivers\STM32F4xx_HAL_Driver\Inc\stm32f4xx_ll_usart.h","projects\08_HAL_AND_FIRMWARE_ARCHITECTURE\stm32-hal-timer\course\Drivers\STM32F4xx_HAL_Driver\Inc\stm32f4xx_ll_usart.h","100138","7C20FF842F7840D8D5B177D1283A5CFF886E3DE9CF0296E188EE196E3259506D","7C20FF842F7840D8D5B177D1283A5CFF886E3DE9CF0296E188EE196E3259506D","MATCH"
"day14\03_STM32_HAL_tim\Drivers\STM32F4xx_HAL_Driver\Inc\stm32f4xx_ll_utils.h","projects\08_HAL_AND_FIRMWARE_ARCHITECTURE\stm32-hal-timer\course\Drivers\STM32F4xx_HAL_Driver\Inc\stm32f4xx_ll_utils.h","10941","541DA4AC68D22E174CA4A038240F8DA3024B29CDF33ED0F9C9AF82159239FACC","541DA4AC68D22E174CA4A038240F8DA3024B29CDF33ED0F9C9AF82159239FACC","MATCH"
"day14\03_STM32_HAL_tim\Drivers\STM32F4xx_HAL_Driver\LICENSE.txt","projects\08_HAL_AND_FIRMWARE_ARCHITECTURE\stm32-hal-timer\course\Drivers\STM32F4xx_HAL_Driver\LICENSE.txt","383","BDC7B0F98DB4846279336431024C49A01D578A2EA1D19EC68797BBE33E718D2D","BDC7B0F98DB4846279336431024C49A01D578A2EA1D19EC68797BBE33E718D2D","MATCH"
"day14\03_STM32_HAL_tim\Drivers\STM32F4xx_HAL_Driver\Src\stm32f4xx_hal_cortex.c","projects\08_HAL_AND_FIRMWARE_ARCHITECTURE\stm32-hal-timer\course\Drivers\STM32F4xx_HAL_Driver\Src\stm32f4xx_hal_cortex.c","19301","2CC9C6492C0F4F57E48EEF8C84C42B227914645E0F3E865D104FE329F47BF8BE","2CC9C6492C0F4F57E48EEF8C84C42B227914645E0F3E865D104FE329F47BF8BE","MATCH"
"day14\03_STM32_HAL_tim\Drivers\STM32F4xx_HAL_Driver\Src\stm32f4xx_hal_dma_ex.c","projects\08_HAL_AND_FIRMWARE_ARCHITECTURE\stm32-hal-timer\course\Drivers\STM32F4xx_HAL_Driver\Src\stm32f4xx_hal_dma_ex.c","10587","000253CEC2E4C9E0678ADD30A7B01F854B27F4271CD3124F43023B993EEC54EA","000253CEC2E4C9E0678ADD30A7B01F854B27F4271CD3124F43023B993EEC54EA","MATCH"
"day14\03_STM32_HAL_tim\Drivers\STM32F4xx_HAL_Driver\Src\stm32f4xx_hal_dma.c","projects\08_HAL_AND_FIRMWARE_ARCHITECTURE\stm32-hal-timer\course\Drivers\STM32F4xx_HAL_Driver\Src\stm32f4xx_hal_dma.c","40830","F3DA7DC31942B79A88349C7F7DD38F6B586656B47C6FC78C8283925176368763","F3DA7DC31942B79A88349C7F7DD38F6B586656B47C6FC78C8283925176368763","MATCH"
"day14\03_STM32_HAL_tim\Drivers\STM32F4xx_HAL_Driver\Src\stm32f4xx_hal_exti.c","projects\08_HAL_AND_FIRMWARE_ARCHITECTURE\stm32-hal-timer\course\Drivers\STM32F4xx_HAL_Driver\Src\stm32f4xx_hal_exti.c","15475","B06EA7837BAC5A06CAD4627E6048D5D7BF9D6D8BFB66A2F78BFBF526B2E5620F","B06EA7837BAC5A06CAD4627E6048D5D7BF9D6D8BFB66A2F78BFBF526B2E5620F","MATCH"
"day14\03_STM32_HAL_tim\Drivers\STM32F4xx_HAL_Driver\Src\stm32f4xx_hal_flash_ex.c","projects\08_HAL_AND_FIRMWARE_ARCHITECTURE\stm32-hal-timer\course\Drivers\STM32F4xx_HAL_Driver\Src\stm32f4xx_hal_flash_ex.c","51251","EC7F19883964D7FED5005E24611DB97D5AD2DBDC5B63851E2587533E72CB632A","EC7F19883964D7FED5005E24611DB97D5AD2DBDC5B63851E2587533E72CB632A","MATCH"
"day14\03_STM32_HAL_tim\Drivers\STM32F4xx_HAL_Driver\Src\stm32f4xx_hal_flash_ramfunc.c","projects\08_HAL_AND_FIRMWARE_ARCHITECTURE\stm32-hal-timer\course\Drivers\STM32F4xx_HAL_Driver\Src\stm32f4xx_hal_flash_ramfunc.c","6199","2C33420EAB6AED3919241162D10B8AE21EC062D2904A4CEB7F9FBDCEFABED147","2C33420EAB6AED3919241162D10B8AE21EC062D2904A4CEB7F9FBDCEFABED147","MATCH"
"day14\03_STM32_HAL_tim\Drivers\STM32F4xx_HAL_Driver\Src\stm32f4xx_hal_flash.c","projects\08_HAL_AND_FIRMWARE_ARCHITECTURE\stm32-hal-timer\course\Drivers\STM32F4xx_HAL_Driver\Src\stm32f4xx_hal_flash.c","24788","05DE175A6754EBF6CAF91651DE750EE8CF05FE0549ADC5E0573050B0F855D4EA","05DE175A6754EBF6CAF91651DE750EE8CF05FE0549ADC5E0573050B0F855D4EA","MATCH"
"day14\03_STM32_HAL_tim\Drivers\STM32F4xx_HAL_Driver\Src\stm32f4xx_hal_gpio.c","projects\08_HAL_AND_FIRMWARE_ARCHITECTURE\stm32-hal-timer\course\Drivers\STM32F4xx_HAL_Driver\Src\stm32f4xx_hal_gpio.c","19377","72D8F3CB23A396CDBF9183C5CEA2A0C00CFA0336DEF3736652480C4491F38788","72D8F3CB23A396CDBF9183C5CEA2A0C00CFA0336DEF3736652480C4491F38788","MATCH"
"day14\03_STM32_HAL_tim\Drivers\STM32F4xx_HAL_Driver\Src\stm32f4xx_hal_pwr_ex.c","projects\08_HAL_AND_FIRMWARE_ARCHITECTURE\stm32-hal-timer\course\Drivers\STM32F4xx_HAL_Driver\Src\stm32f4xx_hal_pwr_ex.c","23373","FC8A26AD3A0F8359817C1B08C68AF50B9F7905A69C44E4599225EAA53A66E856","FC8A26AD3A0F8359817C1B08C68AF50B9F7905A69C44E4599225EAA53A66E856","MATCH"
"day14\03_STM32_HAL_tim\Drivers\STM32F4xx_HAL_Driver\Src\stm32f4xx_hal_pwr.c","projects\08_HAL_AND_FIRMWARE_ARCHITECTURE\stm32-hal-timer\course\Drivers\STM32F4xx_HAL_Driver\Src\stm32f4xx_hal_pwr.c","22582","89EA9BA1D4D0D40B21A7094935BFB8CE2A9B90DF4D742F5D04A51E1D7BBC8D68","89EA9BA1D4D0D40B21A7094935BFB8CE2A9B90DF4D742F5D04A51E1D7BBC8D68","MATCH"
"day14\03_STM32_HAL_tim\Drivers\STM32F4xx_HAL_Driver\Src\stm32f4xx_hal_rcc_ex.c","projects\08_HAL_AND_FIRMWARE_ARCHITECTURE\stm32-hal-timer\course\Drivers\STM32F4xx_HAL_Driver\Src\stm32f4xx_hal_rcc_ex.c","159466","6B284323FFD5286E10B90DD7E2D9E8A0D222C43A966D636A1D5ED47B19CCD07B","6B284323FFD5286E10B90DD7E2D9E8A0D222C43A966D636A1D5ED47B19CCD07B","MATCH"
"day14\03_STM32_HAL_tim\Drivers\STM32F4xx_HAL_Driver\Src\stm32f4xx_hal_rcc.c","projects\08_HAL_AND_FIRMWARE_ARCHITECTURE\stm32-hal-timer\course\Drivers\STM32F4xx_HAL_Driver\Src\stm32f4xx_hal_rcc.c","43467","08B83E2E595AB1835BBDB50DF69418A71C63C3C9D5F7C993F1775FA33C5BFE25","08B83E2E595AB1835BBDB50DF69418A71C63C3C9D5F7C993F1775FA33C5BFE25","MATCH"
"day14\03_STM32_HAL_tim\Drivers\STM32F4xx_HAL_Driver\Src\stm32f4xx_hal_tim_ex.c","projects\08_HAL_AND_FIRMWARE_ARCHITECTURE\stm32-hal-timer\course\Drivers\STM32F4xx_HAL_Driver\Src\stm32f4xx_hal_tim_ex.c","84008","B3F85B80ECCC5B00F5DF119711C5DC8B93F7D297490A951AA600A971D28D6F6E","B3F85B80ECCC5B00F5DF119711C5DC8B93F7D297490A951AA600A971D28D6F6E","MATCH"
"day14\03_STM32_HAL_tim\Drivers\STM32F4xx_HAL_Driver\Src\stm32f4xx_hal_tim.c","projects\08_HAL_AND_FIRMWARE_ARCHITECTURE\stm32-hal-timer\course\Drivers\STM32F4xx_HAL_Driver\Src\stm32f4xx_hal_tim.c","251804","7DC188B13A858B671B79684859AE6A5C6CF7716A9591744818209E6679E4A5CF","7DC188B13A858B671B79684859AE6A5C6CF7716A9591744818209E6679E4A5CF","MATCH"
"day14\03_STM32_HAL_tim\Drivers\STM32F4xx_HAL_Driver\Src\stm32f4xx_hal_uart.c","projects\08_HAL_AND_FIRMWARE_ARCHITECTURE\stm32-hal-timer\course\Drivers\STM32F4xx_HAL_Driver\Src\stm32f4xx_hal_uart.c","139424","9F59720F39849977A09570260EDFD63F089C8F723D836E4BBF8B7769D8A91C1D","9F59720F39849977A09570260EDFD63F089C8F723D836E4BBF8B7769D8A91C1D","MATCH"
"day14\03_STM32_HAL_tim\Drivers\STM32F4xx_HAL_Driver\Src\stm32f4xx_hal.c","projects\08_HAL_AND_FIRMWARE_ARCHITECTURE\stm32-hal-timer\course\Drivers\STM32F4xx_HAL_Driver\Src\stm32f4xx_hal.c","19804","51494455BC1C0E6F8A1529F2C9620DB73BF24758AF4523B2B71A8AB494FD406C","51494455BC1C0E6F8A1529F2C9620DB73BF24758AF4523B2B71A8AB494FD406C","MATCH"
"day14\03_STM32_HAL_tim\MDK-ARM\03_STM32_HAL_tim.uvprojx","projects\08_HAL_AND_FIRMWARE_ARCHITECTURE\stm32-hal-timer\course\MDK-ARM\03_STM32_HAL_tim.uvprojx","20051","83C14741B8DFCE52EDCB355971762DE33F7E0D3715267C1498DD53ADB7E68620","83C14741B8DFCE52EDCB355971762DE33F7E0D3715267C1498DD53ADB7E68620","MATCH"
"day14\03_STM32_HAL_tim\MDK-ARM\03_STM32_HAL_tim\03_STM32_HAL_tim.sct","projects\08_HAL_AND_FIRMWARE_ARCHITECTURE\stm32-hal-timer\course\MDK-ARM\03_STM32_HAL_tim\03_STM32_HAL_tim.sct","494","F87CA14645873E589EF5A3F63FE499879F3447467522E5122501B845C22586F7","F87CA14645873E589EF5A3F63FE499879F3447467522E5122501B845C22586F7","MATCH"
"day14\03_STM32_HAL_tim\MDK-ARM\EventRecorderStub.scvd","projects\08_HAL_AND_FIRMWARE_ARCHITECTURE\stm32-hal-timer\course\MDK-ARM\EventRecorderStub.scvd","339","C0BC76C307786AE399F79BF32D410F7D6C46E0AC1208CC882F60AC2649CBA601","C0BC76C307786AE399F79BF32D410F7D6C46E0AC1208CC882F60AC2649CBA601","MATCH"
"day14\03_STM32_HAL_tim\MDK-ARM\RTE\_03_STM32_HAL_tim\RTE_Components.h","projects\08_HAL_AND_FIRMWARE_ARCHITECTURE\stm32-hal-timer\course\MDK-ARM\RTE\_03_STM32_HAL_tim\RTE_Components.h","334","12150081A55FF01A49CB50F48645B5432B62AC40B8E5B2A062543227E707DEF3","12150081A55FF01A49CB50F48645B5432B62AC40B8E5B2A062543227E707DEF3","MATCH"
"day14\03_STM32_HAL_tim\MDK-ARM\startup_stm32f407xx.s","projects\08_HAL_AND_FIRMWARE_ARCHITECTURE\stm32-hal-timer\course\MDK-ARM\startup_stm32f407xx.s","28816","77B28AFAA17D3BD31B983055DCFFC57BA475945EB499A453876E2762DAC1D6BA","77B28AFAA17D3BD31B983055DCFFC57BA475945EB499A453876E2762DAC1D6BA","MATCH"
"day13\03_STM32_HAL_usart\.mxproject","projects\08_HAL_AND_FIRMWARE_ARCHITECTURE\stm32-hal-usart\course\.mxproject","8653","16305D9A8BA4A0E179FC9E26934F310AD05C96063BDA8648AAEDDC88EC4F2878","16305D9A8BA4A0E179FC9E26934F310AD05C96063BDA8648AAEDDC88EC4F2878","MATCH"
"day13\03_STM32_HAL_usart\03_STM32_HAL_usart.ioc","projects\08_HAL_AND_FIRMWARE_ARCHITECTURE\stm32-hal-usart\course\03_STM32_HAL_usart.ioc","6041","A708ECB2689482569534A0C483956A5B1220CE17532C00E012BDC129896B7F99","A708ECB2689482569534A0C483956A5B1220CE17532C00E012BDC129896B7F99","MATCH"
"day13\03_STM32_HAL_usart\Core\Inc\dma.h","projects\08_HAL_AND_FIRMWARE_ARCHITECTURE\stm32-hal-usart\course\Core\Inc\dma.h","1393","CA81391056A411962C83DB097580C964EF66C2B417ED80CADD3606FCB91A62D0","CA81391056A411962C83DB097580C964EF66C2B417ED80CADD3606FCB91A62D0","MATCH"
"day13\03_STM32_HAL_usart\Core\Inc\gpio.h","projects\08_HAL_AND_FIRMWARE_ARCHITECTURE\stm32-hal-usart\course\Core\Inc\gpio.h","1313","ED4DD400A061AD318521CF96AE903FE21D1ABA75FBB685603C3F78DB56DF226B","ED4DD400A061AD318521CF96AE903FE21D1ABA75FBB685603C3F78DB56DF226B","MATCH"
"day13\03_STM32_HAL_usart\Core\Inc\main.h","projects\08_HAL_AND_FIRMWARE_ARCHITECTURE\stm32-hal-usart\course\Core\Inc\main.h","2003","9DC16883C716161ADA495FC3B182202054373D71AF9F7C8746280ABD0BFCADFD","9DC16883C716161ADA495FC3B182202054373D71AF9F7C8746280ABD0BFCADFD","MATCH"
"day13\03_STM32_HAL_usart\Core\Inc\stm32f4xx_hal_conf.h","projects\08_HAL_AND_FIRMWARE_ARCHITECTURE\stm32-hal-usart\course\Core\Inc\stm32f4xx_hal_conf.h","20043","1A99ABB87226178D5E9A42D351EF3B4A84268668B75A261CF23853034C3671DF","1A99ABB87226178D5E9A42D351EF3B4A84268668B75A261CF23853034C3671DF","MATCH"
"day13\03_STM32_HAL_usart\Core\Inc\stm32f4xx_it.h","projects\08_HAL_AND_FIRMWARE_ARCHITECTURE\stm32-hal-usart\course\Core\Inc\stm32f4xx_it.h","2031","EE26A4C951697D1811FB24D6C53F44C8B6056830B4222C41DE742642AA50FB81","EE26A4C951697D1811FB24D6C53F44C8B6056830B4222C41DE742642AA50FB81","MATCH"
"day13\03_STM32_HAL_usart\Core\Inc\usart.h","projects\08_HAL_AND_FIRMWARE_ARCHITECTURE\stm32-hal-usart\course\Core\Inc\usart.h","1364","4A1BBA5C2B1088E014514A2244AA94ACF8A98A7AA3C796B2460DAC70FEB816E2","4A1BBA5C2B1088E014514A2244AA94ACF8A98A7AA3C796B2460DAC70FEB816E2","MATCH"
"day13\03_STM32_HAL_usart\Core\Src\dma.c","projects\08_HAL_AND_FIRMWARE_ARCHITECTURE\stm32-hal-usart\course\Core\Src\dma.c","1744","5341357D0626B59B53B6EF8DAE15566AB6ED0189408B07668335A36AF8186ABF","5341357D0626B59B53B6EF8DAE15566AB6ED0189408B07668335A36AF8186ABF","MATCH"
"day13\03_STM32_HAL_usart\Core\Src\gpio.c","projects\08_HAL_AND_FIRMWARE_ARCHITECTURE\stm32-hal-usart\course\Core\Src\gpio.c","1500","D2C1F1AA83EAE92F7C4B1D9E6BBE4D6E3123805FBCAD5B7FD2AEA5E5CE484D8D","D2C1F1AA83EAE92F7C4B1D9E6BBE4D6E3123805FBCAD5B7FD2AEA5E5CE484D8D","MATCH"
"day13\03_STM32_HAL_usart\Core\Src\main.c","projects\08_HAL_AND_FIRMWARE_ARCHITECTURE\stm32-hal-usart\course\Core\Src\main.c","6907","5B91C04FC6EFE1BFC1C3930692C8690940102DFB93CD55D01512851DA5CBA17B","5B91C04FC6EFE1BFC1C3930692C8690940102DFB93CD55D01512851DA5CBA17B","MATCH"
"day13\03_STM32_HAL_usart\Core\Src\stm32f4xx_hal_msp.c","projects\08_HAL_AND_FIRMWARE_ARCHITECTURE\stm32-hal-usart\course\Core\Src\stm32f4xx_hal_msp.c","2231","29BEC55D569A16B71D8D6D93C8A46CCD343287712D82E8B3DFB65D0129174D1D","29BEC55D569A16B71D8D6D93C8A46CCD343287712D82E8B3DFB65D0129174D1D","MATCH"
"day13\03_STM32_HAL_usart\Core\Src\stm32f4xx_it.c","projects\08_HAL_AND_FIRMWARE_ARCHITECTURE\stm32-hal-usart\course\Core\Src\stm32f4xx_it.c","6503","F39873E7A754155E50A235531939E7DBE623C4D1EE7222D55F7AFA3041C3E7A0","F39873E7A754155E50A235531939E7DBE623C4D1EE7222D55F7AFA3041C3E7A0","MATCH"
"day13\03_STM32_HAL_usart\Core\Src\system_stm32f4xx.c","projects\08_HAL_AND_FIRMWARE_ARCHITECTURE\stm32-hal-usart\course\Core\Src\system_stm32f4xx.c","27589","CDEC0A2A4F0CFDE6EAE5BC16FCE9466367FB3E2986BDFAA673822B64548958FE","CDEC0A2A4F0CFDE6EAE5BC16FCE9466367FB3E2986BDFAA673822B64548958FE","MATCH"
"day13\03_STM32_HAL_usart\Core\Src\usart.c","projects\08_HAL_AND_FIRMWARE_ARCHITECTURE\stm32-hal-usart\course\Core\Src\usart.c","4886","6D3D44DCABF7C89033CFE24DE8FB912193A04B24D41B40FF8484C4DAC07F79D9","6D3D44DCABF7C89033CFE24DE8FB912193A04B24D41B40FF8484C4DAC07F79D9","MATCH"
"day13\03_STM32_HAL_usart\Drivers\CMSIS\Device\ST\STM32F4xx\Include\stm32f407xx.h","projects\08_HAL_AND_FIRMWARE_ARCHITECTURE\stm32-hal-usart\course\Drivers\CMSIS\Device\ST\STM32F4xx\Include\stm32f407xx.h","1208799","E4E38F39DC15F3D79D3EAB5270396B260381898C67B6DA9578D96D59B8ED99DC","E4E38F39DC15F3D79D3EAB5270396B260381898C67B6DA9578D96D59B8ED99DC","MATCH"
"day13\03_STM32_HAL_usart\Drivers\CMSIS\Device\ST\STM32F4xx\Include\stm32f4xx.h","projects\08_HAL_AND_FIRMWARE_ARCHITECTURE\stm32-hal-usart\course\Drivers\CMSIS\Device\ST\STM32F4xx\Include\stm32f4xx.h","12228","D3F227F83E5AB4A27BAA3FF90AA5B08DC8AF961C1A6BBFB8B29C422A806A33C9","D3F227F83E5AB4A27BAA3FF90AA5B08DC8AF961C1A6BBFB8B29C422A806A33C9","MATCH"
"day13\03_STM32_HAL_usart\Drivers\CMSIS\Device\ST\STM32F4xx\Include\system_stm32f4xx.h","projects\08_HAL_AND_FIRMWARE_ARCHITECTURE\stm32-hal-usart\course\Drivers\CMSIS\Device\ST\STM32F4xx\Include\system_stm32f4xx.h","2318","6BA46A957D0C32196D03304B981DB5BE8C3969D41953A53A364CA861085277D1","6BA46A957D0C32196D03304B981DB5BE8C3969D41953A53A364CA861085277D1","MATCH"
"day13\03_STM32_HAL_usart\Drivers\CMSIS\Device\ST\STM32F4xx\LICENSE.txt","projects\08_HAL_AND_FIRMWARE_ARCHITECTURE\stm32-hal-usart\course\Drivers\CMSIS\Device\ST\STM32F4xx\LICENSE.txt","377","D65CAD1327EB8DAE95D0AEAB71FB22505F99A3D7CD1CE2530D7D40C52AECE002","D65CAD1327EB8DAE95D0AEAB71FB22505F99A3D7CD1CE2530D7D40C52AECE002","MATCH"
"day13\03_STM32_HAL_usart\Drivers\CMSIS\Include\cachel1_armv7.h","projects\08_HAL_AND_FIRMWARE_ARCHITECTURE\stm32-hal-usart\course\Drivers\CMSIS\Include\cachel1_armv7.h","12498","6CDB5B324F2FD1BB5B2F47298BA6E6777E735D7CAD3BB8D942CD36E2C6E65328","6CDB5B324F2FD1BB5B2F47298BA6E6777E735D7CAD3BB8D942CD36E2C6E65328","MATCH"
"day13\03_STM32_HAL_usart\Drivers\CMSIS\Include\cmsis_armcc.h","projects\08_HAL_AND_FIRMWARE_ARCHITECTURE\stm32-hal-usart\course\Drivers\CMSIS\Include\cmsis_armcc.h","28887","D074534D7106CEC83474B3B0A897BD2553E1A8895ECBD54F4F4FB25928066EEE","D074534D7106CEC83474B3B0A897BD2553E1A8895ECBD54F4F4FB25928066EEE","MATCH"
"day13\03_STM32_HAL_usart\Drivers\CMSIS\Include\cmsis_armclang_ltm.h","projects\08_HAL_AND_FIRMWARE_ARCHITECTURE\stm32-hal-usart\course\Drivers\CMSIS\Include\cmsis_armclang_ltm.h","57949","8621969EA669A1B230FF2125A760EF66D575C48CB45E9E457F768909ABCBDA46","8621969EA669A1B230FF2125A760EF66D575C48CB45E9E457F768909ABCBDA46","MATCH"
"day13\03_STM32_HAL_usart\Drivers\CMSIS\Include\cmsis_armclang.h","projects\08_HAL_AND_FIRMWARE_ARCHITECTURE\stm32-hal-usart\course\Drivers\CMSIS\Include\cmsis_armclang.h","49920","11B39B96DDC1125124762B3423A77B90DD40EA5B4582A3513830245046B24311","11B39B96DDC1125124762B3423A77B90DD40EA5B4582A3513830245046B24311","MATCH"
"day13\03_STM32_HAL_usart\Drivers\CMSIS\Include\cmsis_compiler.h","projects\08_HAL_AND_FIRMWARE_ARCHITECTURE\stm32-hal-usart\course\Drivers\CMSIS\Include\cmsis_compiler.h","9764","869640702D811C4C63ABB52206715C891A93FD03BE954DF5AD40D378355AF3D6","869640702D811C4C63ABB52206715C891A93FD03BE954DF5AD40D378355AF3D6","MATCH"
"day13\03_STM32_HAL_usart\Drivers\CMSIS\Include\cmsis_gcc.h","projects\08_HAL_AND_FIRMWARE_ARCHITECTURE\stm32-hal-usart\course\Drivers\CMSIS\Include\cmsis_gcc.h","65585","3D4E265D0AA42F888385CCF073666E6EBB5EC9F834760B9DA27C474E177F708D","3D4E265D0AA42F888385CCF073666E6EBB5EC9F834760B9DA27C474E177F708D","MATCH"
"day13\03_STM32_HAL_usart\Drivers\CMSIS\Include\cmsis_iccarm.h","projects\08_HAL_AND_FIRMWARE_ARCHITECTURE\stm32-hal-usart\course\Drivers\CMSIS\Include\cmsis_iccarm.h","30071","F28119ADBC81FB0E3C957C9AEBE8FB423AD93634E76EAD3CAA2B0818D2E123AE","F28119ADBC81FB0E3C957C9AEBE8FB423AD93634E76EAD3CAA2B0818D2E123AE","MATCH"
"day13\03_STM32_HAL_usart\Drivers\CMSIS\Include\cmsis_version.h","projects\08_HAL_AND_FIRMWARE_ARCHITECTURE\stm32-hal-usart\course\Drivers\CMSIS\Include\cmsis_version.h","1719","8CDA7AC3FF6F0EB5E83C4FE613DD195151B24DA54167F5C3C007E599A03F1EDC","8CDA7AC3FF6F0EB5E83C4FE613DD195151B24DA54167F5C3C007E599A03F1EDC","MATCH"
"day13\03_STM32_HAL_usart\Drivers\CMSIS\Include\core_armv81mml.h","projects\08_HAL_AND_FIRMWARE_ARCHITECTURE\stm32-hal-usart\course\Drivers\CMSIS\Include\core_armv81mml.h","280868","255663BC446FEB00E341D682F7F78EC6F301A5C1802D856BCDD18D7552393DFF","255663BC446FEB00E341D682F7F78EC6F301A5C1802D856BCDD18D7552393DFF","MATCH"
"day13\03_STM32_HAL_usart\Drivers\CMSIS\Include\core_armv8mbl.h","projects\08_HAL_AND_FIRMWARE_ARCHITECTURE\stm32-hal-usart\course\Drivers\CMSIS\Include\core_armv8mbl.h","117226","B5A662723F65A9FE1FBDE82B83681DAEC28AADB78C2DC95E531D6FB6BB396DDE","B5A662723F65A9FE1FBDE82B83681DAEC28AADB78C2DC95E531D6FB6BB396DDE","MATCH"
"day13\03_STM32_HAL_usart\Drivers\CMSIS\Include\core_armv8mml.h","projects\08_HAL_AND_FIRMWARE_ARCHITECTURE\stm32-hal-usart\course\Drivers\CMSIS\Include\core_armv8mml.h","186400","17021C385F47945F2376FBB30F2F2E3FC28BD0F3D97EB857D212C192C54AB3FC","17021C385F47945F2376FBB30F2F2E3FC28BD0F3D97EB857D212C192C54AB3FC","MATCH"
"day13\03_STM32_HAL_usart\Drivers\CMSIS\Include\core_cm0.h","projects\08_HAL_AND_FIRMWARE_ARCHITECTURE\stm32-hal-usart\course\Drivers\CMSIS\Include\core_cm0.h","42595","5CC53E723EE0E97455233F8DEE892940209E2FFF66071D66D74BAB56C528B199","5CC53E723EE0E97455233F8DEE892940209E2FFF66071D66D74BAB56C528B199","MATCH"
"day13\03_STM32_HAL_usart\Drivers\CMSIS\Include\core_cm0plus.h","projects\08_HAL_AND_FIRMWARE_ARCHITECTURE\stm32-hal-usart\course\Drivers\CMSIS\Include\core_cm0plus.h","50964","A19E24C136145B4C72630D0AB7C83A7AEF010F3BA165E34C56A05057A2D9FED5","A19E24C136145B4C72630D0AB7C83A7AEF010F3BA165E34C56A05057A2D9FED5","MATCH"
"day13\03_STM32_HAL_usart\Drivers\CMSIS\Include\core_cm1.h","projects\08_HAL_AND_FIRMWARE_ARCHITECTURE\stm32-hal-usart\course\Drivers\CMSIS\Include\core_cm1.h","43605","C243C4AFB291068FE7078D2911B2F0001E78A4D5466C26728611B06147D65C2B","C243C4AFB291068FE7078D2911B2F0001E78A4D5466C26728611B06147D65C2B","MATCH"
"day13\03_STM32_HAL_usart\Drivers\CMSIS\Include\core_cm23.h","projects\08_HAL_AND_FIRMWARE_ARCHITECTURE\stm32-hal-usart\course\Drivers\CMSIS\Include\core_cm23.h","123853","B6FB9BB5FAEDFFE8EEC563550E21DC9097C9F64956258B2AF51E6D4D88CA4411","B6FB9BB5FAEDFFE8EEC563550E21DC9097C9F64956258B2AF51E6D4D88CA4411","MATCH"
"day13\03_STM32_HAL_usart\Drivers\CMSIS\Include\core_cm3.h","projects\08_HAL_AND_FIRMWARE_ARCHITECTURE\stm32-hal-usart\course\Drivers\CMSIS\Include\core_cm3.h","111472","0FB7749EA828CAD4FDED65BBEEFC3FD0CFF1EFFBB7C784F7086526FD69E26719","0FB7749EA828CAD4FDED65BBEEFC3FD0CFF1EFFBB7C784F7086526FD69E26719","MATCH"
"day13\03_STM32_HAL_usart\Drivers\CMSIS\Include\core_cm33.h","projects\08_HAL_AND_FIRMWARE_ARCHITECTURE\stm32-hal-usart\course\Drivers\CMSIS\Include\core_cm33.h","192801","D5C5FC559CBBBC1E495AF4AC2EA81959BCADB35AA69ECB1C20D183C3ED9CFEAE","D5C5FC559CBBBC1E495AF4AC2EA81959BCADB35AA69ECB1C20D183C3ED9CFEAE","MATCH"
"day13\03_STM32_HAL_usart\Drivers\CMSIS\Include\core_cm35p.h","projects\08_HAL_AND_FIRMWARE_ARCHITECTURE\stm32-hal-usart\course\Drivers\CMSIS\Include\core_cm35p.h","192816","E52A069FFDACDBF000FFCC6F1766F0DCDFEF1BB60F5E8CA0602BCBCFD2B69FA1","E52A069FFDACDBF000FFCC6F1766F0DCDFEF1BB60F5E8CA0602BCBCFD2B69FA1","MATCH"
"day13\03_STM32_HAL_usart\Drivers\CMSIS\Include\core_cm4.h","projects\08_HAL_AND_FIRMWARE_ARCHITECTURE\stm32-hal-usart\course\Drivers\CMSIS\Include\core_cm4.h","123104","D59A9E3ED4CF43A3C74A2E48F344D41BE2B6363EF9394EA2C551052FE553A6AF","D59A9E3ED4CF43A3C74A2E48F344D41BE2B6363EF9394EA2C551052FE553A6AF","MATCH"
"day13\03_STM32_HAL_usart\Drivers\CMSIS\Include\core_cm55.h","projects\08_HAL_AND_FIRMWARE_ARCHITECTURE\stm32-hal-usart\course\Drivers\CMSIS\Include\core_cm55.h","322267","BF661F2B792AD123795207BAFD405D6B250690C65A28232A92485D6FDBB76D98","BF661F2B792AD123795207BAFD405D6B250690C65A28232A92485D6FDBB76D98","MATCH"
"day13\03_STM32_HAL_usart\Drivers\CMSIS\Include\core_cm7.h","projects\08_HAL_AND_FIRMWARE_ARCHITECTURE\stm32-hal-usart\course\Drivers\CMSIS\Include\core_cm7.h","141314","A361F5FF7B053831CDBBC068EAE9609CD6681414C9A95C26DF582D686A2378B8","A361F5FF7B053831CDBBC068EAE9609CD6681414C9A95C26DF582D686A2378B8","MATCH"
"day13\03_STM32_HAL_usart\Drivers\CMSIS\Include\core_cm85.h","projects\08_HAL_AND_FIRMWARE_ARCHITECTURE\stm32-hal-usart\course\Drivers\CMSIS\Include\core_cm85.h","313000","062019526B524285BEE161459F65CE7C9BF827C2CEABC4101FD150F6D80B37F5","062019526B524285BEE161459F65CE7C9BF827C2CEABC4101FD150F6D80B37F5","MATCH"
"day13\03_STM32_HAL_usart\Drivers\CMSIS\Include\core_sc000.h","projects\08_HAL_AND_FIRMWARE_ARCHITECTURE\stm32-hal-usart\course\Drivers\CMSIS\Include\core_sc000.h","47592","4EC2D6FF893658C6BB7B1C56E6256087F3A2ED1E662C226E4BA11CFAAD28D05D","4EC2D6FF893658C6BB7B1C56E6256087F3A2ED1E662C226E4BA11CFAAD28D05D","MATCH"
"day13\03_STM32_HAL_usart\Drivers\CMSIS\Include\core_sc300.h","projects\08_HAL_AND_FIRMWARE_ARCHITECTURE\stm32-hal-usart\course\Drivers\CMSIS\Include\core_sc300.h","110441","4CA0E6F1FEC869E4942C70028CE2F3C9AE00A65A69C35F467840AF3FC3D03AE5","4CA0E6F1FEC869E4942C70028CE2F3C9AE00A65A69C35F467840AF3FC3D03AE5","MATCH"
"day13\03_STM32_HAL_usart\Drivers\CMSIS\Include\core_starmc1.h","projects\08_HAL_AND_FIRMWARE_ARCHITECTURE\stm32-hal-usart\course\Drivers\CMSIS\Include\core_starmc1.h","196647","47978DC5BFB51C5EDD09178D99C9B9163D500D48181985DA4EAD5A3C20D9A85B","47978DC5BFB51C5EDD09178D99C9B9163D500D48181985DA4EAD5A3C20D9A85B","MATCH"
"day13\03_STM32_HAL_usart\Drivers\CMSIS\Include\mpu_armv7.h","projects\08_HAL_AND_FIRMWARE_ARCHITECTURE\stm32-hal-usart\course\Drivers\CMSIS\Include\mpu_armv7.h","12006","DE1B5EB9ED566527B66DC06F4ECB6A43AB6800F7DAC47E87C9CB42984DCA41BB","DE1B5EB9ED566527B66DC06F4ECB6A43AB6800F7DAC47E87C9CB42984DCA41BB","MATCH"
"day13\03_STM32_HAL_usart\Drivers\CMSIS\Include\mpu_armv8.h","projects\08_HAL_AND_FIRMWARE_ARCHITECTURE\stm32-hal-usart\course\Drivers\CMSIS\Include\mpu_armv8.h","11722","467A5CE9D65D9B37FC32E01001ED184500D56576F303713D27B76E68DD67911C","467A5CE9D65D9B37FC32E01001ED184500D56576F303713D27B76E68DD67911C","MATCH"
"day13\03_STM32_HAL_usart\Drivers\CMSIS\Include\pac_armv81.h","projects\08_HAL_AND_FIRMWARE_ARCHITECTURE\stm32-hal-usart\course\Drivers\CMSIS\Include\pac_armv81.h","6268","F3497AF055E95873809E4A79420E2B08915582466CEF2EB4235D8E03FAA7C3AB","F3497AF055E95873809E4A79420E2B08915582466CEF2EB4235D8E03FAA7C3AB","MATCH"
"day13\03_STM32_HAL_usart\Drivers\CMSIS\Include\pmu_armv8.h","projects\08_HAL_AND_FIRMWARE_ARCHITECTURE\stm32-hal-usart\course\Drivers\CMSIS\Include\pmu_armv8.h","23123","EF9AA2F1C5B03BEA488D4B74D33DB14ACDC6C87E500273D68D75A6D3902A4F62","EF9AA2F1C5B03BEA488D4B74D33DB14ACDC6C87E500273D68D75A6D3902A4F62","MATCH"
"day13\03_STM32_HAL_usart\Drivers\CMSIS\Include\tz_context.h","projects\08_HAL_AND_FIRMWARE_ARCHITECTURE\stm32-hal-usart\course\Drivers\CMSIS\Include\tz_context.h","2757","7FCC21FC190F6FD970390E9CAAA6A86D72FD10F9EDF4EFAB36F12AECF1A8BAA0","7FCC21FC190F6FD970390E9CAAA6A86D72FD10F9EDF4EFAB36F12AECF1A8BAA0","MATCH"
"day13\03_STM32_HAL_usart\Drivers\CMSIS\LICENSE.txt","projects\08_HAL_AND_FIRMWARE_ARCHITECTURE\stm32-hal-usart\course\Drivers\CMSIS\LICENSE.txt","11558","E03BA41D7FAB20700769FE4118BAB50D800CB74F990353A05D2F5FFF1C228363","E03BA41D7FAB20700769FE4118BAB50D800CB74F990353A05D2F5FFF1C228363","MATCH"
"day13\03_STM32_HAL_usart\Drivers\STM32F4xx_HAL_Driver\Inc\Legacy\stm32_hal_legacy.h","projects\08_HAL_AND_FIRMWARE_ARCHITECTURE\stm32-hal-usart\course\Drivers\STM32F4xx_HAL_Driver\Inc\Legacy\stm32_hal_legacy.h","240031","7D48F139A6FF1DDE6668FE4B032BEB4938C7C15481CCF0850B2EA60D93C6111B","7D48F139A6FF1DDE6668FE4B032BEB4938C7C15481CCF0850B2EA60D93C6111B","MATCH"
"day13\03_STM32_HAL_usart\Drivers\STM32F4xx_HAL_Driver\Inc\stm32f4xx_hal_cortex.h","projects\08_HAL_AND_FIRMWARE_ARCHITECTURE\stm32-hal-usart\course\Drivers\STM32F4xx_HAL_Driver\Inc\stm32f4xx_hal_cortex.h","17405","93D85A6EA4FBDBC7543F0822844C8F74F610FC2F61BCD95265B8E48A19CDE09E","93D85A6EA4FBDBC7543F0822844C8F74F610FC2F61BCD95265B8E48A19CDE09E","MATCH"
"day13\03_STM32_HAL_usart\Drivers\STM32F4xx_HAL_Driver\Inc\stm32f4xx_hal_def.h","projects\08_HAL_AND_FIRMWARE_ARCHITECTURE\stm32-hal-usart\course\Drivers\STM32F4xx_HAL_Driver\Inc\stm32f4xx_hal_def.h","7775","C6F30EAA09B8A72E7F503C757F312745EC10C317D37D568500DCCAB9587C1A6B","C6F30EAA09B8A72E7F503C757F312745EC10C317D37D568500DCCAB9587C1A6B","MATCH"
"day13\03_STM32_HAL_usart\Drivers\STM32F4xx_HAL_Driver\Inc\stm32f4xx_hal_dma_ex.h","projects\08_HAL_AND_FIRMWARE_ARCHITECTURE\stm32-hal-usart\course\Drivers\STM32F4xx_HAL_Driver\Inc\stm32f4xx_hal_dma_ex.h","2753","8AA0A347B502D924077675AD9BB446CF40B3A6DAB47CF8A6B5A9F9E21DBFCF20","8AA0A347B502D924077675AD9BB446CF40B3A6DAB47CF8A6B5A9F9E21DBFCF20","MATCH"
"day13\03_STM32_HAL_usart\Drivers\STM32F4xx_HAL_Driver\Inc\stm32f4xx_hal_dma.h","projects\08_HAL_AND_FIRMWARE_ARCHITECTURE\stm32-hal-usart\course\Drivers\STM32F4xx_HAL_Driver\Inc\stm32f4xx_hal_dma.h","38671","4DC4D29C8930A5EC06B6F4B13480BED13C238D2674B3AFAC47E6F71B2AE25B98","4DC4D29C8930A5EC06B6F4B13480BED13C238D2674B3AFAC47E6F71B2AE25B98","MATCH"
"day13\03_STM32_HAL_usart\Drivers\STM32F4xx_HAL_Driver\Inc\stm32f4xx_hal_exti.h","projects\08_HAL_AND_FIRMWARE_ARCHITECTURE\stm32-hal-usart\course\Drivers\STM32F4xx_HAL_Driver\Inc\stm32f4xx_hal_exti.h","15199","E786FC8C276267EC0650AB0FC5853B2CA63697131947321A4E7E7175554C3B04","E786FC8C276267EC0650AB0FC5853B2CA63697131947321A4E7E7175554C3B04","MATCH"
"day13\03_STM32_HAL_usart\Drivers\STM32F4xx_HAL_Driver\Inc\stm32f4xx_hal_flash_ex.h","projects\08_HAL_AND_FIRMWARE_ARCHITECTURE\stm32-hal-usart\course\Drivers\STM32F4xx_HAL_Driver\Inc\stm32f4xx_hal_flash_ex.h","65259","F34511EEC786510D75C096E33324648FC47D5F325666AC4CB724CACCFC5BC271","F34511EEC786510D75C096E33324648FC47D5F325666AC4CB724CACCFC5BC271","MATCH"
"day13\03_STM32_HAL_usart\Drivers\STM32F4xx_HAL_Driver\Inc\stm32f4xx_hal_flash_ramfunc.h","projects\08_HAL_AND_FIRMWARE_ARCHITECTURE\stm32-hal-usart\course\Drivers\STM32F4xx_HAL_Driver\Inc\stm32f4xx_hal_flash_ramfunc.h","2293","CD2D5AB9F93E7AC34846468450FEE989D47280D97AF99231D6E600E254F6C9CD","CD2D5AB9F93E7AC34846468450FEE989D47280D97AF99231D6E600E254F6C9CD","MATCH"
"day13\03_STM32_HAL_usart\Drivers\STM32F4xx_HAL_Driver\Inc\stm32f4xx_hal_flash.h","projects\08_HAL_AND_FIRMWARE_ARCHITECTURE\stm32-hal-usart\course\Drivers\STM32F4xx_HAL_Driver\Inc\stm32f4xx_hal_flash.h","14858","734543040B2E25B165C9087C36AF91FDA8EFDCFA8834440696384CD48F831E20","734543040B2E25B165C9087C36AF91FDA8EFDCFA8834440696384CD48F831E20","MATCH"
"day13\03_STM32_HAL_usart\Drivers\STM32F4xx_HAL_Driver\Inc\stm32f4xx_hal_gpio_ex.h","projects\08_HAL_AND_FIRMWARE_ARCHITECTURE\stm32-hal-usart\course\Drivers\STM32F4xx_HAL_Driver\Inc\stm32f4xx_hal_gpio_ex.h","82731","5963C4EA366CFD6DE3A91792A382DE6327D86542A6278592CC2B79E594C8AD91","5963C4EA366CFD6DE3A91792A382DE6327D86542A6278592CC2B79E594C8AD91","MATCH"
"day13\03_STM32_HAL_usart\Drivers\STM32F4xx_HAL_Driver\Inc\stm32f4xx_hal_gpio.h","projects\08_HAL_AND_FIRMWARE_ARCHITECTURE\stm32-hal-usart\course\Drivers\STM32F4xx_HAL_Driver\Inc\stm32f4xx_hal_gpio.h","14012","5829D91F2E060D30F5798DC71E4FEF5D7FFA7D99DA21E751EE03D527D664307F","5829D91F2E060D30F5798DC71E4FEF5D7FFA7D99DA21E751EE03D527D664307F","MATCH"
"day13\03_STM32_HAL_usart\Drivers\STM32F4xx_HAL_Driver\Inc\stm32f4xx_hal_pwr_ex.h","projects\08_HAL_AND_FIRMWARE_ARCHITECTURE\stm32-hal-usart\course\Drivers\STM32F4xx_HAL_Driver\Inc\stm32f4xx_hal_pwr_ex.h","16224","3F0CAC843ABD6C0AE3EF9A4EDC6353B6F96052F8D297BF8A474F23BDD9A1576B","3F0CAC843ABD6C0AE3EF9A4EDC6353B6F96052F8D297BF8A474F23BDD9A1576B","MATCH"
"day13\03_STM32_HAL_usart\Drivers\STM32F4xx_HAL_Driver\Inc\stm32f4xx_hal_pwr.h","projects\08_HAL_AND_FIRMWARE_ARCHITECTURE\stm32-hal-usart\course\Drivers\STM32F4xx_HAL_Driver\Inc\stm32f4xx_hal_pwr.h","14892","2A8A5905165B97971B44B5F0768E55ED30F28659D0BDF40DFC3E0EB9B1A34E1E","2A8A5905165B97971B44B5F0768E55ED30F28659D0BDF40DFC3E0EB9B1A34E1E","MATCH"
"day13\03_STM32_HAL_usart\Drivers\STM32F4xx_HAL_Driver\Inc\stm32f4xx_hal_rcc_ex.h","projects\08_HAL_AND_FIRMWARE_ARCHITECTURE\stm32-hal-usart\course\Drivers\STM32F4xx_HAL_Driver\Inc\stm32f4xx_hal_rcc_ex.h","444884","00F9D7965F6943C0BD11558A44C1BCD20E6F18183F0BBE4D53F51FB1CCE95691","00F9D7965F6943C0BD11558A44C1BCD20E6F18183F0BBE4D53F51FB1CCE95691","MATCH"
"day13\03_STM32_HAL_usart\Drivers\STM32F4xx_HAL_Driver\Inc\stm32f4xx_hal_rcc.h","projects\08_HAL_AND_FIRMWARE_ARCHITECTURE\stm32-hal-usart\course\Drivers\STM32F4xx_HAL_Driver\Inc\stm32f4xx_hal_rcc.h","74904","4E7BD94E6E692F43FB87E1969C305CF299BD48B1062C69256508DA0BB4D0426C","4E7BD94E6E692F43FB87E1969C305CF299BD48B1062C69256508DA0BB4D0426C","MATCH"
"day13\03_STM32_HAL_usart\Drivers\STM32F4xx_HAL_Driver\Inc\stm32f4xx_hal_tim_ex.h","projects\08_HAL_AND_FIRMWARE_ARCHITECTURE\stm32-hal-usart\course\Drivers\STM32F4xx_HAL_Driver\Inc\stm32f4xx_hal_tim_ex.h","16935","7DB25BA17F4806CAFE1AB73F420A1FCB179CBE3E9D5CEB673A3FB8ECA22189B8","7DB25BA17F4806CAFE1AB73F420A1FCB179CBE3E9D5CEB673A3FB8ECA22189B8","MATCH"
"day13\03_STM32_HAL_usart\Drivers\STM32F4xx_HAL_Driver\Inc\stm32f4xx_hal_tim.h","projects\08_HAL_AND_FIRMWARE_ARCHITECTURE\stm32-hal-usart\course\Drivers\STM32F4xx_HAL_Driver\Inc\stm32f4xx_hal_tim.h","125125","6685F8EFC3B0670D8231176871E8D0205A1E197EC413580DD729DEC50BC843E6","6685F8EFC3B0670D8231176871E8D0205A1E197EC413580DD729DEC50BC843E6","MATCH"
"day13\03_STM32_HAL_usart\Drivers\STM32F4xx_HAL_Driver\Inc\stm32f4xx_hal_uart.h","projects\08_HAL_AND_FIRMWARE_ARCHITECTURE\stm32-hal-usart\course\Drivers\STM32F4xx_HAL_Driver\Inc\stm32f4xx_hal_uart.h","46436","5D79BF1566C0767F1985FCD106412D6CD4BDECAD978AA8A5B2995320191C8040","5D79BF1566C0767F1985FCD106412D6CD4BDECAD978AA8A5B2995320191C8040","MATCH"
"day13\03_STM32_HAL_usart\Drivers\STM32F4xx_HAL_Driver\Inc\stm32f4xx_hal.h","projects\08_HAL_AND_FIRMWARE_ARCHITECTURE\stm32-hal-usart\course\Drivers\STM32F4xx_HAL_Driver\Inc\stm32f4xx_hal.h","12980","78F46C52267D3BB7A68349FBF02ECD9F6E2E375E3FEB80AC0829A870BDDCD514","78F46C52267D3BB7A68349FBF02ECD9F6E2E375E3FEB80AC0829A870BDDCD514","MATCH"
"day13\03_STM32_HAL_usart\Drivers\STM32F4xx_HAL_Driver\Inc\stm32f4xx_ll_bus.h","projects\08_HAL_AND_FIRMWARE_ARCHITECTURE\stm32-hal-usart\course\Drivers\STM32F4xx_HAL_Driver\Inc\stm32f4xx_ll_bus.h","101909","D237F4A55FF8221BABEF14237CEA628055F2E5E227ABF308B2DF56A4C6AA167A","D237F4A55FF8221BABEF14237CEA628055F2E5E227ABF308B2DF56A4C6AA167A","MATCH"
"day13\03_STM32_HAL_usart\Drivers\STM32F4xx_HAL_Driver\Inc\stm32f4xx_ll_cortex.h","projects\08_HAL_AND_FIRMWARE_ARCHITECTURE\stm32-hal-usart\course\Drivers\STM32F4xx_HAL_Driver\Inc\stm32f4xx_ll_cortex.h","24946","27AF4FB7B3ACB41A677A02C6C807EAC3BA5D7CF3857C2E4A74DE499742313FD1","27AF4FB7B3ACB41A677A02C6C807EAC3BA5D7CF3857C2E4A74DE499742313FD1","MATCH"
"day13\03_STM32_HAL_usart\Drivers\STM32F4xx_HAL_Driver\Inc\stm32f4xx_ll_dma.h","projects\08_HAL_AND_FIRMWARE_ARCHITECTURE\stm32-hal-usart\course\Drivers\STM32F4xx_HAL_Driver\Inc\stm32f4xx_ll_dma.h","109906","F086BA919DBF5C98FBA89317BCBD239FE1B647167CBAA810CE2DD02302AE8EB3","F086BA919DBF5C98FBA89317BCBD239FE1B647167CBAA810CE2DD02302AE8EB3","MATCH"
"day13\03_STM32_HAL_usart\Drivers\STM32F4xx_HAL_Driver\Inc\stm32f4xx_ll_exti.h","projects\08_HAL_AND_FIRMWARE_ARCHITECTURE\stm32-hal-usart\course\Drivers\STM32F4xx_HAL_Driver\Inc\stm32f4xx_ll_exti.h","35019","96329E1FC07EA1D7DB3A7970AF4D97A5172E29CF9BE5E7A45B7A011C960A33B9","96329E1FC07EA1D7DB3A7970AF4D97A5172E29CF9BE5E7A45B7A011C960A33B9","MATCH"
"day13\03_STM32_HAL_usart\Drivers\STM32F4xx_HAL_Driver\Inc\stm32f4xx_ll_gpio.h","projects\08_HAL_AND_FIRMWARE_ARCHITECTURE\stm32-hal-usart\course\Drivers\STM32F4xx_HAL_Driver\Inc\stm32f4xx_ll_gpio.h","38426","B874A353F6075B18A7B352F8EAC77497C32EFF162EC0005BE4C75346FDFF3908","B874A353F6075B18A7B352F8EAC77497C32EFF162EC0005BE4C75346FDFF3908","MATCH"
"day13\03_STM32_HAL_usart\Drivers\STM32F4xx_HAL_Driver\Inc\stm32f4xx_ll_pwr.h","projects\08_HAL_AND_FIRMWARE_ARCHITECTURE\stm32-hal-usart\course\Drivers\STM32F4xx_HAL_Driver\Inc\stm32f4xx_ll_pwr.h","32524","187DEC9842B95CF7F2A448BBB7A2C1B98AC8C8D0EA69D68CBCD5B05C4EAEB6B9","187DEC9842B95CF7F2A448BBB7A2C1B98AC8C8D0EA69D68CBCD5B05C4EAEB6B9","MATCH"
"day13\03_STM32_HAL_usart\Drivers\STM32F4xx_HAL_Driver\Inc\stm32f4xx_ll_rcc.h","projects\08_HAL_AND_FIRMWARE_ARCHITECTURE\stm32-hal-usart\course\Drivers\STM32F4xx_HAL_Driver\Inc\stm32f4xx_ll_rcc.h","348202","ECE5BA9AA627B04045437232BB332D1777D92F361DE9609C5D65290A425A9E41","ECE5BA9AA627B04045437232BB332D1777D92F361DE9609C5D65290A425A9E41","MATCH"
"day13\03_STM32_HAL_usart\Drivers\STM32F4xx_HAL_Driver\Inc\stm32f4xx_ll_system.h","projects\08_HAL_AND_FIRMWARE_ARCHITECTURE\stm32-hal-usart\course\Drivers\STM32F4xx_HAL_Driver\Inc\stm32f4xx_ll_system.h","72383","FEF5EA5A5BFB7F2C4059FB2C1262D884F0F25B379A3A982DDEFD81C50ED5CD89","FEF5EA5A5BFB7F2C4059FB2C1262D884F0F25B379A3A982DDEFD81C50ED5CD89","MATCH"
"day13\03_STM32_HAL_usart\Drivers\STM32F4xx_HAL_Driver\Inc\stm32f4xx_ll_usart.h","projects\08_HAL_AND_FIRMWARE_ARCHITECTURE\stm32-hal-usart\course\Drivers\STM32F4xx_HAL_Driver\Inc\stm32f4xx_ll_usart.h","100138","7C20FF842F7840D8D5B177D1283A5CFF886E3DE9CF0296E188EE196E3259506D","7C20FF842F7840D8D5B177D1283A5CFF886E3DE9CF0296E188EE196E3259506D","MATCH"
"day13\03_STM32_HAL_usart\Drivers\STM32F4xx_HAL_Driver\Inc\stm32f4xx_ll_utils.h","projects\08_HAL_AND_FIRMWARE_ARCHITECTURE\stm32-hal-usart\course\Drivers\STM32F4xx_HAL_Driver\Inc\stm32f4xx_ll_utils.h","10941","541DA4AC68D22E174CA4A038240F8DA3024B29CDF33ED0F9C9AF82159239FACC","541DA4AC68D22E174CA4A038240F8DA3024B29CDF33ED0F9C9AF82159239FACC","MATCH"
"day13\03_STM32_HAL_usart\Drivers\STM32F4xx_HAL_Driver\LICENSE.txt","projects\08_HAL_AND_FIRMWARE_ARCHITECTURE\stm32-hal-usart\course\Drivers\STM32F4xx_HAL_Driver\LICENSE.txt","383","BDC7B0F98DB4846279336431024C49A01D578A2EA1D19EC68797BBE33E718D2D","BDC7B0F98DB4846279336431024C49A01D578A2EA1D19EC68797BBE33E718D2D","MATCH"
"day13\03_STM32_HAL_usart\Drivers\STM32F4xx_HAL_Driver\Src\stm32f4xx_hal_cortex.c","projects\08_HAL_AND_FIRMWARE_ARCHITECTURE\stm32-hal-usart\course\Drivers\STM32F4xx_HAL_Driver\Src\stm32f4xx_hal_cortex.c","19301","2CC9C6492C0F4F57E48EEF8C84C42B227914645E0F3E865D104FE329F47BF8BE","2CC9C6492C0F4F57E48EEF8C84C42B227914645E0F3E865D104FE329F47BF8BE","MATCH"
"day13\03_STM32_HAL_usart\Drivers\STM32F4xx_HAL_Driver\Src\stm32f4xx_hal_dma_ex.c","projects\08_HAL_AND_FIRMWARE_ARCHITECTURE\stm32-hal-usart\course\Drivers\STM32F4xx_HAL_Driver\Src\stm32f4xx_hal_dma_ex.c","10587","000253CEC2E4C9E0678ADD30A7B01F854B27F4271CD3124F43023B993EEC54EA","000253CEC2E4C9E0678ADD30A7B01F854B27F4271CD3124F43023B993EEC54EA","MATCH"
"day13\03_STM32_HAL_usart\Drivers\STM32F4xx_HAL_Driver\Src\stm32f4xx_hal_dma.c","projects\08_HAL_AND_FIRMWARE_ARCHITECTURE\stm32-hal-usart\course\Drivers\STM32F4xx_HAL_Driver\Src\stm32f4xx_hal_dma.c","40830","F3DA7DC31942B79A88349C7F7DD38F6B586656B47C6FC78C8283925176368763","F3DA7DC31942B79A88349C7F7DD38F6B586656B47C6FC78C8283925176368763","MATCH"
"day13\03_STM32_HAL_usart\Drivers\STM32F4xx_HAL_Driver\Src\stm32f4xx_hal_exti.c","projects\08_HAL_AND_FIRMWARE_ARCHITECTURE\stm32-hal-usart\course\Drivers\STM32F4xx_HAL_Driver\Src\stm32f4xx_hal_exti.c","15475","B06EA7837BAC5A06CAD4627E6048D5D7BF9D6D8BFB66A2F78BFBF526B2E5620F","B06EA7837BAC5A06CAD4627E6048D5D7BF9D6D8BFB66A2F78BFBF526B2E5620F","MATCH"
"day13\03_STM32_HAL_usart\Drivers\STM32F4xx_HAL_Driver\Src\stm32f4xx_hal_flash_ex.c","projects\08_HAL_AND_FIRMWARE_ARCHITECTURE\stm32-hal-usart\course\Drivers\STM32F4xx_HAL_Driver\Src\stm32f4xx_hal_flash_ex.c","51251","EC7F19883964D7FED5005E24611DB97D5AD2DBDC5B63851E2587533E72CB632A","EC7F19883964D7FED5005E24611DB97D5AD2DBDC5B63851E2587533E72CB632A","MATCH"
"day13\03_STM32_HAL_usart\Drivers\STM32F4xx_HAL_Driver\Src\stm32f4xx_hal_flash_ramfunc.c","projects\08_HAL_AND_FIRMWARE_ARCHITECTURE\stm32-hal-usart\course\Drivers\STM32F4xx_HAL_Driver\Src\stm32f4xx_hal_flash_ramfunc.c","6199","2C33420EAB6AED3919241162D10B8AE21EC062D2904A4CEB7F9FBDCEFABED147","2C33420EAB6AED3919241162D10B8AE21EC062D2904A4CEB7F9FBDCEFABED147","MATCH"
"day13\03_STM32_HAL_usart\Drivers\STM32F4xx_HAL_Driver\Src\stm32f4xx_hal_flash.c","projects\08_HAL_AND_FIRMWARE_ARCHITECTURE\stm32-hal-usart\course\Drivers\STM32F4xx_HAL_Driver\Src\stm32f4xx_hal_flash.c","24788","05DE175A6754EBF6CAF91651DE750EE8CF05FE0549ADC5E0573050B0F855D4EA","05DE175A6754EBF6CAF91651DE750EE8CF05FE0549ADC5E0573050B0F855D4EA","MATCH"
"day13\03_STM32_HAL_usart\Drivers\STM32F4xx_HAL_Driver\Src\stm32f4xx_hal_gpio.c","projects\08_HAL_AND_FIRMWARE_ARCHITECTURE\stm32-hal-usart\course\Drivers\STM32F4xx_HAL_Driver\Src\stm32f4xx_hal_gpio.c","19377","72D8F3CB23A396CDBF9183C5CEA2A0C00CFA0336DEF3736652480C4491F38788","72D8F3CB23A396CDBF9183C5CEA2A0C00CFA0336DEF3736652480C4491F38788","MATCH"
"day13\03_STM32_HAL_usart\Drivers\STM32F4xx_HAL_Driver\Src\stm32f4xx_hal_pwr_ex.c","projects\08_HAL_AND_FIRMWARE_ARCHITECTURE\stm32-hal-usart\course\Drivers\STM32F4xx_HAL_Driver\Src\stm32f4xx_hal_pwr_ex.c","23373","FC8A26AD3A0F8359817C1B08C68AF50B9F7905A69C44E4599225EAA53A66E856","FC8A26AD3A0F8359817C1B08C68AF50B9F7905A69C44E4599225EAA53A66E856","MATCH"
"day13\03_STM32_HAL_usart\Drivers\STM32F4xx_HAL_Driver\Src\stm32f4xx_hal_pwr.c","projects\08_HAL_AND_FIRMWARE_ARCHITECTURE\stm32-hal-usart\course\Drivers\STM32F4xx_HAL_Driver\Src\stm32f4xx_hal_pwr.c","22582","89EA9BA1D4D0D40B21A7094935BFB8CE2A9B90DF4D742F5D04A51E1D7BBC8D68","89EA9BA1D4D0D40B21A7094935BFB8CE2A9B90DF4D742F5D04A51E1D7BBC8D68","MATCH"
"day13\03_STM32_HAL_usart\Drivers\STM32F4xx_HAL_Driver\Src\stm32f4xx_hal_rcc_ex.c","projects\08_HAL_AND_FIRMWARE_ARCHITECTURE\stm32-hal-usart\course\Drivers\STM32F4xx_HAL_Driver\Src\stm32f4xx_hal_rcc_ex.c","159466","6B284323FFD5286E10B90DD7E2D9E8A0D222C43A966D636A1D5ED47B19CCD07B","6B284323FFD5286E10B90DD7E2D9E8A0D222C43A966D636A1D5ED47B19CCD07B","MATCH"
"day13\03_STM32_HAL_usart\Drivers\STM32F4xx_HAL_Driver\Src\stm32f4xx_hal_rcc.c","projects\08_HAL_AND_FIRMWARE_ARCHITECTURE\stm32-hal-usart\course\Drivers\STM32F4xx_HAL_Driver\Src\stm32f4xx_hal_rcc.c","43467","08B83E2E595AB1835BBDB50DF69418A71C63C3C9D5F7C993F1775FA33C5BFE25","08B83E2E595AB1835BBDB50DF69418A71C63C3C9D5F7C993F1775FA33C5BFE25","MATCH"
"day13\03_STM32_HAL_usart\Drivers\STM32F4xx_HAL_Driver\Src\stm32f4xx_hal_tim_ex.c","projects\08_HAL_AND_FIRMWARE_ARCHITECTURE\stm32-hal-usart\course\Drivers\STM32F4xx_HAL_Driver\Src\stm32f4xx_hal_tim_ex.c","84008","B3F85B80ECCC5B00F5DF119711C5DC8B93F7D297490A951AA600A971D28D6F6E","B3F85B80ECCC5B00F5DF119711C5DC8B93F7D297490A951AA600A971D28D6F6E","MATCH"
"day13\03_STM32_HAL_usart\Drivers\STM32F4xx_HAL_Driver\Src\stm32f4xx_hal_tim.c","projects\08_HAL_AND_FIRMWARE_ARCHITECTURE\stm32-hal-usart\course\Drivers\STM32F4xx_HAL_Driver\Src\stm32f4xx_hal_tim.c","251804","7DC188B13A858B671B79684859AE6A5C6CF7716A9591744818209E6679E4A5CF","7DC188B13A858B671B79684859AE6A5C6CF7716A9591744818209E6679E4A5CF","MATCH"
"day13\03_STM32_HAL_usart\Drivers\STM32F4xx_HAL_Driver\Src\stm32f4xx_hal_uart.c","projects\08_HAL_AND_FIRMWARE_ARCHITECTURE\stm32-hal-usart\course\Drivers\STM32F4xx_HAL_Driver\Src\stm32f4xx_hal_uart.c","139424","9F59720F39849977A09570260EDFD63F089C8F723D836E4BBF8B7769D8A91C1D","9F59720F39849977A09570260EDFD63F089C8F723D836E4BBF8B7769D8A91C1D","MATCH"
"day13\03_STM32_HAL_usart\Drivers\STM32F4xx_HAL_Driver\Src\stm32f4xx_hal.c","projects\08_HAL_AND_FIRMWARE_ARCHITECTURE\stm32-hal-usart\course\Drivers\STM32F4xx_HAL_Driver\Src\stm32f4xx_hal.c","19804","51494455BC1C0E6F8A1529F2C9620DB73BF24758AF4523B2B71A8AB494FD406C","51494455BC1C0E6F8A1529F2C9620DB73BF24758AF4523B2B71A8AB494FD406C","MATCH"
"day13\03_STM32_HAL_usart\MDK-ARM\03_STM32_HAL_usart.uvprojx","projects\08_HAL_AND_FIRMWARE_ARCHITECTURE\stm32-hal-usart\course\MDK-ARM\03_STM32_HAL_usart.uvprojx","20059","E86AE61C743703245C088B946E7A1F433E3F3F61DE6013704B3AC21F06FA7032","E86AE61C743703245C088B946E7A1F433E3F3F61DE6013704B3AC21F06FA7032","MATCH"
"day13\03_STM32_HAL_usart\MDK-ARM\03_STM32_HAL_usart\03_STM32_HAL_usart.sct","projects\08_HAL_AND_FIRMWARE_ARCHITECTURE\stm32-hal-usart\course\MDK-ARM\03_STM32_HAL_usart\03_STM32_HAL_usart.sct","494","F87CA14645873E589EF5A3F63FE499879F3447467522E5122501B845C22586F7","F87CA14645873E589EF5A3F63FE499879F3447467522E5122501B845C22586F7","MATCH"
"day13\03_STM32_HAL_usart\MDK-ARM\RTE\_03_STM32_HAL_usart\RTE_Components.h","projects\08_HAL_AND_FIRMWARE_ARCHITECTURE\stm32-hal-usart\course\MDK-ARM\RTE\_03_STM32_HAL_usart\RTE_Components.h","338","6B17E11463591492C3FAB8E6F2878D302A824130E1CF06D9CBAF77DCFABEF00B","6B17E11463591492C3FAB8E6F2878D302A824130E1CF06D9CBAF77DCFABEF00B","MATCH"
"day13\03_STM32_HAL_usart\MDK-ARM\startup_stm32f407xx.s","projects\08_HAL_AND_FIRMWARE_ARCHITECTURE\stm32-hal-usart\course\MDK-ARM\startup_stm32f407xx.s","28816","77B28AFAA17D3BD31B983055DCFFC57BA475945EB499A453876E2762DAC1D6BA","77B28AFAA17D3BD31B983055DCFFC57BA475945EB499A453876E2762DAC1D6BA","MATCH"
